MaCK,Ngay,GiaMoCua,GiaCaoNhat,GiaThapNhat,GiaDongCua,KhoiLuongGD,GiaTran,GiaSan,GiaThamChieu,TangGiam,%,GDThoaThuan,NNMua,NNBan
VNM,1/19/2006,53,53,53,53,109350,0,0,0,53,0,0,0,0
VNM,1/20/2006,55,55,54,54,157840,55.5,50.5,53,1,1.89,0,0,0
VNM,1/23/2006,54,54,52.5,52.5,81400,56.5,51.5,54,-1.5,-2.78,0,0,0
VNM,1/24/2006,52.5,52.5,52,52,66000,184,168,52.5,-0.5,-0.95,0,0,0
VNM,1/25/2006,52,53,52,53,57220,54.5,49.4,52,1,1.92,0,0,0
VNM,1/26/2006,53.5,53.5,53.5,53.5,18750,55.5,50.5,53,0.5,0.94,0,0,0
VNM,1/27/2006,53,53,53,53,25630,56,51,53.5,-0.5,-0.93,0,0,0
VNM,2/6/2006,53,53,53,53,25190,55.5,50.5,53,0,0,0,0,0
VNM,2/7/2006,54,54,54,54,138720,55.5,50.5,53,1,1.89,0,0,0
VNM,2/8/2006,55,55,55,55,159300,56.5,51.5,54,1,1.85,0,0,0
VNM,2/9/2006,55,55,55,55,153580,57.5,52.5,55,0,0,0,0,0
VNM,2/10/2006,54,55,54,55,128650,57.5,52.5,55,0,0,0,0,0
VNM,2/13/2006,55,55,55,55,153670,57.5,52.5,55,0,0,0,0,0
VNM,2/14/2006,55,55,55,55,113260,57.5,52.5,55,0,0,0,0,0
VNM,2/15/2006,55,55,54.5,54.5,132600,57.5,52.5,55,-0.5,-0.91,0,0,0
VNM,2/16/2006,55,55,55,55,184290,57,52,54.5,0.5,0.92,0,0,0
VNM,2/17/2006,56,57.5,56,57.5,128090,57.5,52.5,55,2.5,4.55,0,0,0
VNM,2/20/2006,60,60,60,60,62050,60,55,57.5,2.5,4.35,0,0,0
VNM,2/21/2006,63,63,63,63,101970,63,57,60,3,5,0,0,0
VNM,2/22/2006,65,65,63,63,264890,66,60,63,0,0,0,0,0
VNM,2/23/2006,64,64,64,64,130490,66,60,63,1,1.59,0,0,0
VNM,2/24/2006,64.5,64.5,64.5,64.5,90480,184,168,64,0.5,0.78,0,0,0
VNM,2/27/2006,65,65.5,65,65.5,162140,67.5,61.5,64.5,1,1.55,0,0,0
VNM,2/28/2006,66,68.5,66,68.5,164820,68.5,62.5,65.5,3,4.58,0,0,0
VNM,3/1/2006,71.5,71.5,71,71,164480,71.5,65.5,68.5,2.5,3.65,0,0,0
VNM,3/2/2006,71.5,72,71.5,72,222520,74.5,67.5,71,1,1.41,0,0,0
VNM,3/3/2006,71,71,68.5,68.5,227880,75.5,68.5,72,-3.5,-4.86,0,0,0
VNM,3/6/2006,68,70,68,70,200050,71.5,65.5,68.5,1.5,2.19,0,0,0
VNM,3/7/2006,70,70,70,70,129210,73.5,66.5,70,0,0,0,0,0
VNM,3/8/2006,69,69,68,68,163660,73.5,66.5,70,-2,-2.86,0,0,0
VNM,3/9/2006,69,69,68.5,68.5,206310,71,65,68,0.5,0.74,0,0,0
VNM,3/10/2006,69,69,68.5,68.5,125760,71.5,65.5,68.5,0,0,0,0,0
VNM,3/13/2006,70,70,70,70,257130,71.5,65.5,68.5,1.5,2.19,0,0,0
VNM,3/14/2006,70.5,71,70.5,71,223540,73.5,66.5,70,1,1.43,0,0,0
VNM,3/15/2006,71,71,69,69,201720,74.5,67.5,71,-2,-2.82,0,0,0
VNM,3/16/2006,71,71,70,70,171110,72,66,69,1,1.45,0,0,0
VNM,3/17/2006,70,71,70,71,189800,73.5,66.5,70,1,1.43,0,0,0
VNM,3/20/2006,71,72,71,72,320020,74.5,67.5,71,1,1.41,0,0,0
VNM,3/21/2006,73,73.5,73,73.5,266040,75.5,68.5,72,1.5,2.08,0,0,0
VNM,3/22/2006,75,75,73.5,73.5,173010,77,70,73.5,0,0,0,0,0
VNM,3/23/2006,74,74.5,74,74.5,181330,77,70,73.5,1,1.36,0,0,0
VNM,3/24/2006,74.5,74.5,74,74,137520,78,71,74.5,-0.5,-0.67,0,0,0
VNM,3/27/2006,74.5,74.5,74.5,74.5,167410,77.5,70.5,74,0.5,0.68,0,0,0
VNM,3/28/2006,74.5,74.5,74.5,74.5,130790,78,71,74.5,0,0,0,0,0
VNM,3/29/2006,75,76.5,75,76.5,284640,78,71,74.5,2,2.68,0,0,0
VNM,3/30/2006,80,80,80,80,184200,80,73,76.5,3.5,4.58,0,0,0
VNM,3/31/2006,82,82,81,81,171770,84,76,80,1,1.25,0,0,0
VNM,4/3/2006,84,85,84,85,259620,85,77,81,4,4.94,0,0,0
VNM,4/4/2006,88,88,81,81,242500,89,81,85,-4,-4.71,0,0,0
VNM,4/5/2006,85,85,85,85,191790,85,77,81,4,4.94,0,0,0
VNM,4/6/2006,87,87,87,87,234410,89,81,85,2,2.35,0,0,0
VNM,4/7/2006,89,90,89,90,276750,91,83,87,3,3.45,0,0,0
VNM,4/10/2006,91.5,91.5,89,89,190930,94.5,85.5,90,-1,-1.11,0,0,0
VNM,4/11/2006,88,88,86.5,86.5,152780,93,85,89,-2.5,-2.81,0,0,0
VNM,4/12/2006,88,89,88,89,134540,90.5,82.5,86.5,2.5,2.89,0,0,0
VNM,4/13/2006,90,91,90,91,182010,93,85,89,2,2.25,0,0,0
VNM,4/14/2006,91,91,90,90,135270,95.5,86.5,91,-1,-1.1,0,0,0
VNM,4/17/2006,90,90,90,90,162080,94.5,85.5,90,0,0,0,0,0
VNM,4/18/2006,91,91,91,91,183230,94.5,85.5,90,1,1.11,0,0,0
VNM,4/19/2006,92,92,91,91,195960,95.5,86.5,91,0,0,0,0,0
VNM,4/20/2006,91,91,91,91,130410,95.5,86.5,91,0,0,0,0,0
VNM,4/21/2006,95.5,95.5,95.5,95.5,378460,95.5,86.5,91,4.5,4.95,0,0,0
VNM,4/24/2006,100,100,100,100,202190,100,91,95.5,4.5,4.71,0,0,0
VNM,4/25/2006,104,104,102,102,387490,105,95,100,2,2,0,0,0
VNM,4/26/2006,98,98,98,98,282180,107,97,102,-4,-3.92,0,0,0
VNM,4/27/2006,98,98,93.5,93.5,371490,102,93.5,98,-4.5,-4.59,0,0,0
VNM,4/28/2006,93,93.5,93,93.5,420830,98,89,93.5,0,0,0,0,0
VNM,5/3/2006,97,97,97,97,132570,98,89,93.5,3.5,3.74,0,0,0
VNM,5/4/2006,96,96,95,95,217800,101,92.5,97,-2,-2.06,0,0,0
VNM,5/5/2006,95,95,93,93,272950,99.5,90.5,95,-2,-2.11,0,0,0
VNM,5/8/2006,93,93,90,90,217830,97.5,88.5,93,-3,-3.23,0,0,0
VNM,5/9/2006,85.5,85.5,85.5,85.5,421900,94.5,85.5,90,-4.5,-5,0,0,0
VNM,5/10/2006,81.5,81.5,81.5,81.5,360820,89.5,81.5,85.5,-4,-4.68,0,0,0
VNM,5/11/2006,85.5,85.5,85.5,85.5,393040,85.5,77.5,81.5,4,4.91,0,0,0
VNM,5/12/2006,89.5,89.5,89.5,89.5,60420,89.5,81.5,85.5,4,4.68,0,0,0
VNM,5/15/2006,93.5,93.5,93.5,93.5,133080,93.5,85.5,89.5,4,4.47,0,0,0
VNM,5/16/2006,91,91,89,89,340760,98,89,93.5,-4.5,-4.81,0,0,0
VNM,5/17/2006,91,91,90.5,90.5,191180,93,85,89,1.5,1.69,0,0,0
VNM,5/18/2006,89.5,89.5,89.5,89.5,112310,95,86,90.5,-1,-1.1,0,0,0
VNM,5/19/2006,88,89,88,89,137010,93.5,85.5,89.5,-0.5,-0.56,0,0,0
VNM,5/22/2006,89,89,88,88,122780,93,85,89,-1,-1.12,0,0,0
VNM,5/23/2006,86,86,86,86,122020,92,84,88,-2,-2.27,0,0,0
VNM,5/24/2006,88,90,88,90,122100,90,82,86,4,4.65,0,0,0
VNM,5/25/2006,88,88,87,87,127620,94.5,85.5,90,-3,-3.33,0,0,0
VNM,5/26/2006,88,88,88,88,105180,91,83,87,1,1.15,0,0,0
VNM,5/29/2006,87,87,87,87,105830,92,84,88,-1,-1.14,0,0,0
VNM,5/30/2006,86,86,86,86,227310,91,83,87,-1,-1.15,0,0,0
VNM,5/31/2006,88,89,88,89,196540,90,82,86,3,3.49,0,0,0
VNM,6/1/2006,89,89,88,88,61330,93,85,89,-1,-1.12,0,0,0
VNM,6/2/2006,88,88,88,88,63670,92,84,88,0,0,0,0,0
VNM,6/5/2006,89,89,89,89,90560,92,84,88,1,1.14,0,0,0
VNM,6/6/2006,89.5,89.5,89,89,117690,93,85,89,0,0,0,0,0
VNM,6/7/2006,88.5,88.5,88,88,67020,93,85,89,-1,-1.12,0,0,0
VNM,6/8/2006,88,88.5,88,88.5,70020,92,84,88,0.5,0.57,0,0,0
VNM,6/9/2006,89.5,89.5,89,89,140600,92.5,84.5,88.5,0.5,0.56,0,0,0
VNM,6/12/2006,88,88,88,88,29670,93,85,89,-1,-1.12,0,0,0
VNM,6/13/2006,88,88,87.5,87.5,85330,92,84,88,-0.5,-0.57,0,0,0
VNM,6/14/2006,87.5,87.5,87,87,62490,91.5,83.5,87.5,-0.5,-0.57,0,0,0
VNM,6/15/2006,86.5,86.5,86.5,86.5,54860,91,83,87,-0.5,-0.57,0,0,0
VNM,6/16/2006,85,85,84,84,215160,90.5,82.5,86.5,-2.5,-2.89,0,0,0
VNM,6/19/2006,83.5,83.5,83,83,107900,88,80,84,-1,-1.19,0,0,0
VNM,6/20/2006,82.5,82.5,80,80,143160,87,79,83,-3,-3.61,0,0,0
VNM,6/21/2006,78,78,77,77,590790,84,76,80,-3,-3.75,0,0,0
VNM,6/22/2006,80,80.5,80,80.5,195510,80.5,73.5,77,3.5,4.55,0,0,0
VNM,6/23/2006,81.5,81.5,80,80.5,168260,84.5,76.5,80.5,0,0,0,0,0
VNM,6/26/2006,79.5,80,79.5,79.5,105820,84.5,76.5,80.5,-1,-1.24,0,0,0
VNM,6/27/2006,78.5,79,78.5,79,134560,83,76,79.5,-0.5,-0.63,0,0,0
VNM,6/28/2006,79,80,79,80,93070,82.5,75.5,78.1,1.9,2.43,0,0,0
VNM,6/29/2006,80,81,80,81,178890,84,76,80,1,1.25,0,0,0
VNM,6/30/2006,81,81,80.5,81,364050,85,77,81,0,0,0,0,0
VNM,7/3/2006,80,80.5,80,80,53410,85,77,81,-1,-1.23,0,1200,0
VNM,7/4/2006,79.5,79.5,79,79,55320,84,76,80,-1,-1.25,0,10010,0
VNM,7/5/2006,79,79,79,79,38160,82.5,75.5,79,0,0,0,2700,0
VNM,7/6/2006,78.5,80,78.5,80,43990,82.5,75.5,79,1,1.27,0,0,4000
VNM,7/7/2006,80,80,80,80,61580,84,76,80,0,0,0,1700,4350
VNM,7/10/2006,80,80,79,79,50220,84,76,80,-1,-1.25,0,1910,0
VNM,7/11/2006,79,79.5,79,79,74950,82.5,75.5,79,0,0,0,20,200
VNM,7/12/2006,79,79,78.5,78.5,55640,82.5,75.5,79,-0.5,-0.63,0,750,0
VNM,7/13/2006,78.5,78.5,78,78.5,68140,82,75,78.5,0,0,0,120,0
VNM,7/14/2006,78.5,78.5,78.5,78.5,43290,82,75,78.5,0,0,0,200,0
VNM,7/17/2006,76,77,76,77,49640,82,75,78.5,-1.5,-1.91,0,710,800
VNM,7/18/2006,77,77,75.5,75.5,65390,80.5,73.5,77,-1.5,-1.95,0,490,0
VNM,7/19/2006,74.5,74.5,72.5,72.5,170020,79,72,75.5,-3,-3.97,0,490,20
VNM,7/20/2006,72,76,72,76,137880,76,69,72.5,3.5,4.83,0,50250,0
VNM,7/21/2006,76.5,76.5,74,74,109890,79.5,72.5,76,-2,-2.63,0,600,0
VNM,7/24/2006,72.5,73,72.5,72.5,121480,77.5,70.5,74,-1.5,-2.03,0,50300,0
VNM,7/25/2006,70.5,70.5,69,69,224750,76,69,72.5,-3.5,-4.83,0,62410,0
VNM,7/26/2006,68.5,70,68.5,69,125710,72,66,69,0,0,0,6750,2650
VNM,7/27/2006,69,70,69,70,123040,72,66,69,1,1.45,0,24660,0
VNM,7/28/2006,70,70,70,70,117800,73,67,70,0,0,0,730,0
VNM,7/31/2006,70,70,67.5,67.5,92100,73,67,70,-2.5,-3.57,0,2730,0
VNM,8/1/2006,66,66,65,65,161900,70.5,64.5,67.5,-2.5,-3.7,0,54000,8200
VNM,8/2/2006,62.5,66,62.5,66,135090,68,62,65,1,1.54,0,14350,0
VNM,8/3/2006,67.5,69,67.5,69,122010,69,63,66,3,4.55,0,5000,1000
VNM,8/4/2006,72,72,72,72,231190,72,66,69,3,4.35,0,1030,5000
VNM,8/7/2006,72,72,69.5,69.5,152230,75.5,68.5,72,-2.5,-3.47,0,30860,0
VNM,8/8/2006,71,72,71,72,136030,72.5,66.5,69.5,2.5,3.6,0,0,10000
VNM,8/9/2006,72.5,73,72.5,72.5,135820,75.5,68.5,72,0.5,0.69,0,20000,0
VNM,8/10/2006,72,72.5,72,72.5,69590,76,69,72.5,0,0,0,0,0
VNM,8/11/2006,73,74,73,74,115900,76,69,72.5,1.5,2.07,0,4380,9000
VNM,8/14/2006,76.5,77.5,76.5,77.5,178860,77.5,70.5,74,3.5,4.73,0,19600,9300
VNM,8/15/2006,78,78,77.5,77.5,203640,81,74,77.5,0,0,0,60000,10
VNM,8/16/2006,79,81,79,81,316830,81,74,77.5,3.5,4.52,0,117900,9000
VNM,8/17/2006,83.5,83.5,83,83,349110,85,77,81,2,2.47,0,288100,9000
VNM,8/18/2006,83,83,83,83,414570,87,79,83,0,0,0,270000,72100
VNM,8/21/2006,83,83,82.5,82.5,146890,87,79,83,-0.5,-0.6,0,10350,19820
VNM,8/22/2006,81,81,80.5,80.5,326890,86.5,78.5,82.5,-2,-2.42,0,166280,0
VNM,8/23/2006,80,81.5,80,81.5,130680,184,168,80.5,1,1.24,0,10200,0
VNM,8/24/2006,82,82.5,81.5,81.5,90080,85.5,77.5,81.5,0,0,0,11300,0
VNM,8/25/2006,81,81,81,81,92150,85.5,77.5,81.5,-0.5,-0.61,0,32590,9000
VNM,8/28/2006,80.5,82,80.5,82,70440,85,77,81,1,1.23,0,2000,0
VNM,8/29/2006,82.5,82.5,82,82.5,114240,86,78,82,0.5,0.61,0,67090,1100
VNM,8/30/2006,83,83,83,83,147020,86.5,78.5,82.5,0.5,0.61,0,72010,56900
VNM,8/31/2006,83,83,82.5,82.5,126760,87,79,83,-0.5,-0.6,0,103840,28000
VNM,9/1/2006,82.5,82.5,82.5,82.5,112280,86.5,78.5,82.5,0,0,0,600,0
VNM,9/5/2006,83,84,83,84,196580,86.5,78.5,82.5,1.5,1.82,0,45140,20600
VNM,9/6/2006,85,85,83,83,140680,88,80,84,-1,-1.19,0,75960,9000
VNM,9/7/2006,82.5,82.5,82,82.5,53540,87,79,83,-0.5,-0.6,0,8300,5000
VNM,9/8/2006,82,82.5,82,82.5,108490,86.5,78.5,82.5,0,0,0,13930,0
VNM,9/11/2006,82.5,82.5,82,82,69280,86.5,78.5,82.5,-0.5,-0.61,0,780,3000
VNM,9/12/2006,81,81,81,81,90600,86,78,82,-1,-1.22,0,20180,150
VNM,9/13/2006,80,81.5,80,81.5,50360,85,77,81,0.5,0.62,0,600,0
VNM,9/14/2006,81.5,81.5,80.5,80.5,86840,85.5,77.5,81.5,-1,-1.23,0,30800,0
VNM,9/15/2006,81,81,81,81,59480,84.5,76.5,80.5,0.5,0.62,0,28680,300
VNM,9/18/2006,81,81.5,81,81.5,55650,85,77,81,0.5,0.62,0,1700,0
VNM,9/19/2006,83,83,83,83,157050,85.5,77.5,81.5,1.5,1.84,0,150,500
VNM,9/20/2006,84,84,82.5,82.5,129200,87,79,83,-0.5,-0.6,0,80,4400
VNM,9/21/2006,82.5,82.5,82,82,38600,86.5,78.5,82.5,-0.5,-0.61,0,4000,0
VNM,9/22/2006,82,82,82,82,59750,86,78,82,0,0,0,13040,0
VNM,9/25/2006,82,82,82,82,82260,86,78,82,0,0,0,1100,0
VNM,9/26/2006,82,82.5,82,82.5,123560,86,78,82,0.5,0.61,0,21940,2850
VNM,9/27/2006,83,83,82.5,82.5,111160,86.5,78.5,82.5,0,0,0,300,0
VNM,9/28/2006,82.5,83,82.5,83,86250,86.5,78.5,82.5,0.5,0.61,0,8000,0
VNM,9/29/2006,84,84,83,83,256120,87,79,83,0,0,0,27050,1000
VNM,10/2/2006,83,83,82.5,82.5,136240,87,79,83,-0.5,-0.6,0,0,0
VNM,10/3/2006,83,83,83,83,178730,86.5,78.5,82.5,0.5,0.61,0,0,0
VNM,10/4/2006,83,83,83,83,191980,87,79,83,0,0,0,0,0
VNM,10/5/2006,83.5,83.5,83,83,142790,87,79,83,0,0,0,0,0
VNM,10/6/2006,83,83,83,83,49980,87,79,83,0,0,0,0,0
VNM,10/9/2006,83,83,82,82,92120,87,79,83,-1,-1.2,0,0,0
VNM,10/10/2006,81,81,80.5,81,130190,86,78,82,-1,-1.22,0,0,0
VNM,10/11/2006,80,80,80,80,128580,85,77,81,-1,-1.23,0,0,0
VNM,10/12/2006,80,80,80,80,118920,84,76,80,0,0,0,0,0
VNM,10/13/2006,80,81.5,80,81.5,87800,84,76,80,1.5,1.87,0,0,0
VNM,10/16/2006,81.5,82,81.5,82,186630,85.5,77.5,81.5,0.5,0.61,0,0,0
VNM,10/17/2006,82,82,82,82,378360,86,78,82,0,0,0,0,0
VNM,10/18/2006,83,83,82.5,82.5,165890,86,78,82,0.5,0.61,0,0,0
VNM,10/19/2006,82.5,82.5,82,82.5,102510,86.5,78.5,82.5,0,0,0,0,0
VNM,10/20/2006,83,83,83,83,178250,86.5,78.5,82.5,0.5,0.61,0,0,0
VNM,10/23/2006,82.5,83,82.5,82.5,79210,184,168,83,-0.5,-0.6,0,0,0
VNM,10/24/2006,82.5,82.5,82.5,82.5,108650,86.5,78.5,82.5,0,0,0,0,0
VNM,10/25/2006,82.5,82.5,82.5,82.5,110820,86.5,78.5,82.5,0,0,0,0,0
VNM,10/26/2006,82,82,82,82,74050,86.5,78.5,82.5,-0.5,-0.61,0,0,0
VNM,10/27/2006,81.5,81.5,81.5,81.5,57150,86,78,82,-0.5,-0.61,0,0,0
VNM,10/30/2006,81,81,80,80.5,106850,85.5,77.5,81.5,-1,-1.23,0,0,0
VNM,10/31/2006,79,80,79,80,126780,84.5,76.5,80.5,-0.5,-0.62,0,0,0
VNM,11/1/2006,81,82,81,82,88780,84,76,80,2,2.5,0,0,0
VNM,11/2/2006,82,82,81,81,63110,86,78,82,-1,-1.22,0,0,0
VNM,11/3/2006,80.5,80.5,80.5,80.5,17410,85,77,81,-0.5,-0.62,0,0,0
VNM,11/6/2006,80.5,81,80.5,81,30020,84.5,76.5,80.5,0.5,0.62,0,0,0
VNM,11/7/2006,81,81,81,81,41630,85,77,81,0,0,0,0,0
VNM,11/8/2006,81.5,82,81.5,82,147980,85,77,81,1,1.23,0,0,0
VNM,11/9/2006,82,82,82,82,135820,86,78,82,0,0,0,0,0
VNM,11/10/2006,83.5,83.5,83,83,222840,86,78,82,1,1.22,0,0,0
VNM,11/13/2006,83,83,83,83,187680,87,79,83,0,0,0,0,0
VNM,11/14/2006,87,87,87,87,227990,87,79,83,4,4.82,0,0,0
VNM,11/15/2006,91,91,91,91,322310,91,83,87,4,4.6,0,0,0
VNM,11/16/2006,89.5,90.5,89.5,90.5,621760,95.5,86.5,91,-0.5,-0.55,0,0,0
VNM,11/17/2006,91,94,91,94,459230,95,86,90.5,3.5,3.87,0,0,0
VNM,11/20/2006,98.5,98.5,97,97,563440,98.5,89.5,94,3,3.19,0,0,0
VNM,11/21/2006,99.5,101,99.5,101,485920,101,92.5,97,4,4.12,0,0,0
VNM,11/22/2006,102,102,101,102,392360,106,96,101,1,0.99,0,0,0
VNM,11/23/2006,107,107,107,107,441920,184,168,102,5,4.9,0,0,0
VNM,11/24/2006,112,112,112,112,582230,112,102,107,5,4.67,0,0,0
VNM,11/27/2006,117,117,107,107,227280,117,107,112,-5,-4.46,0,0,0
VNM,11/28/2006,105,108,105,105,473350,112,102,107,-2,-1.87,0,0,0
VNM,11/29/2006,101,101,100,101,364480,110,100,105,-4,-3.81,0,0,0
VNM,11/30/2006,101,106,101,106,178150,106,96,101,5,4.95,0,0,0
VNM,12/1/2006,106,106,105,105,188410,111,101,106,-1,-0.94,0,112300,190
VNM,12/4/2006,106,108,106,108,256710,110,100,105,3,2.86,0,170250,100
VNM,12/5/2006,109,110,109,110,180310,113,103,108,2,1.85,0,87000,2300
VNM,12/6/2006,114,115,114,115,515800,115,105,110,5,4.55,0,310090,301100
VNM,12/7/2006,120,120,120,120,204350,120,110,115,5,4.35,0,9980,120
VNM,12/8/2006,126,126,126,126,107230,126,114,120,6,5,0,22800,27000
VNM,12/11/2006,132,132,132,132,129570,132,120,126,6,4.76,0,58800,10080
VNM,12/12/2006,138,138,133,133,518940,138,126,132,1,0.76,0,143290,32350
VNM,12/13/2006,139,139,139,139,716990,139,127,133,6,4.51,0,97140,441490
VNM,12/14/2006,145,145,139,139,687590,145,133,139,0,0,0,365220,424060
VNM,12/15/2006,137,139,136,136,315520,145,133,139,-3,-2.16,0,67700,162000
VNM,12/18/2006,136,136,130,131,508320,142,130,136,-5,-3.68,0,0,0
VNM,12/19/2006,131,134,131,134,394200,137,125,131,3,2.29,0,152770,239000
VNM,12/20/2006,134,136,134,134,377920,140,128,134,0,0,0,244200,174750
VNM,12/21/2006,134,134,128,128,428770,140,128,134,-6,-4.48,0,343690,154290
VNM,12/22/2006,128,122,122,122,178830,134,122,128,-6,-4.69,0,130100,9900
VNM,12/25/2006,116,120,116,120,534840,128,116,122,-2,-1.64,0,150100,313340
VNM,12/26/2006,125,125,118,125,358820,126,114,120,5,4.17,0,145400,227770
VNM,12/27/2006,0,128,120,120,220640,131,119,125,-5,-4,0,7690,175960
VNM,12/28/2006,125,125,124,124,325280,126,114,120,4,3.33,0,237400,160560
VNM,12/29/2006,125,125,124,125,145970,130,118,124,1,0.81,0,96070,0
VNM,1/2/2007,125,126,125,125,203280,131,119,125,0,0,0,172160,0
VNM,1/3/2007,131,131,129,131,246270,131,119,125,6,4.8,0,228930,50500
VNM,1/4/2007,137,137,137,137,639430,137,125,131,6,4.58,0,442660,550670
VNM,1/5/2007,143,143,143,143,632890,143,131,137,6,4.38,0,554740,335000
VNM,1/8/2007,150,150,143,143,651110,150,136,143,0,0,0,554990,235670
VNM,1/9/2007,150,150,150,150,439530,150,136,143,7,4.9,0,291520,53970
VNM,1/10/2007,157,157,157,157,329410,157,143,150,7,4.67,0,180570,175340
VNM,1/11/2007,164,164,164,164,283110,164,150,157,7,4.46,0,187380,136000
VNM,1/12/2007,172,172,172,172,452040,172,156,164,8,4.88,0,354700,282690
VNM,1/15/2007,180,180,180,180,280140,180,164,172,8,4.65,0,240100,95850
VNM,1/16/2007,189,189,189,189,210990,189,171,180,9,5,0,192730,99600
VNM,1/17/2007,198,198,180,180,746180,198,180,189,-9,-4.76,0,554620,288000
VNM,1/18/2007,171,185,171,185,1006310,189,171,180,5,2.78,0,162510,784800
VNM,1/19/2007,194,194,194,194,849060,194,176,185,9,4.86,0,617460,615290
VNM,1/22/2007,202,201,185,185,478710,203,185,194,-9,-4.64,0,1010,0
VNM,1/23/2007,185,185,185,185,562420,194,176,185,0,0,0,219250,371080
VNM,1/24/2007,185,185,176,176,393000,184,168,185,-9,-4.86,0,207400,88670
VNM,1/25/2007,168,168,168,168,346630,184,168,176,-8,-4.55,0,206450,276440
VNM,1/26/2007,0,160,160,160,1281380,176,160,168,-8,-4.76,0,619310,1116580
VNM,1/29/2007,168,168,167,168,458160,168,152,160,8,5,0,225950,376400
VNM,1/30/2007,176,176,176,176,176850,176,160,168,8,4.76,0,178170,149600
VNM,1/31/2007,0,175,175,175,313460,184,168,167.2,7.8,4.67,0,136020,91000
VNM,2/1/2007,0,183,183,183,1619550,183,167,175,8,4.57,0,776290,160250
VNM,2/2/2007,0,192,192,192,623160,192,174,183,9,4.92,0,0,0
VNM,2/5/2007,183,193,183,183,569920,201,183,192,-9,-4.69,0,325460,271000
VNM,2/6/2007,192,192,188,192,264770,192,174,183,9,4.92,0,178470,84830
VNM,2/7/2007,200,200,192,200,384400,201,183,192,8,4.17,0,338390,25960
VNM,2/8/2007,190,190,190,190,131790,210,190,200,-10,-5,0,75820,130290
VNM,2/9/2007,181,181,181,181,165450,199,181,190,-9,-4.74,0,51520,151450
VNM,2/12/2007,181,188,181,188,583280,190,172,181,7,3.87,0,133990,505920
VNM,2/13/2007,197,197,197,197,561220,197,179,188,9,4.79,0,532220,299150
VNM,2/14/2007,191,195,191,191,128220,206,188,197,-6,-3.05,0,47400,90780
VNM,2/15/2007,193,193,183,193,455620,200,182,191,2,1.05,0,71450,424910
VNM,2/26/2007,202,202,202,202,660320,202,184,193,9,4.66,0,523890,277900
VNM,2/27/2007,212,212,212,212,255800,212,192,202,10,4.95,0,190980,82840
VNM,2/28/2007,202,205,202,202,389060,222,202,212,-10,-4.72,0,265530,153580
VNM,3/1/2007,198,210,197,198,387460,212,192,202,-4,-1.98,0,50810,288650
VNM,3/2/2007,198,200,198,200,346450,207,189,198,2,1.01,0,191490,140380
VNM,3/5/2007,202,202,200,202,464150,210,190,200,2,1,0,265410,146140
VNM,3/6/2007,195,195,192,195,802040,212,192,202,-7,-3.47,0,432420,743980
VNM,3/7/2007,192,192,189,189,526470,204,186,195,-6,-3.08,0,43650,377570
VNM,3/8/2007,189,195,189,190,466100,198,180,189,1,0.53,0,55310,411920
VNM,3/9/2007,199,199,195,195,209610,199,181,190,5,2.63,0,69470,105900
VNM,3/12/2007,200,200,198,198,190230,204,186,195,3,1.54,0,131610,580
VNM,3/13/2007,190,198,190,190,278110,207,189,198,-8,-4.04,0,132790,110660
VNM,3/14/2007,186,190,181,186,227810,199,181,190,-4,-2.11,0,84900,40650
VNM,3/15/2007,186,186,177,177,307740,195,177,186,-9,-4.84,0,83730,135330
VNM,3/16/2007,185,185,185,185,84890,185,169,177,8,4.52,0,43650,590
VNM,3/19/2007,192,192,191,192,246400,194,176,185,7,3.78,0,59440,23830
VNM,3/20/2007,186,190,185,187,204210,201,183,192,-5,-2.6,0,117920,64940
VNM,3/21/2007,185,186,185,186,239740,196,178,187,-1,-0.53,0,114380,146780
VNM,3/22/2007,182,182,180,180,188980,195,177,186,-6,-3.23,0,70240,113280
VNM,3/23/2007,182,182,180,180,175360,189,171,180,0,0,0,46220,18000
VNM,3/26/2007,180,180,176,180,229240,189,171,180,0,0,0,169470,74610
VNM,3/27/2007,182,182,180,180,242890,189,171,180,0,0,0,192460,97470
VNM,3/28/2007,176,178,176,178,186060,189,171,180,-2,-1.11,0,51600,125130
VNM,3/29/2007,180,185,180,185,214910,186,170,178,7,3.93,0,101710,118590
VNM,3/30/2007,185,185,184,184,266500,194,176,185,-1,-0.54,0,216100,19600
VNM,4/2/2007,184,184,180,180,118610,193,175,184,-4,-2.17,0,97630,10100
VNM,4/3/2007,176,176,176,176,89630,189,171,180,-4,-2.22,0,37110,1000
VNM,4/4/2007,176,183,176,183,98280,184,168,176,7,3.98,0,56700,17650
VNM,4/5/2007,185,185,183,183,220230,192,174,183,0,0,0,209940,0
VNM,4/6/2007,180,180,180,180,46670,192,174,183,-3,-1.64,0,28090,0
VNM,4/9/2007,180,180,179,179,21600,189,171,180,-1,-0.56,0,350,0
VNM,4/10/2007,179,180,179,180,89150,187,171,179,1,0.56,0,53830,6000
VNM,4/11/2007,180,180,180,180,83730,189,171,180,0,0,0,72190,9700
VNM,4/12/2007,177,180,177,179,117460,189,171,180,-1,-0.56,0,96180,600
VNM,4/13/2007,179,179,178,178,161730,187,171,179,-1,-0.56,0,156610,9260
VNM,4/16/2007,175,175,170,170,165380,186,170,178,-8,-4.49,0,145340,5310
VNM,4/17/2007,170,171,170,171,175340,178,162,170,1,0.59,0,133270,81130
VNM,4/18/2007,175,179,175,179,85620,179,163,171,8,4.68,0,65690,23650
VNM,4/19/2007,180,180,179,179,201700,187,171,179,0,0,0,103850,49090
VNM,4/20/2007,178,178,172,172,183990,187,171,179,-7,-3.91,0,148610,142450
VNM,4/23/2007,170,171,169,169,232660,180,164,172,-3,-1.74,0,200610,199040
VNM,4/24/2007,165,165,161,161,193310,177,161,169,-8,-4.73,0,92250,155750
VNM,4/25/2007,161,169,161,169,248610,169,153,161,8,4.97,0,188270,167520
VNM,5/2/2007,170,176,170,176,238770,177,161,169,7,4.14,0,234050,96060
VNM,5/3/2007,177,179,176,176,260700,184,168,176,0,0,0,254060,112370
VNM,5/4/2007,179,180,179,180,220510,184,168,176,4,2.27,0,218170,9980
VNM,5/7/2007,186,189,186,188,323040,189,171,180,8,4.44,0,298060,35110
VNM,5/8/2007,196,196,194,194,399770,197,179,188,6,3.19,0,373760,11170
VNM,5/9/2007,194,196,194,194,465430,203,185,194,0,0,0,421390,166810
VNM,5/10/2007,192,194,192,192,210130,203,185,194,-2,-1.03,0,206020,90900
VNM,5/11/2007,188,189,188,188,133620,201,183,192,-4,-2.08,0,45310,101140
VNM,5/14/2007,188,188,186,186,182020,197,179,188,-2,-1.06,0,132330,146770
VNM,5/15/2007,188,188,183,183,220620,195,177,186,-3,-1.61,0,173470,156830
VNM,5/16/2007,180,180,177,177,380320,192,174,183,-6,-3.28,0,178290,371920
VNM,5/17/2007,181,185,181,185,188690,185,169,177,8,4.52,0,151010,72310
VNM,5/18/2007,185,190,185,190,160590,194,176,185,5,2.7,0,149980,60620
VNM,5/21/2007,190,191,190,191,228820,199,181,190,1,0.53,0,210220,100500
VNM,5/22/2007,192,192,191,192,280050,200,182,191,1,0.52,0,240140,125700
VNM,5/23/2007,192,193,192,193,335350,201,183,192,1,0.52,0,291170,133730
VNM,5/24/2007,188,190,188,188,63010,202,184,193,-5,-2.59,0,45020,48390
VNM,5/25/2007,185,186,185,186,144660,197,179,188,-2,-1.06,0,80660,134270
VNM,5/28/2007,195,195,188,188,186670,195,177,186,2,1.08,0,155620,130460
VNM,5/29/2007,188,188,188,188,118270,197,179,188,0,0,0,79100,87990
VNM,5/30/2007,185,186,185,185,90730,197,179,188,-3,-1.6,0,23700,84620
VNM,5/31/2007,188,188,185,185,176510,194,176,185,0,0,0,128730,146250
VNM,6/1/2007,188,188,188,188,175210,194,176,185,3,1.62,0,169580,113060
VNM,6/4/2007,188,188,188,188,132720,197,179,188,0,0,0,129630,105550
VNM,6/5/2007,188,188,185,185,80530,197,179,188,-3,-1.6,0,71280,30500
VNM,6/6/2007,182,184,182,184,142080,194,176,185,-1,-0.54,0,48400,107790
VNM,6/7/2007,180,184,180,184,118920,193,175,184,0,0,0,21420,91780
VNM,6/8/2007,181,188,181,188,158090,193,175,184,4,2.17,0,116730,78250
VNM,6/11/2007,180,184,180,184,102410,197,179,188,-4,-2.13,0,23720,71140
VNM,6/12/2007,179,183,179,183,109220,193,175,184,-1,-0.54,0,47220,91500
VNM,6/13/2007,185,185,185,185,72890,192,174,183,2,1.09,0,60840,19540
VNM,6/14/2007,185,185,185,185,120210,194,176,185,0,0,0,116880,85000
VNM,6/15/2007,185,186,185,186,140170,194,176,185,1,0.54,0,132120,50200
VNM,6/18/2007,180,186,180,186,275040,195,177,186,0,0,0,175390,219050
VNM,6/19/2007,186,186,185,185,122990,195,177,186,-1,-0.54,0,106020,60500
VNM,6/20/2007,185,185,183,183,74050,194,176,185,-2,-1.08,0,62170,60440
VNM,6/21/2007,181,182,181,182,75870,192,174,183,-1,-0.55,0,8600,56150
VNM,6/22/2007,184,185,182,184,105360,191,173,182,2,1.1,0,86250,20230
VNM,6/25/2007,187,186,184,184,88810,193,175,184,0,0,0,83300,29970
VNM,6/26/2007,185,185,184,184,89890,193,175,184,0,0,0,80650,58030
VNM,6/27/2007,184,184,180,180,166410,191,173,182.1,-2.1,-1.15,0,40930,150020
VNM,6/28/2007,180,180,179,180,82870,189,171,180,0,0,0,45100,47660
VNM,6/29/2007,180,180,180,180,65620,189,171,180,0,0,0,59340,8900
VNM,7/2/2007,178,178,175,175,78840,189,171,180,-5,-2.78,0,27390,64050
VNM,7/3/2007,172,172,170,171,153330,183,167,175,-4,-2.29,0,97840,127330
VNM,7/4/2007,177,179,177,179,28390,179,163,171,8,4.68,0,27890,1380
VNM,7/5/2007,180,183,180,183,307040,187,171,179,4,2.23,0,304070,54350
VNM,7/6/2007,181,181,179,180,159250,192,174,183,-3,-1.64,0,107350,119320
VNM,7/9/2007,179,180,178,180,148220,189,171,180,0,0,0,122470,105620
VNM,7/10/2007,183,183,183,183,108210,189,171,180,3,1.67,0,87630,11280
VNM,7/11/2007,183,183,183,183,100490,192,174,183,0,0,0,24450,50100
VNM,7/12/2007,181,182,181,182,48520,192,174,183,-1,-0.55,0,42140,800
VNM,7/13/2007,181,181,180,180,59480,191,173,182,-2,-1.1,0,43750,33460
VNM,7/16/2007,180,180,178,179,126740,189,171,180,-1,-0.56,0,110300,45880
VNM,7/17/2007,178,178,178,178,129760,187,171,179,-1,-0.56,0,93350,74140
VNM,7/18/2007,178,178,178,178,58160,186,170,178,0,0,0,47560,47270
VNM,7/19/2007,178,178,177,177,47610,186,170,178,-1,-0.56,0,42740,14440
VNM,7/20/2007,176,176,176,176,18340,185,169,177,-1,-0.56,0,7240,9220
VNM,7/23/2007,173,178,173,178,58360,184,168,176,2,1.14,0,46960,27600
VNM,7/24/2007,178,180,178,180,138480,186,170,178,2,1.12,0,135080,103880
VNM,7/25/2007,178,180,178,180,140080,189,171,180,0,0,0,137300,100280
VNM,7/26/2007,180,180,178,178,75290,189,171,180,-2,-1.11,0,73160,50600
VNM,7/27/2007,176,176,172,172,58010,186,170,178,-6,-3.37,0,7000,41820
VNM,7/30/2007,175,178,172,177,91880,180,164,172,5,2.91,0,1010,0
VNM,7/31/2007,174,178,169,178,177480,185,169,177,1,0.56,0,165590,159260
VNM,8/1/2007,175,178,175,177,194280,186,170,178,-1,-0.56,0,161050,164100
VNM,8/2/2007,175,175,174,175,98310,185,169,177,-2,-1.13,0,84610,90330
VNM,8/3/2007,174,174,172,172,60620,183,167,175,-3,-1.71,0,36160,17390
VNM,8/6/2007,173,173,170,170,41750,180,164,172,-2,-1.16,0,26580,20430
VNM,8/7/2007,170,172,165,165,122520,178,162,170,-5,-2.94,0,27410,115330
VNM,8/8/2007,165,170,165,167,116730,173,157,165,2,1.21,0,38380,109140
VNM,8/9/2007,172,173,172,172,77200,175,159,167,5,2.99,0,52580,26420
VNM,8/10/2007,172,172,168,172,70360,180,164,172,0,0,0,44680,51250
VNM,8/13/2007,170,170,168,168,82070,176,160,172,-4,-2.33,0,38280,50600
VNM,8/14/2007,168,170,168,169,97410,176,160,168,1,0.6,0,66110,86130
VNM,8/15/2007,169,169,167,168,105970,169,139,170,-2,-1.18,0,77500,83300
VNM,8/16/2007,166,168,165,165,153860,176.4,159.6,168,-3,-1.79,0,67430,134000
VNM,8/17/2007,165,165,163,164,129510,152,126,139,25,17.99,0,74900,115990
VNM,8/20/2007,160,163,160,163,180820,171,155,164,-1,-0.61,0,95160,149740
VNM,8/21/2007,163,165,163,165,117870,171,155,163,2,1.23,0,87110,100000
VNM,8/22/2007,166,168,164,164,135660,173,157,165,-1,-0.61,0,100420,58900
VNM,8/23/2007,164,164,163,164,37520,172,156,164,0,0,0,26140,31420
VNM,8/24/2007,165,165,164,164,74860,172,156,164,0,0,0,27500,51540
VNM,8/27/2007,163,165,163,165,116230,172,156,164,1,0.61,0,77720,38310
VNM,8/28/2007,163,164,162,163,120650,173,157,165,-2,-1.21,0,45380,84780
VNM,8/29/2007,162,162,161,162,72550,171,155,163,-1,-0.61,0,12140,38800
VNM,8/30/2007,162,162,160,162,210440,170,154,162,0,0,0,137070,60000
VNM,8/31/2007,162,162,160,160,285630,170,154,162,-2,-1.23,0,118690,103280
VNM,9/4/2007,161,164,161,164,228820,168,152,160,4,2.5,0,174780,125810
VNM,9/5/2007,164,164,159,159,243060,172,156,164,-5,-3.05,0,142890,58890
VNM,9/6/2007,159,161,159,160,125960,166,152,159,1,0.63,0,18030,24090
VNM,9/7/2007,161,162,161,162,176010,168,152,160,2,1.25,0,135280,76620
VNM,9/10/2007,163,163,160,160,107400,170,154,162,-2,-1.23,0,5500,73380
VNM,9/11/2007,161,162,160,161,46810,168,152,160,1,0.62,0,32020,4760
VNM,9/12/2007,162,163,161,161,71030,169,153,161,0,0,0,40400,100
VNM,9/13/2007,161,162,161,162,35010,169,153,161,1,0.62,0,24810,0
VNM,9/14/2007,163,165,162,165,175130,170,154,162,3,1.85,0,152380,380
VNM,9/17/2007,165,166,164,166,106560,173,157,165,1,0.61,0,86620,16440
VNM,9/18/2007,165,166,164,166,83590,174,158,166,0,0,0,78630,11650
VNM,9/19/2007,167,167,165,166,102640,174,158,166,0,0,0,83330,49330
VNM,9/20/2007,167,168,166,168,97500,174,158,166,2,1.2,0,45670,38080
VNM,9/21/2007,167,168,165,166,71420,176,160,168,-2,-1.19,0,22000,23000
VNM,9/24/2007,166,168,165,168,101360,174,158,166,2,1.2,0,48000,47960
VNM,9/25/2007,172,175,170,175,277700,176,160,168,7,4.17,0,203900,170600
VNM,9/26/2007,175,178,172,173,63920,183,167,175,-2,-1.14,0,18130,0
VNM,9/27/2007,178,178,173,174,151670,181,165,173,1,0.58,0,140610,59470
VNM,9/28/2007,177,182,174,182,293400,182,166,174,8,4.6,0,283170,78970
VNM,10/1/2007,182,191,179,191,454320,191,173,182,9,4.95,0,376110,130520
VNM,10/2/2007,195,195,182,195,417320,200,182,191,4,2.09,0,398470,137510
VNM,10/3/2007,195,200,192,198,271790,204,186,195,3,1.54,0,247210,53700
VNM,10/4/2007,200,200,191,191,344030,207,189,198,-7,-3.54,0,246360,275000
VNM,10/5/2007,188,191,186,187,170330,200,182,191,-4,-2.09,0,0,0
VNM,10/8/2007,187,189,186,187,74250,196,178,187,0,0,0,38460,32810
VNM,10/9/2007,187,189,187,189,83140,196,178,187,2,1.07,0,67940,29340
VNM,10/10/2007,196,196,192,194,181920,198,180,189,5,2.65,0,178670,34100
VNM,10/11/2007,192,193,191,191,58850,203,185,194,-3,-1.55,0,31740,30070
VNM,10/12/2007,192,195,190,195,149030,200,182,191,4,2.09,0,142860,10240
VNM,10/15/2007,195,195,193,194,29500,204,186,195,-1,-0.51,0,25970,1190
VNM,10/16/2007,194,195,191,194,57050,203,185,194,0,0,0,46240,30
VNM,10/17/2007,190,193,190,193,21320,203,185,194,-1,-0.52,0,11600,0
VNM,10/18/2007,193,194,191,194,134820,202,184,193,1,0.52,0,133270,34360
VNM,10/19/2007,188,190,188,190,80890,203,185,194,-4,-2.06,0,36010,52130
VNM,10/22/2007,190,190,185,185,103380,199,181,190,-5,-2.63,0,31000,83870
VNM,10/23/2007,185,194,180,182,218200,194,176,185,-3,-1.62,0,84200,202880
VNM,10/24/2007,181,188,181,188,80030,191,173,182,6,3.3,0,53460,52520
VNM,10/25/2007,189,189,183,188,98710,197,179,188,0,0,0,78790,65300
VNM,10/26/2007,188,190,188,190,61180,197,179,188,2,1.06,0,49880,5100
VNM,10/29/2007,184,189,181,181,134250,199,181,190,-9,-4.74,0,27300,128370
VNM,10/30/2007,183,189,183,189,214790,190,172,181,8,4.42,0,205550,109000
VNM,10/31/2007,183,187,183,184,71900,198,180,189,-5,-2.65,0,27230,60000
VNM,11/1/2007,184,185,181,184,109230,193,175,184,0,0,0,65010,105740
VNM,11/2/2007,190,190,186,186,116140,193,175,184,2,1.09,50000,108100,64000
VNM,11/5/2007,177,184,177,178,309820,195,177,186,-8,-4.3,0,140520,304740
VNM,11/6/2007,178,180,176,176,115160,186,170,178,-2,-1.12,0,44890,110950
VNM,11/7/2007,180,180,178,178,49680,184,168,176,2,1.14,0,21460,40000
VNM,11/8/2007,180,180,179,180,16150,186,170,178,2,1.12,0,480,6550
VNM,11/9/2007,178,180,177,180,44670,189,171,180,0,0,0,28720,3880
VNM,11/12/2007,180,180,178,178,67980,189,171,180,-2,-1.11,0,47580,31000
VNM,11/13/2007,175,175,170,170,94980,186,170,178,-8,-4.49,0,23120,77380
VNM,11/14/2007,170,175,165,165,464180,178,162,170,-5,-2.94,0,53520,454000
VNM,11/15/2007,173,173,171,173,76390,173,157,165,8,4.85,0,48170,20120
VNM,11/16/2007,175,175,174,175,55270,181,165,173,2,1.16,0,40410,24210
VNM,11/19/2007,175,178,175,178,64370,186,170,175,3,1.71,0,55990,1100
VNM,11/20/2007,172,175,172,173,129990,186,170,178,-5,-2.81,0,86300,24840
VNM,11/21/2007,171,173,170,170,67560,181,165,173,-3,-1.73,30000,31890,27210
VNM,11/22/2007,171,171,170,170,155290,178,162,170,0,0,0,96390,124420
VNM,11/23/2007,171,171,169,170,86180,178,162,170,0,0,0,71730,69120
VNM,11/26/2007,170,173,169,172,52680,178,162,170,2,1.18,0,32350,18100
VNM,11/27/2007,175,175,173,174,225130,180,164,172,2,1.16,0,208960,30000
VNM,11/28/2007,173,174,170,170,129280,182,166,174,-4,-2.3,0,42170,120170
VNM,11/29/2007,169,172,169,169,127600,178,162,170,-1,-0.59,0,3780,118590
VNM,11/30/2007,165,169,165,166,287810,177,161,169,-3,-1.78,0,16600,280270
VNM,12/3/2007,166,173,166,173,68250,174,158,166,7,4.22,0,36870,44310
VNM,12/4/2007,173,174,172,173,83130,181,165,173,0,0,0,41600,31180
VNM,12/5/2007,171,171,170,170,21380,181,165,173,-3,-1.73,0,880,840
VNM,12/6/2007,169,172,168,172,165040,178,162,170,2,1.18,0,149300,9000
VNM,12/7/2007,170,172,170,171,33870,180,164,172,-1,-0.58,0,17730,0
VNM,12/10/2007,170,171,168,170,24290,179,163,171,-1,-0.58,0,11080,400
VNM,12/11/2007,170,170,167,167,20810,178,162,170,-3,-1.76,0,6870,1150
VNM,12/12/2007,166,169,166,167,108660,175,159,167,0,0,0,11850,29930
VNM,12/13/2007,167,167,166,166,40510,175,159,167,-1,-0.6,0,4250,11800
VNM,12/14/2007,164,166,163,163,98860,174,158,166,-3,-1.81,0,8160,90890
VNM,12/17/2007,163,165,162,163,88160,171,155,163,0,0,0,63840,51640
VNM,12/18/2007,162,165,162,165,76480,171,155,163,2,1.23,0,44580,50530
VNM,12/19/2007,169,170,168,170,55480,173,157,165,5,3.03,0,39450,270
VNM,12/20/2007,169,169,167,167,45490,178,162,170,-3,-1.76,0,19990,1700
VNM,12/21/2007,169,169,167,169,68270,175,159,167,2,1.2,0,59900,820
VNM,12/24/2007,169,170,168,168,33640,177,161,169,-1,-0.59,0,30410,7080
VNM,12/25/2007,168,169,167,168,36590,176,160,168,0,0,0,31230,3550
VNM,12/26/2007,169,169,167,169,33860,176,160,168,1,0.6,0,30370,9500
VNM,12/27/2007,165,168,165,167,20350,177,161,169,-2,-1.18,0,1900,6970
VNM,12/28/2007,165,166,165,166,63220,175,159,167,-1,-0.6,0,18560,50000
VNM,1/2/2008,165,166,165,165,41550,174,158,166,-1,-0.6,0,24590,34650
VNM,1/3/2008,165,166,164,164,128280,173,157,165,-1,-0.61,0,100900,122240
VNM,1/4/2008,162,163,162,162,98260,172,156,164,-2,-1.22,0,10500,95000
VNM,1/7/2008,166,166,163,166,84440,170,154,162,4,2.47,0,66910,15450
VNM,1/8/2008,168,168,164,166,39660,174,158,166,0,0,0,25600,7430
VNM,1/9/2008,165,165,163,163,21300,174,158,166,-3,-1.81,0,580,8080
VNM,1/10/2008,156,160,155,155,201610,171,155,163,-8,-4.91,0,20340,169890
VNM,1/11/2008,159,161,157,157,60840,162.75,147.25,155,2,1.29,0,10100,38090
VNM,1/14/2008,160,160,156,156,58930,164,150,157,-1,-0.64,0,40320,36290
VNM,1/15/2008,153,153,149,149,87910,163,149,156,-7,-4.49,0,25450,54140
VNM,1/16/2008,156,156,155,156,257260,156,142,149,7,4.7,0,35000,194110
VNM,1/17/2008,156,156,151,151,177790,163,149,156,-5,-3.21,0,0,0
VNM,1/18/2008,151,154,151,153,37410,158,144,151,2,1.32,0,8280,20480
VNM,1/21/2008,154,154,150,150,40040,160,146,153,-3,-1.96,0,3700,15000
VNM,1/22/2008,144,146,143,143,244440,157,143,150,-7,-4.67,0,400,216630
VNM,1/23/2008,136,136,136,136,177470,150,136,143,-7,-4.9,0,51800,141920
VNM,1/24/2008,136,139,130,130,151700,142,130,136,-6,-4.41,0,0,0
VNM,1/25/2008,133,136,127,136,95270,136.5,123.5,130,6,4.62,0,74480,3750
VNM,1/28/2008,138,138,137,138,187010,142,130,136,2,1.47,0,133900,72670
VNM,1/29/2008,139,143,138,143,173310,144,132,138,5,3.62,0,41330,51000
VNM,1/30/2008,150,150,136,136,410600,150,136,143,-7,-4.9,0,106530,287890
VNM,1/31/2008,140,142,139,142,360200,142,130,136,6,4.41,0,910,176180
VNM,2/1/2008,147,147,144,145,140300,149,135,142,3,2.11,0,36540,84100
VNM,2/12/2008,142,143,139,140,41680,152,138,145,-5,-3.45,0,1960,17650
VNM,2/13/2008,137,138,136,136,209290,147,133,140,-4,-2.86,0,27700,122570
VNM,2/14/2008,138,139,137,138,100760,142,130,136,2,1.47,0,31860,9650
VNM,2/15/2008,138,138,136,137,49070,144,132,138,-1,-0.72,0,14670,0
VNM,2/18/2008,132,135,131,131,148390,143,131,137,-6,-4.38,0,30690,2610
VNM,2/19/2008,128,132,128,131,75200,137,125,131,0,0,0,11470,0
VNM,2/20/2008,132,132,126,126,102790,137,125,131,-5,-3.82,0,35670,1900
VNM,2/21/2008,120,121,120,120,282580,132,120,126,-6,-4.76,0,211910,2400
VNM,2/22/2008,114,115,114,114,355990,126,114,120,-6,-5,0,98070,266580
VNM,2/25/2008,119,119,119,119,84320,119,109,114,5,4.39,0,48310,31530
VNM,2/26/2008,124,124,120,121,300830,124.95,113.05,119,2,1.68,0,196520,24100
VNM,2/27/2008,120,125,120,125,107570,127,115,121,4,3.31,0,60300,1400
VNM,2/28/2008,122,122,121,122,96730,131,119,125,-3,-2.4,0,37110,0
VNM,2/29/2008,119,120,117,117,147470,128,116,122,-5,-4.1,0,58380,70940
VNM,3/3/2008,114,115,112,112,135720,122,112,117,-5,-4.27,0,73680,210
VNM,3/4/2008,107,108,107,107,145300,117,107,117,-10,-8.55,0,93450,14960
VNM,3/5/2008,102,103,102,102,196540,112,102,107,-5,-4.67,0,98840,78440
VNM,3/6/2008,107,107,107,107,25050,107,97,102,5,4.9,0,0,15000
VNM,3/7/2008,112,112,112,112,21920,112,102,107,5,4.67,0,6920,200
VNM,3/10/2008,117,117,117,117,125410,117.6,106.4,112,5,4.46,0,41530,80100
VNM,3/11/2008,120,120,117,118,209560,122,112,117,1,0.85,0,48150,500
VNM,3/12/2008,118,122,118,120,136040,123,113,118,2,1.69,0,42720,69940
VNM,3/13/2008,124,124,121,122,174240,126,114,120,2,1.67,0,135470,79540
VNM,3/14/2008,122,124,120,123,137840,128,116,122,1,0.82,0,64400,46990
VNM,3/17/2008,119,120,117,117,129340,129,117,123,-6,-4.88,0,16740,40680
VNM,3/18/2008,112,113,112,112,106430,122,112,117,-5,-4.27,0,60300,12630
VNM,3/19/2008,113,117,112,114,84530,117,107,112,2,1.79,0,1660,10200
VNM,3/20/2008,115,118,114,118,81790,119,109,114,4,3.51,0,62460,30070
VNM,3/21/2008,116,117,113,113,96350,123,113,118,-5,-4.24,0,25830,67000
VNM,3/24/2008,108,109,108,108,181500,118,108,113,-5,-4.42,0,116510,25710
VNM,3/25/2008,103,103,103,103,146310,113,103,108,-5,-4.63,0,110840,40200
VNM,3/26/2008,103,108,103,106,208750,108,98,103,3,2.91,0,78330,80870
VNM,3/27/2008,107,107,107,107,6830,111.3,100.7,106,1,0.94,0,5490,0
VNM,3/28/2008,108,108,108,108,50560,108,106,107,1,0.93,0,4200,50000
VNM,3/31/2008,109,109,109,109,23230,109,107,108,1,0.93,0,1490,5190
VNM,4/1/2008,110,110,110,110,800,110,108,109,1,0.92,0,100,0
VNM,4/2/2008,111,111,111,111,5380,111,109,110,1,0.91,34000,0,4950
VNM,4/3/2008,112,112,112,112,1300,112,110,111,1,0.9,0,400,300
VNM,4/4/2008,113,113,113,113,5400,113,111,112,1,0.89,50000,0,4840
VNM,4/7/2008,115,115,115,115,2400,115,111,113,2,1.77,0,-2550,600
VNM,4/8/2008,117,117,117,117,139800,117,113,115,2,1.74,20000,80140,20000
VNM,4/9/2008,119,119,119,119,136790,119,115,117,2,1.71,0,119840,25000
VNM,4/10/2008,121,121,119,121,527120,124.95,113.05,119,2,1.68,0,495890,7800
VNM,4/11/2008,121,123,120,123,208280,123,119,121,2,1.65,0,187020,16660
VNM,4/16/2008,121,122,121,121,114320,125,121,123,-2,-1.63,0,94270,17030
VNM,4/17/2008,118,122,118,122,86990,122,118,120,2,1.67,0,45280,5470
VNM,4/18/2008,124,124,124,124,221110,124,120,122,2,1.64,0,202270,100000
VNM,4/21/2008,126,126,126,126,50760,126,122,124,2,1.61,0,43830,1000
VNM,4/22/2008,128,128,127,128,121310,128,124,126,2,1.59,0,65800,8410
VNM,4/23/2008,129,129,126,126,189200,130,126,128,-2,-1.56,0,145870,32000
VNM,4/24/2008,125,128,124,128,64510,128,124,126,2,1.59,0,51940,1360
VNM,4/25/2008,129,130,128,130,57160,130,126,128,2,1.56,0,28770,0
VNM,4/28/2008,130,132,130,132,64040,132,128,130,2,1.54,0,37880,50
VNM,4/29/2008,134,134,134,134,40040,134,130,132,2,1.52,0,34950,9000
VNM,5/5/2008,136,136,136,136,208760,136,132,134,2,1.49,0,146960,135180
VNM,5/6/2008,137,138,136,138,181970,138,134,136,2,1.47,0,111090,42150
VNM,5/7/2008,140,140,136,136,80640,140,136,138,-2,-1.45,0,41590,20000
VNM,5/8/2008,134,134,134,134,93640,138,134,136,-2,-1.47,0,0,16840
VNM,5/9/2008,132,132,132,132,18080,136,132,134,-2,-1.49,0,17400,0
VNM,5/12/2008,130,130,130,130,28170,134,130,132,-2,-1.52,0,28120,0
VNM,5/13/2008,128,128,128,128,6820,132,128,130,-2,-1.54,0,6670,0
VNM,5/14/2008,126,126,126,126,3080,130,126,128,-2,-1.56,0,580,0
VNM,5/15/2008,124,124,124,124,230,128,124,126,-2,-1.59,0,30,0
VNM,5/16/2008,122,122,122,122,102910,126,122,124,-2,-1.61,0,87100,71420
VNM,5/19/2008,120,120,120,120,36280,124,120,122,-2,-1.64,0,33240,10810
VNM,5/20/2008,118,118,118,118,8200,122,118,120,-2,-1.67,0,3760,7170
VNM,5/21/2008,116,116,116,116,12020,120,116,118,-2,-1.69,38000,11760,0
VNM,5/22/2008,114,114,114,114,920,118,114,116,-2,-1.72,0,400,100
VNM,5/23/2008,112,112,112,112,16670,116,112,114,-2,-1.75,20000,35010,0
VNM,5/26/2008,110,110,110,110,73400,114,110,112,-2,-1.79,0,71490,60300
VNM,5/27/2008,110,110,110,110,0,0,0,0,110,0,0,0,0
VNM,5/28/2008,110,110,110,110,0,0,0,0,110,0,0,0,0
VNM,5/29/2008,110,110,110,110,0,0,0,0,110,0,0,0,0
VNM,5/30/2008,108,108,108,108,4740,115,105,110,-2,-1.82,0,3470,2040
VNM,6/2/2008,106,106,106,106,1280,110,106,108,-2,-1.85,0,710,450
VNM,6/3/2008,104,104,104,104,5950,108,104,106,-2,-1.89,0,3800,2950
VNM,6/4/2008,102,102,102,102,5610,106,102,104,-2,-1.92,36840,3850,760
VNM,6/5/2008,100,100,100,100,6990,104,100,102,-2,-1.96,0,5810,1010
VNM,6/6/2008,98,98,98,98,20360,102,98,100,-2,-2,0,16900,20360
VNM,6/9/2008,96.5,96.5,96.5,96.5,14330,99.5,96.5,98,-1.5,-1.53,0,13450,14330
VNM,6/10/2008,95,95,95,95,180,98,95,96.5,-1.5,-1.55,0,0,70
VNM,6/11/2008,93.5,93.5,93.5,93.5,160500,96.5,93.5,95,-1.5,-1.58,0,121190,148160
VNM,6/12/2008,92,92,92,92,108920,95,92,93.5,-1.5,-1.6,20000,108070,93720
VNM,6/13/2008,90.5,93.5,90.5,90.5,381270,93.5,90.5,92,-1.5,-1.63,0,189790,316730
VNM,6/16/2008,89,92,89,92,200800,92,89,90.5,1.5,1.66,0,106320,182400
VNM,6/17/2008,93.5,93.5,93.5,93.5,55150,93.5,90.5,92,1.5,1.63,0,34770,46250
VNM,6/18/2008,95,95,95,95,129760,95,92,93.5,1.5,1.6,20000,84000,0
VNM,6/19/2008,92.5,92.5,92.5,92.5,76910,97.5,92.5,95,-2.5,-2.63,0,68040,6000
VNM,6/20/2008,90,90,90,90,154500,95,90,92.5,-2.5,-2.7,0,144780,39760
VNM,6/23/2008,89.5,92.5,89.5,92.5,91880,92.5,87.5,90,2.5,2.78,0,28160,44460
VNM,6/24/2008,95,95,95,95,37440,95,90,92.5,2.5,2.7,0,34560,0
VNM,6/25/2008,97.5,97.5,97.5,97.5,40310,97.5,92.5,95,2.5,2.63,0,19900,30800
VNM,6/26/2008,100,100,100,100,129730,100,95,97.5,2.5,2.56,20000,131070,19940
VNM,6/27/2008,103,103,101,103,111050,103,97,100,3,3,0,89100,6420
VNM,6/30/2008,106,106,105,106,95500,106,100,103,3,2.91,0,64350,32350
VNM,7/1/2008,109,109,109,109,26260,109,103,106,3,2.83,0,5390,100
VNM,7/2/2008,112,112,112,112,217540,112,106,109,3,2.75,0,135570,95400
VNM,7/3/2008,115,115,115,115,134410,115,109,112,3,2.68,0,110200,106800
VNM,7/4/2008,118,118,118,118,157230,118,112,115,3,2.61,0,120820,101490
VNM,7/7/2008,121,121,115,115,202790,121,115,118,-3,-2.54,0,159280,57970
VNM,7/8/2008,112,115,112,115,129630,118,112,115,0,0,0,57210,400
VNM,7/9/2008,113,115,112,112,287040,118,112,115,-3,-2.61,0,164360,64810
VNM,7/10/2008,115,115,114,115,324490,115,109,112,3,2.68,200000,415060,185640
VNM,7/11/2008,118,118,117,118,289280,118,112,115,3,2.61,30000,209030,191260
VNM,7/14/2008,118,121,118,120,130310,121,115,118,2,1.69,0,400,17470
VNM,7/15/2008,123,123,121,123,240460,123,117,120,3,2.5,0,60070,114820
VNM,7/16/2008,120,120,120,120,64020,126,120,123,-3,-2.44,0,6610,33400
VNM,7/17/2008,117,120,117,117,231120,123,117,120,-3,-2.5,0,18850,109730
VNM,7/18/2008,114,114,114,114,54230,120,114,117,-3,-2.56,0,34470,33000
VNM,7/21/2008,111,111,111,111,14160,117,111,114,-3,-2.63,0,6380,9260
VNM,7/22/2008,108,108,108,108,8650,114,108,111,-3,-2.7,0,7700,8650
VNM,7/23/2008,105,105,105,105,2170,111,105,108,-3,-2.78,0,1620,770
VNM,7/24/2008,102,102,102,102,337350,108,102,105,-3,-2.86,0,268720,182260
VNM,7/25/2008,99,99,99,99,110790,105,99,102,-3,-2.94,0,85130,61270
VNM,7/28/2008,96.5,101,96.5,101,277220,101,96.5,99,2,2.02,0,0,140470
VNM,7/29/2008,104,104,104,104,36580,104,98,101,3,2.97,0,8280,8270
VNM,7/30/2008,107,107,107,107,171540,107,101,104,3,2.88,0,126900,20
VNM,7/31/2008,109,109,106,109,125420,110,104,107,2,1.87,121950,98320,36790
VNM,8/1/2008,106,108,106,106,176370,112,106,109,-3,-2.75,0,92860,30850
VNM,8/4/2008,103,104,103,103,77450,109,103,106,-3,-2.83,0,66030,58070
VNM,8/5/2008,100,100,100,100,36590,106,100,103,-3,-2.91,0,690,19980
VNM,8/6/2008,100,103,100,103,232670,103,97,100,3,3,0,43030,200740
VNM,8/7/2008,106,106,105,105,228480,106,100,103,2,1.94,0,184980,146020
VNM,8/8/2008,104,106,103,104,80170,108,102,105,-1,-0.95,0,4360,44250
VNM,8/11/2008,107,107,105,107,61920,107,101,104,3,2.88,0,820,32830
VNM,8/12/2008,110,110,104,105,105180,110,104,107,-2,-1.87,0,41920,15070
VNM,8/13/2008,104,106,104,105,92170,108,102,105,0,0,0,42840,21000
VNM,8/14/2008,103,108,103,108,222630,108,102,105,3,2.86,0,53840,81980
VNM,8/15/2008,111,111,111,111,73910,111,105,108,3,2.78,40000,66050,49430
VNM,8/18/2008,115,115,113,115,195120,115,105,110,5,4.55,55000,81810,81600
VNM,8/19/2008,120,120,113,114,487020,120,110,115,-1,-0.87,0,264990,286580
VNM,8/20/2008,109,116,109,115,193150,119,109,114,1,0.88,0,64650,50680
VNM,8/21/2008,115,117,114,117,258070,120,110,115,2,1.74,40000,42290,126300
VNM,8/22/2008,115,116,114,114,289380,122,112,117,-3,-2.56,0,34420,222080
VNM,8/25/2008,115,119,115,118,235930,119,109,114,4,3.51,319950,132160,126960
VNM,8/26/2008,123,123,118,118,538250,123,113,118,0,0,40000,143760,421800
VNM,8/27/2008,117,120,113,113,321520,123,113,118,-5,-4.24,0,-84300,265420
VNM,8/28/2008,113,113,110,111,361620,118,108,113,-2,-1.77,0,240180,284200
VNM,8/29/2008,106,110,106,106,442750,116,106,111,-5,-4.5,0,90260,411900
VNM,9/3/2008,111,111,110,111,312910,111,101,106,5,4.72,0,227070,272740
VNM,9/4/2008,116,116,114,116,245590,116,106,111,5,4.5,0,158280,100180
VNM,9/5/2008,111,116,111,112,42840,121,111,116,-4,-3.45,0,21450,10680
VNM,9/8/2008,107,109,107,107,68820,117,107,112,-5,-4.46,0,8820,14960
VNM,9/9/2008,109,110,107,108,30490,112,102,107,1,0.93,0,14400,660
VNM,9/10/2008,111,111,107,109,55640,113,103,108,1,0.93,0,35840,7400
VNM,9/11/2008,105,106,104,104,66470,114,104,109,-5,-4.59,0,5310,48170
VNM,9/12/2008,104,106,100,102,78650,109,99,104,-2,-1.92,0,6080,20000
VNM,9/15/2008,100,107,100,104,98130,107,97,102,2,1.96,150000,45340,83680
VNM,9/16/2008,102,102,99,99,88670,109,99,104,-5,-4.81,0,13210,58120
VNM,9/17/2008,95,97,95,95,75180,103,94.5,99,-4,-4.04,0,5450,35780
VNM,9/18/2008,90.5,91,90.5,90.5,164910,99.5,90.5,95,-4.5,-4.74,0,41750,56070
VNM,9/19/2008,95,95,94.5,95,104930,95,86,90.5,4.5,4.97,0,37690,89760
VNM,9/22/2008,99.5,99.5,99.5,99.5,31520,99.5,90.5,95,4.5,4.74,0,14130,11700
VNM,9/23/2008,95,104,95,102,243000,104,95,99.5,2.5,2.51,0,113230,100690
VNM,9/24/2008,98.5,98.5,97,97,84760,107,97,102,-5,-4.9,0,23570,30380
VNM,9/25/2008,92.5,95,92.5,93,402720,101,92.5,97,-4,-4.12,0,120940,375440
VNM,9/26/2008,97.5,97.5,95,97.5,155290,97.5,88.5,93,4.5,4.84,0,26040,95970
VNM,9/29/2008,97.5,98,94,95,36350,102,93,97.5,-2.5,-2.56,0,7250,10600
VNM,9/30/2008,90.5,92,90.5,90.5,459930,99.5,90.5,95,-4.5,-4.74,0,135410,232060
VNM,10/1/2008,95,95,92.5,95,182630,95,86,90.5,4.5,4.97,0,2770,49290
VNM,10/2/2008,95,97.5,94,94.5,241750,99.5,90.5,95,-0.5,-0.53,0,57070,70180
VNM,10/3/2008,94,94,93,94,176320,99,90,94.5,-0.5,-0.53,0,87960,89420
VNM,10/6/2008,90,93.5,90,93.5,263740,98.5,89.5,94,-0.5,-0.53,0,170110,158450
VNM,10/7/2008,89,91,89,90,299450,98,89,93.5,-3.5,-3.74,0,210680,99130
VNM,10/8/2008,89,91,89,90,269270,94.5,85.5,90,0,0,0,143830,206080
VNM,10/9/2008,91,94,90,94,189440,94.5,85.5,90,4,4.44,0,107230,35840
VNM,10/10/2008,89.5,91,89.5,89.5,223960,98.5,89.5,94,-4.5,-4.79,0,85460,187830
VNM,10/13/2008,86,87,85.5,85.5,199420,93.5,85.5,89.5,-4,-4.47,0,53210,136730
VNM,10/14/2008,89.5,89.5,89.5,89.5,200260,89.5,81.5,85.5,4,4.68,0,134080,165470
VNM,10/15/2008,91,91,89,89.5,309380,93.5,85.5,89.5,0,0,0,139030,193510
VNM,10/16/2008,85.5,87.5,85.5,85.5,292070,93.5,85.5,89.5,-4,-4.47,0,101430,244320
VNM,10/17/2008,83,85,81.5,81.5,378900,89.5,81.5,85.5,-4,-4.68,0,111810,351560
VNM,10/20/2008,81.5,83.5,78.5,81.5,145960,85.5,77.5,81.5,0,0,0,91080,103180
VNM,10/21/2008,80,83,80,83,85780,85.5,77.5,81.5,1.5,1.84,0,11760,38040
VNM,10/22/2008,81,82.5,80,81,172550,87,79,83,-2,-2.41,0,80710,141950
VNM,10/23/2008,77,78,77,77,396910,85,77,81,-4,-4.94,0,194000,355070
VNM,10/24/2008,73.5,75,73.5,73.5,199000,80.5,73.5,77,-3.5,-4.55,0,69310,63030
VNM,10/27/2008,70,70.5,70,70,261440,77,70,73.5,-3.5,-4.76,0,10270,21760
VNM,10/28/2008,66.5,68,66.5,68,163050,73.5,66.5,70,-2,-2.86,0,60590,98790
VNM,10/29/2008,71,71,71,71,123380,71,65,68,3,4.41,0,32500,64180
VNM,10/30/2008,74,74.5,72,74.5,282200,74.5,67.5,71,3.5,4.93,0,195050,121700
VNM,10/31/2008,78,78,77,78,159170,78,71,74.5,3.5,4.7,0,35630,80060
VNM,11/3/2008,79,81.5,78,81,233530,81.5,74.5,78,3,3.85,0,91530,87650
VNM,11/4/2008,81,85,81,85,348370,85,77,81,4,4.94,0,151240,261740
VNM,11/5/2008,89,89,89,89,264630,89,81,85,4,4.71,0,187140,111300
VNM,11/6/2008,89,92.5,86.5,92,507500,93,85,89,3,3.37,0,429180,172780
VNM,11/7/2008,88,92,87.5,88,294620,96.5,87.5,92,-4,-4.35,0,262980,103870
VNM,11/10/2008,90,90,88.5,90,142860,92,84,88,2,2.27,0,87330,9820
VNM,11/11/2008,86,86.5,85.5,85.5,71930,94.5,85.5,90,-4.5,-5,0,18310,7880
VNM,11/12/2008,81.5,82.5,81.5,82.5,296900,89.5,81.5,85.5,-3,-3.51,0,136850,226280
VNM,11/13/2008,81,86.5,81,86.5,104750,86.5,78.5,82.5,4,4.85,0,27450,4400
VNM,11/14/2008,89,89,86.5,86.5,42780,90.5,82.5,86.5,0,0,0,1720,19660
VNM,11/17/2008,84.5,86.5,84.5,85,37750,90.5,82.5,86.5,-1.5,-1.73,0,16240,540
VNM,11/18/2008,83.5,85.5,83.5,85.5,17960,89,81,85,0.5,0.59,0,12000,1700
VNM,11/19/2008,85.5,85.5,85,85,60140,89.5,81.5,85.5,-0.5,-0.58,0,31750,39580
VNM,11/20/2008,83,83,81,82.5,82770,89,81,85,-2.5,-2.94,0,41830,2180
VNM,11/21/2008,79,82.5,79,81,76640,86.5,78.5,82.5,-1.5,-1.82,115500,39870,27060
VNM,11/24/2008,83,83,77.5,77.5,199520,85,77,81,-3.5,-4.32,0,46390,185300
VNM,11/25/2008,77.5,79,76,76.5,498130,81,74,77.5,-1,-1.29,0,265440,483520
VNM,11/26/2008,75.5,75.5,73,74,141920,78,71,74.6,-0.6,-0.8,0,52140,105310
VNM,11/27/2008,74,77,73,73,119110,77.5,70.5,74,-1,-1.35,0,30120,93640
VNM,11/28/2008,76,76.5,76,76.5,281340,76.5,69.5,73,3.5,4.79,0,94260,176770
VNM,12/1/2008,74.5,76,74,75,130240,80,73,76.5,-1.5,-1.96,0,12390,116870
VNM,12/2/2008,73,75,73,74,38400,78.5,71.5,75,-1,-1.33,0,6790,13260
VNM,12/3/2008,75,75,73.5,75,80880,77.5,70.5,74,1,1.35,0,35210,43900
VNM,12/4/2008,75,76.5,74,76,163960,78.5,71.5,75,1,1.33,0,105400,136450
VNM,12/5/2008,75.5,75.5,73.5,75,81480,79.5,72.5,76,-1,-1.32,29985,57040,8640
VNM,12/8/2008,74.5,74.5,71.5,72,124000,78.5,71.5,75,-3,-4,0,61920,18080
VNM,12/9/2008,70.5,75.5,70.5,75.5,92390,75.5,68.5,72,3.5,4.86,0,38810,43890
VNM,12/10/2008,75,75,73.5,75,67250,79,72,75.5,-0.5,-0.66,0,51080,0
VNM,12/11/2008,76.5,78,76.5,78,263000,78.5,71.5,75,3,4,0,248700,38840
VNM,12/12/2008,80,81.5,79.5,81.5,225990,81.5,74.5,78,3.5,4.49,0,93050,0
VNM,12/15/2008,83.5,84,81,84,103290,85.5,77.5,81.5,2.5,3.07,0,62820,7380
VNM,12/16/2008,84,84,80.5,81.5,121110,88,80,84,-2.5,-2.98,0,110800,2540
VNM,12/17/2008,80,83,80,82,99280,85.5,77.5,81.5,0.5,0.61,0,55290,55260
VNM,12/18/2008,82,83.5,82,83,81480,86,78,82,1,1.22,0,56930,7280
VNM,12/19/2008,83,86,83,84,177520,87,79,83,1,1.2,0,137500,56950
VNM,12/22/2008,85.5,85.5,84,84.5,82270,88,80,84,0.5,0.6,0,64580,29050
VNM,12/23/2008,84,84,81.5,82,122500,88.5,80.5,84.5,-2.5,-2.96,0,43060,40860
VNM,12/24/2008,81.5,83,81.5,83,68760,86,78,82,1,1.22,0,35180,0
VNM,12/25/2008,82,83,82,82.5,27270,87,79,83,-0.5,-0.6,0,200,0
VNM,12/26/2008,82.5,83,82,82.5,51190,86.5,78.5,82.5,0,0,0,12810,0
VNM,12/29/2008,83,83,82.5,83,36020,86.5,78.5,82.5,0.5,0.61,0,11630,0
VNM,12/30/2008,82.5,83.5,82,83,139250,87,79,83,0,0,0,31930,64580
VNM,12/31/2008,82,83,82,83,70850,87,79,83,0,0,0,18330,33850
VNM,1/2/2009,83,84.5,83,84.5,64000,87,79,83,1.5,1.81,0,43190,200
VNM,1/5/2009,83.5,84.5,83.5,84,107070,88.5,80.5,84.5,-0.5,-0.59,0,29890,70000
VNM,1/6/2009,85,86,85,85,57160,88,80,84,1,1.19,0,24700,33970
VNM,1/7/2009,88,88.5,86.5,86.5,218480,89,81,85,1.5,1.76,0,150450,159320
VNM,1/8/2009,87,88,85.5,86,191380,90.5,82.5,86.5,-0.5,-0.58,0,88430,156880
VNM,1/9/2009,85,86,85,85,238010,90,82,86,-1,-1.16,0,118250,220230
VNM,1/12/2009,84,84.5,84,84,84160,89,81,85,-1,-1.18,0,53000,75870
VNM,1/13/2009,84,84,83.5,84,28020,88,80,84,0,0,0,16890,12150
VNM,1/14/2009,83,85,83,85,72860,88,80,84,1,1.19,0,45860,44630
VNM,1/15/2009,83,83.5,83,83,170910,89,81,85,-2,-2.35,0,28170,157000
VNM,1/16/2009,83,84.5,83,84.5,78340,87,79,83,1.5,1.81,0,76360,33280
VNM,1/19/2009,85,85,84,84.5,28980,88.5,80.5,84.5,0,0,0,21820,9000
VNM,1/20/2009,84,85,84,84.5,4930,88.5,80.5,84.5,0,0,0,3010,0
VNM,1/21/2009,84,84,83,83,80320,88.5,80.5,84.5,-1.5,-1.78,0,30390,78840
VNM,1/22/2009,82,83,82,82,98530,86,78,83,-1,-1.2,0,10590,95130
VNM,1/23/2009,82,82.5,82,82,52620,86,78,82,0,0,0,6020,52260
VNM,2/2/2009,82,82.5,82,82,26960,86,78,82,0,0,0,300,18910
VNM,2/3/2009,81.5,81.5,78.5,78.5,106450,86,78,82,-3.5,-4.27,0,21420,77970
VNM,2/4/2009,78.5,79.5,78.5,78.5,33820,82,75,78.5,0,0,0,310,26370
VNM,2/5/2009,78.5,78.5,77,77.5,74900,82,75,78.5,-1,-1.27,0,56020,50700
VNM,2/6/2009,80,81,79,81,130120,81,74,77.5,3.5,4.52,64000,120930,60260
VNM,2/9/2009,82,82,80.5,81,48630,85,77,81,0,0,74000,33630,41000
VNM,2/10/2009,81,81,78,79,17680,85,77,81,-2,-2.47,0,8370,15000
VNM,2/11/2009,78,79,78,79,57880,82.5,75.5,79,0,0,0,16460,24230
VNM,2/12/2009,79,80,78.5,79,66040,82.5,75.5,79,0,0,0,36000,63650
VNM,2/13/2009,78.5,79.5,78.5,78.5,80110,82.5,75.5,79,-0.5,-0.63,0,36300,55000
VNM,2/16/2009,78.5,79,78,79,29090,82,75,78.5,0.5,0.64,0,22410,10040
VNM,2/17/2009,79,79,76.5,76.5,151310,82.5,75.5,79,-2.5,-3.16,0,29370,30410
VNM,2/18/2009,75,76,74.5,75,215000,80,73,76.5,-1.5,-1.96,0,137000,69750
VNM,2/19/2009,77.5,77.5,76,76,74340,78.5,71.5,75,1,1.33,0,47570,27180
VNM,2/20/2009,75,76,74,74.5,181370,79.5,72.5,76,-1.5,-1.97,0,82020,24000
VNM,2/23/2009,73.5,74,73,73.5,134550,78,71,74.5,-1,-1.34,0,66870,110500
VNM,2/24/2009,71,73,70,73,249370,77,70,73.5,-0.5,-0.68,0,141590,132490
VNM,2/25/2009,75,76.5,74,76.5,116000,76.5,69.5,73,3.5,4.79,0,87060,50000
VNM,2/26/2009,74,76.5,73.5,73.5,93720,80,73,76.5,-3,-3.92,0,62630,50830
VNM,2/27/2009,71.5,75,71.5,74.5,70390,77,70,73.5,1,1.36,0,52910,25460
VNM,3/2/2009,74.5,76,74.5,76,66360,78,71,74.5,1.5,2.01,0,44940,0
VNM,3/3/2009,74,75,74,74,36620,79.5,72.5,76,-2,-2.63,0,22990,32880
VNM,3/4/2009,75,76,74.5,76,32380,77.5,70.5,74,2,2.7,21000,31200,8140
VNM,3/5/2009,76.5,76.5,74.5,74.5,55210,79.5,72.5,76,-1.5,-1.97,0,16150,42150
VNM,3/6/2009,74.5,75,74.5,74.5,47800,78,71,74.5,0,0,0,37580,35000
VNM,3/9/2009,74.5,75.5,74.5,75.5,41390,78,71,74.5,1,1.34,0,32950,20000
VNM,3/10/2009,75.5,76,74.5,76,47670,79,72,75.5,0.5,0.66,0,11490,40500
VNM,3/11/2009,76.5,76.5,75,75.5,42280,79.5,72.5,76,-0.5,-0.66,53000,1350,30020
VNM,3/12/2009,75,75.5,74.5,74.5,46600,79,72,75.5,-1,-1.32,0,10190,36200
VNM,3/13/2009,75.5,75.5,74.5,74.5,35190,78,71,74.5,0,0,0,11010,17700
VNM,3/16/2009,74.5,75.5,74.5,75,37510,78,71,74.5,0.5,0.67,0,830,9400
VNM,3/17/2009,76.5,77,76,76.5,62610,78.5,71.5,75,1.5,2,49325,39520,4490
VNM,3/18/2009,79,79.5,78.5,79.5,156800,80,73,76.5,3,3.92,0,84470,45850
VNM,3/19/2009,79,79.5,76.5,77.5,44140,83,76,79.5,-2,-2.52,0,21040,9520
VNM,3/20/2009,76,77.5,76,76.5,61430,81,74,77.5,-1,-1.29,0,26800,53490
VNM,3/23/2009,76.5,76.5,76,76,46900,80,73,76.5,-0.5,-0.65,50000,34070,23960
VNM,3/24/2009,79,79.5,79,79.5,183430,79.5,72.5,76,3.5,4.61,0,164870,22580
VNM,3/25/2009,79.5,80,79,80,75230,83,76,79.5,0.5,0.63,0,19310,4200
VNM,3/26/2009,81,81.5,80,81.5,105600,84,76,80,1.5,1.88,50000,83370,4000
VNM,3/27/2009,81,81,79,80.5,76970,85.5,77.5,81.5,-1,-1.23,0,5310,27640
VNM,3/30/2009,79,80,78.5,80,50630,84.5,76.5,80.5,-0.5,-0.62,0,25870,3320
VNM,3/31/2009,80,80,78.5,78.5,54290,84,76,80,-1.5,-1.87,0,23250,34510
VNM,4/1/2009,81.5,81.5,79.5,80,29920,82,75,78.5,1.5,1.91,50500,860,10000
VNM,4/2/2009,80.5,82,80,82,39420,84,76,80,2,2.5,0,26670,650
VNM,4/3/2009,84,86,84,85.5,156500,86,78,82,3.5,4.27,38000,43350,19020
VNM,4/7/2009,87,87,84.5,86.5,69370,89.5,81.5,85.5,1,1.17,0,24180,8010
VNM,4/8/2009,84.5,85,82.5,82.5,80990,90.5,82.5,86.5,-4,-4.62,0,32720,54000
VNM,4/9/2009,83.5,83.5,81,82,41600,86.5,78.5,82.5,-0.5,-0.61,0,1120,0
VNM,4/10/2009,86,86,80,84.5,135420,86,78,82,2.5,3.05,0,23510,82440
VNM,4/13/2009,86,88.5,85,88.5,215060,88.5,80.5,84.5,4,4.73,0,20410,23180
VNM,4/14/2009,91.5,91.5,86,88.5,302310,92.5,84.5,88.5,0,0,0,97790,177360
VNM,4/15/2009,0,88.5,86,87,437310,92.5,84.5,88.5,-1.5,-1.69,20000,382110,240350
VNM,4/16/2009,87,90,86,87.5,323320,91,83,87,0.5,0.57,0,239650,117940
VNM,4/17/2009,86.5,86.5,83.5,83.5,178240,91.5,83.5,87.5,-4,-4.57,0,52100,100000
VNM,4/20/2009,79.5,81,79.5,80,138330,87.5,79.5,83.5,-3.5,-4.19,0,23850,37740
VNM,4/21/2009,78,84,78,84,171520,84,76,80,4,5,0,115680,105050
VNM,4/22/2009,87,88,85,85,146400,88,80,84,1,1.19,0,129160,52840
VNM,4/23/2009,83,86,82.5,83,25030,89,81,85,-2,-2.35,0,3340,13270
VNM,4/24/2009,80,83,80,83,72480,87,79,83,0,0,0,15090,38640
VNM,4/27/2009,85.5,86.5,84.5,86.5,150460,90.5,82.5,83,3.5,4.22,0,148420,26920
VNM,4/28/2009,84.5,85.5,84.5,85,46830,90.5,82.5,86.5,-1.5,-1.73,0,21430,10170
VNM,4/29/2009,84,85.5,84,85,30130,89,81,85,0,0,0,8880,9270
VNM,5/4/2009,89,89,89,89,163680,89,81,85,4,4.71,0,121760,45370
VNM,5/5/2009,93,93,93,93,221270,93,85,89,4,4.49,0,149770,11100
VNM,5/6/2009,94,96.5,93,96,329780,97.5,88.5,93,3,3.23,0,311010,15030
VNM,5/7/2009,98,99,97,99,89520,100,91.5,96,3,3.13,0,33190,19420
VNM,5/8/2009,96,98.5,95.5,95.5,52790,103,94.5,99,-3.5,-3.54,0,0,0
VNM,5/11/2009,99,99.5,97,98,163660,100,91,95.5,2.5,2.62,0,110230,2110
VNM,5/12/2009,98,98.5,97,98,119050,102,93.5,98,0,0,0,32920,61740
VNM,5/13/2009,98.5,98.5,96,98,175370,102,93.5,98,0,0,0,105960,32170
VNM,5/14/2009,95,97,95,95.5,145800,102,93.5,98,-2.5,-2.55,0,83260,21620
VNM,5/15/2009,97.5,98,96,98,114750,100,91,95.5,2.5,2.62,0,86460,54170
VNM,5/18/2009,97.5,97.5,96.5,97,132700,102,93.5,98,-1,-1.02,0,112020,63040
VNM,5/19/2009,98.5,98.5,96,96,110960,101,92.5,97,-1,-1.03,0,45910,57000
VNM,5/20/2009,95,97,94.5,95,140220,100,91.5,96,-1,-1.04,0,69260,50570
VNM,5/21/2009,95,95,94.5,94.5,143210,99.5,90.5,95,-0.5,-0.53,0,59760,52410
VNM,5/22/2009,93.5,94.5,92,92,111790,99,90,94.5,-2.5,-2.65,0,11910,6360
VNM,5/25/2009,93,95,92,94.5,151310,96.5,87.5,92,2.5,2.72,0,65230,80720
VNM,5/26/2009,93,94.5,92,92,166350,99,90,94.5,-2.5,-2.65,30000,30450,130340
VNM,5/27/2009,92,93,91.5,91.5,162210,96.5,87.5,92,-0.5,-0.54,0,29460,141140
VNM,5/28/2009,89.5,91,89,90,287870,96,87,91.5,-1.5,-1.64,333521,117090,276480
VNM,5/29/2009,93.5,93.5,88,88,129040,94.5,85.5,90,-2,-2.22,0,74310,88000
VNM,6/1/2009,90,92,90,91.5,257090,92,84,88,3.5,3.98,0,144800,243820
VNM,6/2/2009,96,96,92,93,199210,96,87,91.5,1.5,1.64,0,136170,75110
VNM,6/3/2009,93.5,93.5,92,93,220290,97.5,88.5,93,0,0,0,167100,96480
VNM,6/4/2009,93,94.5,93,94,245960,97.5,88.5,93,1,1.08,0,179410,124580
VNM,6/5/2009,97.5,97.5,95.5,96.5,184360,98.5,89.5,94,2.5,2.66,0,26570,3960
VNM,6/8/2009,101,101,101,101,142560,101,92,96.5,4.5,4.66,0,1560,19890
VNM,6/9/2009,106,106,104,106,302620,106,96,101,5,4.95,0,168740,48040
VNM,6/10/2009,106,106,106,101,240700,111,101,106,-5,-4.72,0,148390,30970
VNM,6/11/2009,101,102,101,105,114680,106,96,101,4,3.96,0,55600,3610
VNM,6/12/2009,106,106,101,102,137560,107,97,105,-3,-2.86,0,47390,830
VNM,6/15/2009,97,98,97,97.5,263770,107,97,102,-4.5,-4.41,0,186980,69220
VNM,6/16/2009,93,93.5,93,93,304100,102,93,97.5,-4.5,-4.62,0,132660,226380
VNM,6/17/2009,88.5,92,88.5,90,263160,97.5,88.5,93,-3,-3.23,0,93380,232110
VNM,6/18/2009,94.5,94.5,93,94.5,76420,94.5,85.5,90,4.5,5,0,25210,47670
VNM,6/19/2009,96,96,94,94.5,69950,99,90,94.5,0,0,0,48710,760
VNM,6/22/2009,94.5,94.5,92,93.5,44440,99,90,94.5,-1,-1.06,0,32590,150
VNM,6/23/2009,89.5,91,89,89.5,244700,98,89,93.5,-4,-4.28,0,96890,170850
VNM,6/24/2009,93,93.5,92,93.5,74770,93.5,85.5,89.5,4,4.47,0,6500,35010
VNM,6/25/2009,97,97,94,97,177000,98,89,93.5,3.5,3.74,0,163070,3900
VNM,6/26/2009,97,97.5,96.5,97,177730,101,92.5,97,0,0,250000,99080,53040
VNM,6/29/2009,98,98,95.5,95.5,34310,101,92.5,97,-1.5,-1.55,295500,380,0
VNM,6/30/2009,95.5,96,92,92,74960,96.5,87.5,95.5,-3.5,-3.66,204500,18320,35970
VNM,7/1/2009,90.5,92,90,90,179890,96.5,87.5,92,-2,-2.17,0,71000,162270
VNM,7/2/2009,90,93,90,91,203350,94.5,85.5,90,1,1.11,0,131350,197170
VNM,7/3/2009,92,93,91.5,93,77110,95.5,86.5,91,2,2.2,150000,23910,1990
VNM,7/6/2009,94.5,97,93,97,200830,97.5,88.5,93,4,4.3,20000,40100,83850
VNM,7/7/2009,95,96,93,95,272760,101,92.5,97,-2,-2.06,0,24510,154910
VNM,7/8/2009,95,98,94,98,187110,99.5,90.5,95,3,3.16,135000,45590,9360
VNM,7/9/2009,102,102,102,102,71590,102,93.5,98,4,4.08,0,62110,3450
VNM,7/10/2009,107,107,107,107,49310,107,97,102,5,4.9,0,0,11190
VNM,7/13/2009,112,112,112,112,535160,112,102,107,5,4.67,0,169600,232780
VNM,7/14/2009,117,117,110,115,1036480,117,107,112,3,2.68,40000,506850,238280
VNM,7/15/2009,118,120,117,120,395120,120,110,115,5,4.35,0,272000,112570
VNM,7/16/2009,124,124,119,120,207640,126,114,120,0,0,0,100230,69330
VNM,7/17/2009,118,118,114,114,343320,126,114,120,-6,-5,20500,0,0
VNM,7/20/2009,108,110,108,109,215070,117,107,112,-3,-2.68,0,168910,133410
VNM,7/21/2009,109,111,109,110,227420,114,104,109,1,0.92,0,147870,67370
VNM,7/22/2009,112,114,112,113,184970,115,105,110,3,2.73,20000,126800,56270
VNM,7/23/2009,113,115,113,115,254820,118,108,113,2,1.77,22000,133820,176600
VNM,7/24/2009,120,120,119,120,376280,120,110,115,5,4.35,0,105820,287640
VNM,7/27/2009,120,124,119,124,242950,126,114,120,4,3.33,0,154440,0
VNM,7/28/2009,120,124,120,124,248020,130,118,124,0,0,0,167600,5880
VNM,7/29/2009,125,125,124,124,231450,130,118,124,0,0,0,163290,72760
VNM,7/30/2009,123,124,119,123,80040,130,118,124,-1,-0.81,0,51170,2400
VNM,7/31/2009,124,126,123,126,276590,129,117,123,3,2.44,0,187240,202550
VNM,8/3/2009,128,132,127,132,98280,132,120,126,6,4.76,0,57540,7700
VNM,8/4/2009,138,138,136,138,268310,138,126,132,6,4.55,0,143430,87560
VNM,8/5/2009,139,144,138,143,305660,144,132,138,5,3.62,376000,80210,108810
VNM,8/6/2009,143,147,138,141,131440,150,136,143,-2,-1.4,0,59010,32260
VNM,8/7/2009,141,142,140,141,85680,148,134,141,0,0,0,500,17340
VNM,8/10/2009,143,145,141,145,122670,148,134,141,4,2.84,0,46420,19860
VNM,8/11/2009,148,150,148,150,196940,152,138,145,5,3.45,0,120460,94670
VNM,8/12/2009,150,151,148,148,157810,157,143,150,-2,-1.33,70000,68680,75380
VNM,8/13/2009,148,149,147,148,226530,155,141,148,0,0,0,164270,101550
VNM,8/14/2009,147,150,147,150,126370,155,141,148,2,1.35,0,88030,38100
VNM,8/17/2009,150,153,150,151,113260,157,143,150,1,0.67,0,36890,25880
VNM,8/18/2009,149,150,147,148,126490,158,144,151,-3,-1.99,0,30800,49110
VNM,8/19/2009,149,151,148,148,56190,155,141,148,0,0,0,2150,13880
VNM,8/20/2009,155,155,151,155,207070,155,141,148,7,4.73,0,29960,57880
VNM,8/21/2009,162,162,155,160,505720,162,148,155,5,3.23,100000,205950,409160
VNM,8/24/2009,160,160,158,158,219780,168,152,160,-2,-1.25,0,70720,149170
VNM,8/25/2009,156,157,151,157,164620,165,151,158,-1,-0.63,0,50720,30000
VNM,8/26/2009,152,155,150,150,229170,164,150,157,-7,-4.46,0,12790,130420
VNM,8/27/2009,153,154,152,154,121990,157,143,150,4,2.67,0,81070,10620
VNM,8/28/2009,158,158,155,156,192700,161,147,154,2,1.3,0,113830,55500
VNM,8/31/2009,158,158,156,158,264350,163,149,156,2,1.28,0,141920,126510
VNM,9/1/2009,156,158,155,156,94210,165,151,158,-2,-1.27,0,23550,6530
VNM,9/2/2009,0,0,0,156,0,165,151,156,0,0,0,0,0
VNM,9/3/2009,152,155,149,152,506420,163,149,156,-4,-2.56,0,3370,431030
VNM,9/4/2009,149,153,148,149,139550,159,145,152,-3,-1.97,20000,9400,24030
VNM,9/7/2009,150,151,148,150,128120,156,142,149,1,0.67,0,1720,1030
VNM,9/8/2009,157,157,152,157,240420,157,143,150,7,4.67,23000,4400,10930
VNM,9/9/2009,155,158,155,155,63130,164,150,157,-2,-1.27,0,7490,520
VNM,9/10/2009,162,162,161,162,344340,162,148,155,7,4.52,0,30500,59080
VNM,9/11/2009,170,170,168,170,461500,170,154,162,8,4.94,0,97030,204670
VNM,9/14/2009,175,177,173,175,271030,178,162,170,5,2.94,0,35760,53110
VNM,9/15/2009,172,174,167,167,383940,183,167,175,-8,-4.57,0,18450,143590
VNM,9/16/2009,165,166,162,164,245450,175,159,167,-3,-1.8,132990,52930,13700
VNM,9/17/2009,171,172,167,172,711440,172,156,164,8,4.88,44540,257020,352200
VNM,9/18/2009,90,90,90,90,577530,90,82,86,4,4.65,230000,0,555810
VNM,9/21/2009,94.5,94.5,94.5,94.5,503510,94.5,85.5,90,4.5,5,233106,3820,228700
VNM,9/22/2009,99,99,96.5,99,2191200,99,90,94.5,4.5,4.76,0,24320,1291690
VNM,9/23/2009,99,99,95,95,1145820,103,94.5,99,-4,-4.04,0,21600,660800
VNM,9/24/2009,91,95,90.5,90.5,1131030,99.5,90.5,95,-4.5,-4.74,0,2580,547710
VNM,9/25/2009,90,92,89,91,559770,95,86,90.5,0.5,0.55,0,4180,315550
VNM,9/28/2009,91,91.5,88,88,581330,95.5,86.5,91,-3,-3.3,0,9430,176310
VNM,9/29/2009,86,87.5,86,86,920850,92,84,88,-2,-2.27,0,216790,269260
VNM,9/30/2009,87,90,86,90,678350,90,82,86,4,4.65,0,304470,96690
VNM,10/1/2009,92.5,92.5,88,88,667590,94.5,85.5,90,-2,-2.22,0,250790,183810
VNM,10/2/2009,85,87,84,85.5,873070,92,84,88,-2.5,-2.84,0,217700,275080
VNM,10/5/2009,85,86,84,85,288520,89.5,81.5,85.5,-0.5,-0.58,0,95740,68510
VNM,10/6/2009,85,85.5,84,84.5,489010,89,81,85,-0.5,-0.59,30000,133320,189060
VNM,10/7/2009,85,88.5,85,88.5,538670,88.5,80.5,84.5,4,4.73,40000,156390,150790
VNM,10/8/2009,90,90,88,89.5,504710,92.5,84.5,88.5,1,1.13,0,365690,107440
VNM,10/9/2009,90,90,88.5,89,651820,93.5,85.5,89.5,-0.5,-0.56,0,323790,467520
VNM,10/12/2009,89.5,89.5,88,88.5,264260,93,85,89,-0.5,-0.56,0,1030,10690
VNM,10/13/2009,87,88,86,86,373090,92.5,84.5,88.5,-2.5,-2.82,0,3350,6420
VNM,10/14/2009,86,90,86,90,375850,90,82,86,4,4.65,0,221170,5960
VNM,10/15/2009,93,93.5,91,91,646020,94.5,85.5,90,1,1.11,0,98990,61250
VNM,10/16/2009,90,90,88,88,282560,95.5,86.5,91,-3,-3.3,0,50520,4100
VNM,10/19/2009,87,88,87,87,337510,92,84,88,-1,-1.14,50000,73200,5210
VNM,10/20/2009,88,88.5,87,87,250520,91,83,87,0,0,0,9690,4520
VNM,10/21/2009,85,86.5,85,86,502720,91,83,87,-1,-1.15,0,29440,70290
VNM,10/22/2009,86,86.5,85,86,649040,90,82,86,0,0,0,126020,52480
VNM,10/23/2009,86,86.5,85,85.5,664210,90,82,86,-0.5,-0.58,0,43890,43860
VNM,10/26/2009,85,86,85,85,414370,89.5,81.5,85.5,-0.5,-0.58,0,20620,7920
VNM,10/27/2009,85,85.5,84,85,643410,89,81,85,0,0,0,313060,131860
VNM,10/28/2009,86,89,85,89,880660,89,81,85,4,4.71,0,646090,61810
VNM,10/29/2009,87,88,85.5,87,564070,93,85,89,-2,-2.25,0,327400,50750
VNM,10/30/2009,89,89,86.5,87.5,595340,91,83,87,0.5,0.57,0,270880,249850
VNM,11/2/2009,84,84.5,83.5,84,545760,91.5,83.5,87.5,-3.5,-4,0,198110,157000
VNM,11/3/2009,82,83.5,81,81,599180,88,80,84,-3,-3.57,0,251390,255040
VNM,11/4/2009,80,83,80,81.5,365700,85,77,81,0.5,0.62,0,133600,120720
VNM,11/5/2009,83,85.5,82.5,84,220610,85.5,77.5,81.5,2.5,3.07,0,74330,42100
VNM,11/6/2009,85.5,85.5,84,84,321320,88,80,84,0,0,0,240640,119120
VNM,11/9/2009,81,84,80.5,81.5,229510,88,80,84,-2.5,-2.98,0,102150,67100
VNM,11/10/2009,82.5,83,81,82.5,328780,85.5,77.5,81.5,1,1.23,0,246400,55450
VNM,11/11/2009,82.5,85,82,85,295090,86.5,78.5,82.5,2.5,3.03,0,176740,44330
VNM,11/12/2009,85,86,85,85,232460,89,81,85,0,0,0,99530,8450
VNM,11/13/2009,83,85,83,85,254020,89,81,85,0,0,0,213760,26620
VNM,11/16/2009,86,86,84,84,174000,89,81,85,-1,-1.18,0,105800,46200
VNM,11/17/2009,84,84.5,83.5,84.5,301350,88,80,84,0.5,0.6,0,138600,117650
VNM,11/18/2009,85,86.5,84.5,86.5,582520,88.5,80.5,84.5,2,2.37,100000,471790,10600
VNM,11/19/2009,87,87.5,86.5,87,387080,90.5,82.5,86.5,0.5,0.58,0,261630,19440
VNM,11/20/2009,87,87.5,86.5,87,390010,91,83,87,0,0,0,313540,56060
VNM,11/23/2009,86,87,84,84,149040,91,83,87,-3,-3.45,0,38500,14280
VNM,11/24/2009,84,85,83.5,84,209410,88,80,84,0,0,0,77500,17600
VNM,11/25/2009,83.5,83.5,80,81.5,352730,88,80,84,-2.5,-2.98,0,173350,28900
VNM,11/26/2009,77.5,78,77.5,77.5,452550,85.5,77.5,81.5,-4,-4.91,0,175330,252540
VNM,11/27/2009,74,81,74,77.5,755480,81,74,77.5,0,0,0,220170,471840
VNM,11/30/2009,78,80,77.5,78.5,234500,81,74,77.5,1,1.29,0,75850,105120
VNM,12/1/2009,80,80,79,79.5,453080,82,75,78.5,1,1.27,40000,245690,257570
VNM,12/2/2009,79,79.5,77.5,79,271430,83,76,79.5,-0.5,-0.63,0,147500,127330
VNM,12/3/2009,79,79,77.5,77.5,288200,82.5,75.5,79,-1.5,-1.9,0,148300,66440
VNM,12/4/2009,77.5,78.5,77,77.5,273280,81,74,77.5,0,0,0,165890,191350
VNM,12/7/2009,76,77,76,76.5,98800,80,73,77.5,-1,-1.29,0,27100,45720
VNM,12/8/2009,75.5,77.5,75,76,395050,80,73,76.5,-0.5,-0.65,0,177520,269230
VNM,12/9/2009,73.5,75,72.5,73,527930,79.5,72.5,76,-3,-3.95,0,214120,437610
VNM,12/10/2009,73,73.5,69.5,69.5,923980,76.5,69.5,73,-3.5,-4.79,0,229660,727410
VNM,12/11/2009,68.5,69.5,68,69,376760,72.5,66.5,69.5,-0.5,-0.72,0,210380,106900
VNM,12/14/2009,69,70,69,69.5,220630,72,66,69,0.5,0.72,0,81360,142000
VNM,12/15/2009,69,70,68.5,69.5,237800,72.5,66.5,69.5,0,0,0,113350,139580
VNM,12/16/2009,69.5,69.5,66.5,66.5,339900,72.5,66.5,69.5,-3,-4.32,0,78280,200000
VNM,12/17/2009,65,65.5,64,64,183600,69.5,63.5,66.5,-2.5,-3.76,0,5550,65110
VNM,12/18/2009,67,67,66.5,67,417830,67,61,64,3,4.69,0,168880,251300
VNM,12/21/2009,70,70,69,70,350320,70,64,67,3,4.48,0,41900,212140
VNM,12/22/2009,70,71,69.5,69.5,371040,73.5,66.5,70,-0.5,-0.71,20000,15410,258070
VNM,12/23/2009,68,70,68,70,362480,72.5,66.5,69.5,0.5,0.72,0,225270,217800
VNM,12/24/2009,69.5,70,69,70,271830,73.5,66.5,70,0,0,0,80050,165310
VNM,12/25/2009,70,73.5,70,73.5,705200,73.5,66.5,70,3.5,5,0,37640,477450
VNM,12/28/2009,75,77,74,77,371600,77,70,73.5,3.5,4.76,0,144310,47770
VNM,12/29/2009,77,77.5,74.5,74.5,137750,80.5,73.5,77,-2.5,-3.25,0,12340,28710
VNM,12/30/2009,74,75.5,74,75,176990,78,71,74.5,0.5,0.67,0,9900,75780
VNM,12/31/2009,76,76.5,74.5,75,303560,78.5,71.5,75,0,0,0,16370,10300
VNM,1/4/2010,75,78.5,75,78.5,522570,78.5,71.5,75,3.5,4.67,0,25940,245000
VNM,1/5/2010,82,82,81,82,788950,82,75,78.5,3.5,4.46,0,512090,457860
VNM,1/6/2010,80,83,80,82.5,320220,86,78,82,0.5,0.61,0,169380,75850
VNM,1/7/2010,82,82.5,80,80,165310,86.5,78.5,82.5,-2.5,-3.03,0,25380,5450
VNM,1/8/2010,80,81.5,77.5,77.5,391270,84,76,80,-2.5,-3.13,0,124420,83800
VNM,1/11/2010,77,78,76.5,76.5,270860,81,74,77.5,-1,-1.29,0,78810,54530
VNM,1/12/2010,75,76,74,74,362150,80,73,76.5,-2.5,-3.27,0,40600,136170
VNM,1/13/2010,73,76,72,76,351930,77.5,70.5,74,2,2.7,0,80220,34400
VNM,1/14/2010,76,77,75,76,175250,79.5,72.5,76,0,0,0,11290,45000
VNM,1/15/2010,76.5,76.5,74,74,241100,79.5,72.5,76,-2,-2.63,0,65830,195650
VNM,1/18/2010,72,72.5,71,71,264810,77.5,70.5,74,-3,-4.05,0,35770,174000
VNM,1/19/2010,71.5,74.5,71.5,74.5,281670,74.5,67.5,71,3.5,4.93,0,113240,5080
VNM,1/20/2010,74.5,78,74.5,78,606070,78,71,74.5,3.5,4.7,361222,302570,135880
VNM,1/21/2010,76.5,78,76,76,547510,81.5,74.5,78,-2,-2.56,0,350720,147000
VNM,1/22/2010,76,77,75.5,76,259390,79.5,72.5,76,0,0,0,155590,40000
VNM,1/25/2010,76.5,78,76,78,254610,79.5,72.5,76,2,2.63,0,180480,3510
VNM,1/26/2010,79,81.5,79,81.5,620490,81.5,74.5,78,3.5,4.49,0,347800,173350
VNM,1/27/2010,78.5,80.5,78,78,560860,85.5,77.5,81.5,-3.5,-4.29,0,240590,243770
VNM,1/28/2010,79,79,77.5,78,163980,81.5,74.5,78,0,0,0,144570,0
VNM,1/29/2010,78.5,79,77.5,77.5,337550,81.5,74.5,78,-0.5,-0.64,0,241770,186200
VNM,2/1/2010,77.5,81,77.5,81,258050,81,74,77.5,3.5,4.52,0,235620,0
VNM,2/2/2010,82,82.5,80,82,713690,85,77,81,1,1.23,0,501840,0
VNM,2/3/2010,83,86,82.5,86,1539620,86,78,82,4,4.88,120000,972800,0
VNM,2/4/2010,87,90,86.5,89,1188140,90,82,86,3,3.49,0,5000,0
VNM,2/5/2010,87,87.5,85,85,551100,93,85,89,-4,-4.49,0,205800,0
VNM,2/8/2010,83,85.5,83,85,246070,89,81,85,0,0,0,124700,0
VNM,2/9/2010,84.5,85,81,81,1991740,89,81,85,-4,-4.71,0,1023280,0
VNM,2/10/2010,83,85,83,85,615590,85,77,81,4,4.94,0,545730,0
VNM,2/11/2010,86.5,89,86,89,1382690,89,81,85,4,4.71,0,1226030,0
VNM,2/12/2010,89,91,89,90.5,1058090,93,85,89,1.5,1.69,0,916470,0
VNM,2/22/2010,90,90,88,89.5,640640,95,86,90.5,-1,-1.1,0,487770,0
VNM,2/23/2010,89,89,86.5,86.5,542830,93.5,85.5,89.5,-3,-3.35,0,438870,0
VNM,2/24/2010,86.5,88,86.5,87.5,435280,90.5,82.5,86.5,1,1.16,0,252310,0
VNM,2/25/2010,88.5,88.5,87.5,88,591140,90.5,82.5,86.5,1.5,1.73,0,423040,0
VNM,2/26/2010,88,88.5,85,85,964030,92,84,88,-3,-3.41,60000,632250,0
VNM,3/1/2010,87,87,85,85,314070,89,81,85,0,0,336150,17530,0
VNM,3/2/2010,86.5,86.5,84.5,84.5,371080,89,81,85,-0.5,-0.59,0,146720,0
VNM,3/3/2010,86.5,87,85.5,86.5,182040,88.5,80.5,84.5,2,2.37,0,117090,0
VNM,3/4/2010,88.5,89.5,87.5,87.5,423030,90.5,82.5,86.5,1,1.16,0,347850,0
VNM,3/5/2010,89,89,87,88,257150,91.5,83.5,87.5,0.5,0.57,0,132800,0
VNM,3/8/2010,91.5,91.5,88.5,89,328580,92,84,88,1,1.14,0,178920,0
VNM,3/9/2010,89.5,93,89.5,91.5,1059570,93,85,89,2.5,2.81,0,875000,0
VNM,3/10/2010,90,91.5,89.5,89.5,142590,96,87,91.5,-2,-2.19,0,4420,0
VNM,3/11/2010,89.5,90,88.5,89,114560,93.5,85.5,89.5,-0.5,-0.56,0,18770,0
VNM,3/12/2010,89,89.5,88.5,89,104640,93,85,89,0,0,0,700,0
VNM,3/15/2010,91,91,89,89,200590,93,85,89,0,0,0,55460,0
VNM,3/16/2010,88.5,89.5,87.5,87.5,123000,93,85,89,-1.5,-1.69,0,150,0
VNM,3/17/2010,87.5,88.5,87.5,87.5,83710,91.5,83.5,87.5,0,0,0,70,0
VNM,3/18/2010,87.5,88,87,88,66490,91.5,83.5,87.5,0.5,0.57,0,10,0
VNM,3/19/2010,88,88.5,87,87,46770,92,84,88,-1,-1.14,0,0,0
VNM,3/22/2010,86.5,88,86.5,86.5,54750,91,83,87,-0.5,-0.57,0,2410,0
VNM,3/23/2010,86.5,87,85.5,85.5,76950,90.5,82.5,86.5,-1,-1.16,0,550,0
VNM,3/24/2010,86,86.5,86,86,70370,89.5,81.5,85.5,0.5,0.58,0,1400,0
VNM,3/25/2010,85,86,85,86,70870,90,82,86,0,0,65000,1250,0
VNM,3/26/2010,85.5,86,85,85.5,130230,90,82,86,-0.5,-0.58,0,15370,0
VNM,3/29/2010,87.5,87.5,85.5,86,143530,89.5,81.5,85.5,0.5,0.58,0,1190,0
VNM,3/30/2010,85,86,84,84.5,158730,90,82,86,-1.5,-1.74,0,240,0
VNM,3/31/2010,86,86,85,85,118610,88.5,80.5,84.5,0.5,0.59,0,19840,0
VNM,4/1/2010,86.5,86.5,85.5,85.5,187970,89,81,85,0.5,0.59,6757070,79860,0
VNM,4/2/2010,87,87,86,86.5,106910,89.5,81.5,85.5,1,1.17,0,39730,0
VNM,4/5/2010,87,88,87,87.5,103910,90.5,82.5,86.5,1,1.16,0,15740,0
VNM,4/6/2010,87.5,87.5,86.5,87,218490,91.5,83.5,87.5,-0.5,-0.57,0,36020,0
VNM,4/7/2010,88,88,86,86.5,234320,91,83,87,-0.5,-0.57,0,105800,0
VNM,4/8/2010,86,87,86,86.5,214670,89.5,81.5,85.5,1,1.17,40000,28920,0
VNM,4/9/2010,86.5,87,86.5,86.5,162060,90.5,82.5,86.5,0,0,0,22000,0
VNM,4/12/2010,90,90,88,88,250280,90.5,82.5,86.5,1.5,1.73,0,129020,0
VNM,4/13/2010,89,89.5,88,88,391070,92,84,88,0,0,0,113440,0
VNM,4/14/2010,89,89,87.5,88,206310,92,84,88,0,0,0,104280,0
VNM,4/15/2010,89,89,88,89,158020,92,84,88,1,1.14,0,26660,0
VNM,4/16/2010,88.5,89,88,88.5,96740,93,85,89,-0.5,-0.56,0,10480,0
VNM,4/19/2010,89,89,88.5,88.5,240970,92.5,84.5,88.5,0,0,0,134400,0
VNM,4/20/2010,89,89,88,88.5,162870,92.5,84.5,88.5,0,0,0,92270,0
VNM,4/21/2010,88.5,89,87.5,88,119140,92.5,84.5,88.5,-0.5,-0.56,0,1180,0
VNM,4/22/2010,88.5,89,88,88,117050,92,84,88,0,0,0,16690,0
VNM,4/26/2010,89,89.5,88.5,89.5,260840,92,84,88,1.5,1.7,0,20160,0
VNM,4/27/2010,90.5,93.5,90,93,676730,93.5,85.5,89.5,3.5,3.91,20720,11050,0
VNM,4/28/2010,95,95,93.5,94,398620,97.5,88.5,93,1,1.08,0,85620,0
VNM,4/29/2010,93,94.5,93,94,251870,98.5,89.5,94,0,0,0,9300,0
VNM,5/4/2010,94,94,93,93,177180,98.5,89.5,94,-1,-1.06,0,21150,0
VNM,5/5/2010,92,93,91.5,92.5,219490,97.5,88.5,93,-0.5,-0.54,50000,3850,0
VNM,5/6/2010,93,93,92,92.5,209680,97,88,92.5,0,0,0,23600,0
VNM,5/7/2010,91,91.5,90,91.5,283240,97,88,92.5,-1,-1.08,45000,12040,0
VNM,5/10/2010,91.5,92,90,90.5,221640,96,87,91.5,-1,-1.09,0,30160,0
VNM,5/11/2010,91,92,91,92,118430,95,86,90.5,1.5,1.66,0,8810,0
VNM,5/12/2010,91,92,91,91,198420,96.5,87.5,92,-1,-1.09,39000,31060,0
VNM,5/13/2010,92,92,91,91.5,57080,95.5,86.5,91,0.5,0.55,50000,17890,0
VNM,5/14/2010,92.5,92.5,91.5,92,117740,96,87,91.5,0.5,0.55,0,34800,0
VNM,5/17/2010,92,92,91,91,106480,96.5,87.5,92,-1,-1.09,93520,34870,0
VNM,5/18/2010,91,91.5,90.5,91,79010,95.5,86.5,91,0,0,0,14250,0
VNM,5/19/2010,91,91,89,89.5,241580,95.5,86.5,91,-1.5,-1.65,90000,10200,0
VNM,5/20/2010,89,90,88.5,90,272360,93.5,85.5,89.5,0.5,0.56,0,38540,0
VNM,5/21/2010,87,89.5,87,87.5,214660,94.5,85.5,90,-2.5,-2.78,0,41270,0
VNM,5/24/2010,89,89,87.5,88.5,162620,91.5,83.5,87.5,1,1.14,0,8720,0
VNM,5/25/2010,89.5,89.5,88.5,89,70580,92.5,84.5,88.5,0.5,0.56,21450,39020,0
VNM,5/26/2010,89.5,89.5,89,89.5,88640,93,85,89,0.5,0.56,0,27730,0
VNM,5/27/2010,90,90,89,89,51500,93.5,85.5,89.5,-0.5,-0.56,0,4460,0
VNM,5/28/2010,91,91,89.5,90,130340,93,85,89,1,1.12,0,7840,0
VNM,5/31/2010,90.5,90.5,88.5,88.5,58970,94.5,85.5,90,-1.5,-1.67,42000,3510,0
VNM,6/1/2010,89,89,88.5,89,82740,92.5,84.5,88.5,0.5,0.56,0,35600,0
VNM,6/2/2010,89,89,88.5,88.5,223120,93,85,89,-0.5,-0.56,0,16340,0
VNM,6/3/2010,90,90.5,89.5,89.5,128860,92.5,84.5,88.5,1,1.13,0,28200,0
VNM,6/4/2010,91,91,89.5,90,103320,93.5,85.5,89.5,0.5,0.56,0,44520,0
VNM,6/7/2010,88.5,89,87.5,88,270460,94.5,85.5,90,-2,-2.22,0,3720,0
VNM,6/8/2010,89,89,88,88,73450,92,84,88,0,0,0,32590,0
VNM,6/9/2010,90,90,89,89.5,76840,92,84,88,1.5,1.7,0,5020,0
VNM,6/10/2010,90,90,89,90,43820,93.5,85.5,89.5,0.5,0.56,0,16100,0
VNM,6/11/2010,91.5,91.5,89.5,90,208230,94.5,85.5,90,0,0,350839,156840,0
VNM,6/14/2010,90.5,90.5,89.5,90,51320,94.5,85.5,90,0,0,167480,27040,0
VNM,6/15/2010,89.5,90,89.5,89.5,46660,94.5,85.5,90,-0.5,-0.56,68400,11120,0
VNM,6/16/2010,90,90,89.5,90,42730,93.5,85.5,89.5,0.5,0.56,40000,0,0
VNM,6/17/2010,90,90,89.5,89.5,44250,94.5,85.5,90,-0.5,-0.56,280499,9000,0
VNM,6/18/2010,89.5,90,89.5,89.5,43680,93.5,85.5,89.5,0,0,77000,0,0
VNM,6/21/2010,90,90,89.5,89.5,72460,93.5,85.5,89.5,0,0,143640,0,0
VNM,6/22/2010,90,90,89,89.5,61680,93.5,85.5,89.5,0,0,51000,13200,0
VNM,6/23/2010,90,91,89,90.5,136740,93.5,85.5,89.5,1,1.12,0,0,0
VNM,6/24/2010,90,91,90,91,95000,95,86,90.5,0.5,0.55,0,0,0
VNM,6/25/2010,90,91,90,91,65690,95.5,86.5,91,0,0,0,0,0
VNM,6/28/2010,91,91,90,90.5,120260,95.5,86.5,91,-0.5,-0.55,0,0,0
VNM,6/29/2010,91,91,90,90.5,56160,95,86,90.5,0,0,40000,9700,0
VNM,6/30/2010,90.5,90.5,89.5,90,106670,95,86,90.5,-0.5,-0.55,0,3010,0
VNM,7/1/2010,90.5,91,90,91,125970,94.5,85.5,90,1,1.11,0,10,0
VNM,7/2/2010,91.5,91.5,90.5,91.5,103090,95.5,86.5,91,0.5,0.55,61500,84210,0
VNM,7/5/2010,91.5,91.5,91,91,47090,96,87,91.5,-0.5,-0.55,0,21960,0
VNM,7/6/2010,91.5,91.5,91,91,90400,95.5,86.5,91,0,0,0,100,0
VNM,7/7/2010,90.5,91.5,90.5,91,43750,95.5,86.5,91,0,0,60000,700,0
VNM,7/8/2010,91.5,91.5,91,91,76850,95.5,86.5,91,0,0,30000,0,0
VNM,7/9/2010,91,91.5,91,91,70390,95.5,86.5,91,0,0,30000,0,0
VNM,7/12/2010,91,91.5,90.5,91.5,38490,95.5,86.5,91,0.5,0.55,20000,120,0
VNM,7/13/2010,92,92,91,92,61150,96,87,91.5,0.5,0.55,0,17420,0
VNM,7/14/2010,92.5,92.5,92,92,100580,96.5,87.5,92,0,0,0,23380,0
VNM,7/15/2010,92,92.5,91.5,92,48800,96.5,87.5,92,0,0,0,9220,0
VNM,7/16/2010,92.5,92.5,91.5,92.5,39150,96.5,87.5,92,0.5,0.54,0,300,0
VNM,7/19/2010,92.5,93,92,92.5,62020,97,88,92.5,0,0,0,1950,0
VNM,7/20/2010,93.5,94,93,93,127800,97,88,92.5,0.5,0.54,50000,0,0
VNM,7/21/2010,93.5,94,93,93.5,77860,97.5,88.5,93,0.5,0.54,0,1000,0
VNM,7/22/2010,93,93,92.5,92.5,34060,98,89,93.5,-1,-1.07,0,0,0
VNM,7/23/2010,92.5,92.5,92,92,39200,97,88,92.5,-0.5,-0.54,0,4550,0
VNM,7/26/2010,92.5,93,92,92,77420,96.5,87.5,92,0,0,0,900,0
VNM,7/27/2010,92,92.5,91.5,92,56320,96.5,87.5,92,0,0,33360,14800,0
VNM,7/28/2010,92.5,92.5,90.5,91.5,159210,96.5,87.5,92,-0.5,-0.54,0,4120,0
VNM,7/29/2010,91.5,92,91,91.5,45050,96,87,91.5,0,0,0,2110,0
VNM,7/30/2010,91.5,91.5,91,91.5,53050,96,87,91.5,0,0,0,27190,0
VNM,8/2/2010,91.5,91.5,90.5,91,70110,96,87,91.5,-0.5,-0.55,300000,25770,0
VNM,8/3/2010,91,91.5,91,91.5,95750,95.5,86.5,91,0.5,0.55,0,18300,0
VNM,8/4/2010,92,92,91,91.5,103130,96,87,91.5,0,0,250000,600,0
VNM,8/5/2010,91.5,92,91.5,92,67940,96,87,91.5,0.5,0.55,550000,9160,0
VNM,8/6/2010,92,92,91.5,91.5,64800,96.5,87.5,92,-0.5,-0.54,70000,4190,0
VNM,8/9/2010,92.5,92.5,91,91,93970,96,87,91.5,-0.5,-0.55,0,0,0
VNM,8/10/2010,92,92,90.5,91,147420,95.5,86.5,91,0,0,0,0,0
VNM,8/11/2010,91,91.5,90.5,91.5,64660,95.5,86.5,91,0.5,0.55,30000,39710,0
VNM,8/12/2010,91,91,90,90,156750,96,87,91.5,-1.5,-1.64,138280,29340,0
VNM,8/13/2010,87.5,89.5,87,89.5,232020,91,83,87,2.5,2.87,100000,28790,0
VNM,8/16/2010,90,90.5,89.5,90.5,29170,93.5,85.5,89.5,1,1.12,0,90,0
VNM,8/17/2010,89.5,90,89,89.5,50450,95,86,90.5,-1,-1.1,130000,0,0
VNM,8/18/2010,89.5,89.5,88.5,88.5,34750,93.5,85.5,89.5,-1,-1.12,0,2160,0
VNM,8/19/2010,89.5,89.5,88.5,88.5,32560,92.5,84.5,88.5,0,0,0,150,0
VNM,8/20/2010,88.5,89,88,89,13660,92.5,84.5,88.5,0.5,0.56,0,460,0
VNM,8/23/2010,89,89,88,88.5,7880,93,85,89,-0.5,-0.56,100000,50,0
VNM,8/24/2010,87,88,86.5,87,46050,92.5,84.5,88.5,-1.5,-1.69,114740,0,0
VNM,8/25/2010,86.5,86.5,84.5,86.5,74930,91,83,87,-0.5,-0.57,502000,3330,0
VNM,8/26/2010,86.5,86.5,85.5,86.5,45190,90.5,82.5,86.5,0,0,30000,1000,0
VNM,8/27/2010,86.5,87,86,87,20430,90.5,82.5,86.5,0.5,0.58,40000,610,0
VNM,8/30/2010,89,89,87,88.5,22350,91,83,87,1.5,1.72,100000,6280,0
VNM,8/31/2010,89,89,88,89,70430,92.5,84.5,88.5,0.5,0.56,395000,6910,0
VNM,9/1/2010,89,89,87.5,88.5,27940,93,85,89,-0.5,-0.56,25100,2000,0
VNM,9/6/2010,89,89,88,88.5,33920,92.5,84.5,88.5,0,0,0,360,0
VNM,9/7/2010,88.5,89,88,88,37150,92.5,84.5,88.5,-0.5,-0.56,0,320,0
VNM,9/8/2010,88.5,88.5,87.5,88,43550,92,84,88,0,0,200000,16500,0
VNM,9/9/2010,88,89,88,88.5,21730,92,84,88,0.5,0.57,200000,0,0
VNM,9/10/2010,88.5,89,88,88.5,83710,92.5,84.5,88.5,0,0,0,14270,0
VNM,9/13/2010,88.5,88.5,87.5,88.5,10820,92.5,84.5,88.5,0,0,200000,1260,0
VNM,9/14/2010,88.5,88.5,88,88.5,36520,92.5,84.5,88.5,0,0,0,0,0
VNM,9/15/2010,89,89,88,88.5,21860,92.5,84.5,88.5,0,0,21000,200,0
VNM,9/16/2010,89,89,88,88.5,44870,92.5,84.5,88.5,0,0,65000,660,0
VNM,9/17/2010,88,89,88,89,39810,92.5,84.5,88.5,0.5,0.56,30000,0,0
VNM,9/20/2010,90,90,89,89,48980,93,85,89,0,0,0,200,0
VNM,9/21/2010,89,89.5,88.5,89,39230,93,85,89,0,0,200000,330,0
VNM,9/22/2010,89,89,88.5,89,23130,93,85,89,0,0,0,300,0
VNM,9/23/2010,89,89,88.5,88.5,55410,93,85,89,-0.5,-0.56,0,300,0
VNM,9/24/2010,89.5,89.5,87.5,88,38170,92.5,84.5,88.5,-0.5,-0.56,80000,90,0
VNM,9/27/2010,88,88.5,88,88.5,33560,92,84,88,0.5,0.57,100000,2290,0
VNM,9/28/2010,88,88.5,88,88.5,16570,92.5,84.5,88.5,0,0,0,0,0
VNM,9/29/2010,88.5,89,88,88.5,34830,92.5,84.5,88.5,0,0,180000,0,0
VNM,9/30/2010,0,88.5,88,88.5,21220,92.5,84.5,88.5,0,0,80000,0,0
VNM,10/1/2010,87.5,88.5,87.5,88.5,8270,92.5,84.5,88.5,0,0,0,100,0
VNM,10/4/2010,88.5,88.5,87.5,87.5,38230,92.5,84.5,88.5,-1,-1.13,0,900,0
VNM,10/5/2010,87,87.5,86.5,87,19720,91.5,83.5,87.5,-0.5,-0.57,50000,0,0
VNM,10/6/2010,88,88,87,88,35350,91,83,87,1,1.15,0,1640,0
VNM,10/7/2010,88,88.5,87,87.5,23270,92,84,88,-0.5,-0.57,0,5800,0
VNM,10/8/2010,88,88.5,87,88,16050,91.5,83.5,87.5,0.5,0.57,240000,330,0
VNM,10/11/2010,87.5,89,87.5,88.5,24700,92,84,88,0.5,0.57,0,0,0
VNM,10/12/2010,88.5,88.5,88,88.5,21200,92.5,84.5,88.5,0,0,0,4300,0
VNM,10/13/2010,88.5,89,88,88.5,28790,92.5,84.5,88.5,0,0,0,2280,0
VNM,10/14/2010,88.5,89,88.5,89,15340,92.5,84.5,88.5,0.5,0.56,0,1280,0
VNM,10/15/2010,88.5,89,88.5,88.5,83480,93,85,89,-0.5,-0.56,160000,0,0
VNM,10/18/2010,88.5,89,88,88.5,15240,92.5,84.5,88.5,0,0,25000,0,0
VNM,10/19/2010,88.5,88.5,87.5,88,91510,92.5,84.5,88.5,-0.5,-0.56,35000,0,0
VNM,10/20/2010,0,87.5,86,87,105630,92,84,88,-1,-1.14,0,0,0
VNM,10/21/2010,88.5,88.5,87,87.5,48370,91,83,87,0.5,0.57,52670,6230,0
VNM,10/22/2010,88,88.5,87,87.5,43050,91.5,83.5,87.5,0,0,0,30,0
VNM,10/25/2010,86.5,88,86.5,87.5,31540,91.5,83.5,87.5,0,0,31830,11700,0
VNM,10/26/2010,88,88,87,87.5,33970,91.5,83.5,87.5,0,0,0,9200,0
VNM,10/27/2010,87.5,87.5,86.5,86.5,47890,91.5,83.5,87.5,-1,-1.14,0,2200,0
VNM,10/28/2010,86.5,87,86.5,87,10870,90.5,82.5,86.5,0.5,0.58,0,0,0
VNM,10/29/2010,87,87,86.5,87,48760,91,83,87,0,0,1119000,1000,0
VNM,11/1/2010,87,87,86.5,86.5,27100,91,83,87,-0.5,-0.57,0,100,0
VNM,11/2/2010,87,87,86,86.5,38740,90.5,82.5,86.5,0,0,0,10170,0
VNM,11/3/2010,86,86.5,85.5,86.5,50860,90.5,82.5,86.5,0,0,0,0,0
VNM,11/4/2010,87,87,86,86.5,79540,90.5,82.5,86.5,0,0,0,7350,0
VNM,11/5/2010,86.5,87,86.5,86.5,61840,90.5,82.5,86.5,0,0,0,370,0
VNM,11/8/2010,86.5,86.5,86,86,75230,90.5,82.5,86.5,-0.5,-0.58,0,2060,0
VNM,11/9/2010,86,86,85,85.5,65590,90,82,86,-0.5,-0.58,1372520,10350,0
VNM,11/10/2010,85,86,85,85.5,33400,89.5,81.5,85.5,0,0,0,1000,0
VNM,11/11/2010,84.5,85.5,84.5,85,33700,89.5,81.5,85.5,-0.5,-0.58,0,0,0
VNM,11/12/2010,85,85,83.5,84,54830,89,81,85,-1,-1.18,30000,170,0
VNM,11/15/2010,84,84.5,83,83.5,58350,88,80,84,-0.5,-0.6,0,1070,0
VNM,11/16/2010,83,83.5,82,82.5,66320,87.5,79.5,83.5,-1,-1.2,76000,0,0
VNM,11/17/2010,82.5,84,82.5,83.5,45640,86.5,78.5,82.5,1,1.21,1212000,500,0
VNM,11/18/2010,83.5,84.5,83.5,84.5,29250,87.5,79.5,83.5,1,1.2,0,450,0
VNM,11/19/2010,85,85,83.5,84,47790,88.5,80.5,84.5,-0.5,-0.59,0,5470,0
VNM,11/22/2010,84.5,84.5,82,84,33400,88,80,84,0,0,0,0,0
VNM,11/23/2010,83,84.5,83,84,15310,88,80,84,0,0,76700,83,0
VNM,11/24/2010,85,85,83.5,84.5,10280,88,80,84,0.5,0.6,0,250,0
VNM,11/25/2010,84,85,83.5,84.5,7930,88.5,80.5,84.5,0,0,100000,0,0
VNM     ,11/26/2010,84.5,84.5,83.5,84.5,12010,88.5,80.5,84.5,0,0,1181640,0,0
VNM     ,11/29/2010,0,84.5,83,84.5,22740,88.5,80.5,84.5,0,0,0,0,0
VNM     ,11/30/2010,83.5,85.5,83.5,84.5,31830,88.5,80.5,84.5,0,0,100000,0,0
VNM     ,12/1/2010,84.5,85,84,84,24450,88.5,80.5,84.5,-0.5,-0.59,0,0,0
VNM     ,12/2/2010,84,84.5,83.5,84.5,28410,88,80,84,0.5,0.6,0,0,0
VNM     ,12/3/2010,85,85.5,84.5,85,52800,88.5,80.5,84.5,0.5,0.59,50000,0,0
VNM     ,12/6/2010,85,85.5,84.5,84.5,35070,89,81,85,-0.5,-0.59,1099000,0,0
VNM     ,12/7/2010,84,84.5,83.5,84.5,32490,88.5,80.5,84.5,0,0,0,0,0
VNM     ,12/8/2010,84.5,85,84,84,30360,88.5,80.5,84.5,-0.5,-0.59,0,0,0
VNM,12/9/2010,84,85.5,84,85.5,45780,88,80,84,1.5,1.79,0,0,0
VNM,12/10/2010,86,86,85.5,86,39800,89.5,81.5,85.5,0.5,0.58,0,0,0
