MaCK,Ngay,GiaMoCua,GiaCaoNhat,GiaThapNhat,GiaDongCua,KhoiLuongGD,GiaTran,GiaSan,GiaThamChieu,TangGiam,%,GDThoaThuan,NNMua,NNBan
PIT,08/11/2010,17.7,18.2,17.4,18.0,131330,18.50,16.90,17.7,0.30,1.69,0,0,0
PIT,08/10/2010,17.9,18.3,17.5,17.7,324680,19.30,17.50,18.4,-0.70,-3.80,0,0,0
PIT,08/09/2010,19.0,19.3,18.4,18.4,262970,20.20,18.40,19.3,-0.90,-4.66,0,0,0
PIT,08/06/2010,19.6,19.8,19.3,19.3,62040,20.50,18.70,19.6,-0.30,-1.53,0,3000,0
PIT,08/05/2010,19.7,19.9,19.4,19.6,72810,20.60,18.80,19.7,-0.10,-0.51,0,0,0
PIT,08/04/2010,0.0,19.7,19.2,19.7,79590,21.10,19.10,20.1,-0.40,-1.99,0,0,0
PIT,08/03/2010,21.0,21.1,20.1,20.1,147070,22.00,20.00,21.0,-0.90,-4.29,0,100,0
PIT,08/02/2010,21.6,21.6,20.3,21.0,147780,21.80,19.80,20.8,0.20,0.96,0,3000,1250
PIT,07/30/2010,20.8,20.8,20.7,20.8,99580,20.80,19.00,19.9,0.90,4.52,0,0,0
PIT,07/29/2010,19.4,19.9,19.3,19.9,231250,19.90,18.10,19.0,0.90,4.74,46300,0,0
PIT,07/28/2010,19.9,20.1,19.0,19.0,289140,21.00,19.00,20.0,-1.00,-5.00,0,0,0
PIT,07/27/2010,21.3,21.3,20.0,20.0,219200,21.80,19.80,20.8,-0.80,-3.85,0,0,0
PIT,07/26/2010,21.5,22.4,20.8,20.8,234890,22.50,20.50,21.5,-0.70,-3.26,0,0,0
PIT,07/23/2010,22.5,22.5,21.5,21.5,265260,23.70,21.50,22.6,-1.10,-4.87,0,0,0
PIT,07/22/2010,23.2,23.7,22.6,22.6,485610,24.80,22.60,23.7,-1.10,-4.64,20000,0,5240
PIT,07/21/2010,22.6,23.7,22.5,23.7,432600,23.70,21.50,22.6,1.10,4.87,0,0,0
PIT,07/20/2010,24.0,24.0,22.6,22.6,389010,24.60,22.40,23.5,-0.90,-3.83,0,0,10000
PIT,07/19/2010,21.8,23.5,21.8,23.5,513520,23.50,21.30,22.4,1.10,4.91,0,2000,0
PIT,07/16/2010,22.4,22.4,21.7,22.4,1109540,22.40,20.40,21.4,1.00,4.67,0,0,3000
PIT,07/15/2010,21.4,21.4,21.4,21.4,112890,21.40,19.40,20.4,1.00,4.90,0,0,0
PIT,07/14/2010,20.4,20.4,20.2,20.4,1079740,20.40,18.60,19.5,0.90,4.62,0,10000,0
PIT,07/13/2010,19.3,19.5,18.9,19.5,157000,19.80,18.00,18.9,0.60,3.17,0,0,0
PIT,07/12/2010,0.0,19.0,18.3,18.9,58230,19.80,18.00,18.9,0.00,0.00,0,0,0
PIT,07/09/2010,17.8,18.9,17.8,18.9,114650,19.10,17.30,18.2,0.70,3.85,0,0,0
PIT,07/08/2010,18.7,18.8,18.2,18.2,169030,19.00,17.20,18.1,0.10,0.55,0,0,0
PIT,07/07/2010,18.7,19.0,18.0,18.1,199910,19.60,17.80,18.7,-0.60,-3.21,0,0,1000
PIT,07/06/2010,0.0,19.4,18.7,18.7,86180,20.50,18.70,19.6,-0.90,-4.59,0,0,0
PIT,07/05/2010,20.0,20.0,19.6,19.6,50530,21.00,19.00,20.0,-0.40,-2.00,0,0,0
PIT,07/02/2010,20.0,20.0,19.0,20.0,403110,20.00,18.20,19.1,0.90,4.71,0,0,0
PIT,07/01/2010,22.0,22.3,22.0,22.0,218290,22.90,20.90,21.9,0.10,0.46,0,0,3000
PIT,06/30/2010,22.0,22.7,21.8,21.9,133940,23.80,21.60,22.7,-0.80,-3.52,20000,0,44700
PIT,06/29/2010,23.8,23.8,22.7,22.7,146040,24.90,22.70,23.8,-1.10,-4.62,0,0,16000
PIT,06/28/2010,23.5,24.0,23.2,23.8,342270,24.30,22.10,23.2,0.60,2.59,0,0,5000
PIT,06/25/2010,22.0,23.2,21.7,23.2,433920,23.20,21.00,22.1,1.10,4.98,0,1000,2000
PIT,06/24/2010,23.2,23.2,22.0,22.1,127410,24.10,21.90,23.0,-0.90,-3.91,0,11900,0
PIT,06/23/2010,22.9,23.2,22.4,23.0,286330,23.40,21.20,22.3,0.70,3.14,0,10000,3000
PIT,06/22/2010,22.1,22.3,21.5,22.3,747000,22.30,20.30,21.3,1.00,4.69,0,0,0
PIT,06/21/2010,20.3,21.3,20.3,21.3,456150,21.30,19.30,20.3,1.00,4.93,0,12000,0
PIT,06/18/2010,20.2,20.9,20.1,20.3,123030,21.20,19.20,20.2,0.10,0.50,0,0,0
PIT,06/17/2010,20.5,20.7,20.0,20.2,127020,21.50,19.50,20.5,-0.30,-1.46,0,0,0
PIT,06/16/2010,21.4,21.4,20.5,20.5,229840,21.70,19.70,20.7,-0.20,-0.97,0,0,0
PIT,06/15/2010,21.2,21.2,20.2,20.7,195050,21.60,19.60,20.6,0.10,0.49,0,3000,0
PIT,06/14/2010,19.6,20.6,19.6,20.6,155590,20.60,18.80,19.7,0.90,4.57,0,6000,1000
PIT,06/11/2010,20.0,20.0,19.6,19.7,75900,20.50,18.70,19.6,0.10,0.51,0,0,0
PIT,06/10/2010,19.3,19.8,19.1,19.6,168460,20.50,18.70,19.6,0.00,0.00,0,0,0
PIT,06/09/2010,20.6,20.7,19.6,19.6,170790,21.50,19.50,20.5,-0.90,-4.39,0,0,0
PIT,06/08/2010,19.9,20.6,19.6,20.5,171740,21.40,19.40,20.4,0.10,0.49,0,0,0
PIT,06/07/2010,20.4,21.1,20.4,20.4,220300,22.40,20.40,21.4,-1.00,-4.67,0,10000,0
PIT,06/04/2010,21.0,21.4,20.3,21.4,635090,21.40,19.40,20.4,1.00,4.90,0,23800,0
PIT,06/03/2010,20.2,20.4,20.1,20.4,417870,20.40,18.60,19.5,0.90,4.62,0,0,0
PIT,06/02/2010,18.7,19.5,18.5,19.5,104400,19.90,18.10,19.0,0.50,2.63,0,0,0
PIT,06/01/2010,18.7,19.2,18.5,19.0,76500,20.00,18.20,19.1,-0.10,-0.52,0,0,0
PIT,05/31/2010,19.5,20.3,19.1,19.1,90520,21.00,19.00,20.0,-0.90,-4.50,0,0,0
PIT,05/28/2010,20.0,20.0,19.5,20.0,493660,20.00,18.20,19.1,0.90,4.71,0,0,0
PIT,05/27/2010,19.2,19.2,18.6,19.1,111230,19.60,17.80,18.7,0.40,2.14,0,0,0
PIT,05/26/2010,18.0,18.7,18.0,18.7,368740,18.70,17.10,17.9,0.80,4.47,0,0,0
PIT,05/25/2010,19.0,19.0,17.9,17.9,281550,19.70,17.90,18.8,-0.90,-4.79,0,0,0
PIT,05/24/2010,18.3,18.8,18.3,18.8,199480,20.10,18.30,19.2,-0.40,-2.08,0,0,0
PIT,05/21/2010,19.2,19.2,19.2,19.2,41060,21.20,19.20,20.2,-1.00,-4.95,0,0,0
PIT,05/20/2010,18.7,20.2,18.6,20.2,272050,20.40,18.60,19.5,0.70,3.59,0,0,0
PIT,05/19/2010,19.6,19.8,19.5,19.5,255550,21.50,19.50,20.5,-1.00,-4.88,0,0,0
PIT,05/18/2010,20.0,20.5,19.8,20.5,93280,21.20,19.20,20.2,0.30,1.49,0,0,0
PIT,05/17/2010,20.0,20.2,19.3,20.2,155120,20.20,18.40,19.3,0.90,4.66,0,0,0
PIT,05/14/2010,19.6,20.8,19.3,19.3,156000,20.80,19.00,19.9,-0.60,-3.02,0,0,0
PIT,05/13/2010,19.9,20.1,19.9,19.9,349290,21.90,19.90,20.9,-1.00,-4.78,30000,0,0
PIT,05/12/2010,21.2,21.5,20.9,20.9,379620,23.10,20.90,22.0,-1.10,-5.00,0,0,0
PIT,05/11/2010,21.6,22.7,21.6,22.0,581770,23.80,21.60,22.7,-0.70,-3.08,0,0,3500
PIT,05/10/2010,22.7,22.7,22.7,22.7,101100,24.90,22.70,23.8,-1.10,-4.62,0,0,0
PIT,05/07/2010,24.2,24.3,23.8,23.8,326580,26.20,23.80,25.0,-1.20,-4.80,0,2400,3000
PIT,05/06/2010,25.6,25.6,24.3,25.0,495550,26.70,24.30,25.5,-0.50,-1.96,0,500,0
PIT,05/05/2010,25.3,27.1,25.3,25.5,211130,27.50,24.90,26.2,-0.70,-2.67,0,0,0
PIT,05/04/2010,26.2,26.2,25.0,26.2,529990,26.20,23.80,25.0,1.20,4.80,0,0,0
PIT,04/29/2010,23.3,25.0,23.3,25.0,698290,25.00,22.80,23.9,1.10,4.60,0,0,1000
PIT,04/28/2010,23.8,25.2,23.8,23.9,225800,26.00,23.60,24.8,-0.90,-3.63,0,0,0
PIT,04/27/2010,25.0,25.0,23.8,24.8,349240,25.20,22.80,24.0,0.80,3.33,0,0,0
PIT,04/26/2010,22.5,24.6,22.5,24.0,591070,24.60,22.40,23.5,0.50,2.13,0,5000,2000
PIT,04/22/2010,24.6,24.6,22.4,23.5,986870,24.60,22.40,23.5,0.00,0.00,0,1000,3000
PIT,04/21/2010,23.5,23.5,23.5,23.5,36220,23.50,21.30,22.4,1.10,4.91,0,0,0
PIT,04/20/2010,22.4,22.4,22.4,22.4,87110,22.40,20.40,21.4,1.00,4.67,0,0,0
PIT,04/19/2010,21.4,21.4,21.0,21.4,452920,21.40,19.40,20.4,1.00,4.90,0,0,1500
PIT,04/16/2010,20.4,20.4,20.4,20.4,110730,20.40,18.60,19.5,0.90,4.62,0,0,0
PIT,04/15/2010,19.5,19.5,19.5,19.5,278380,19.50,17.70,18.6,0.90,4.84,0,0,0
PIT,04/14/2010,18.5,18.6,18.0,18.6,454840,18.70,17.10,17.9,0.70,3.91,0,0,3000
PIT,04/13/2010,17.3,17.9,17.1,17.9,1017130,17.90,16.30,17.1,0.80,4.68,0,0,3000
PIT,04/12/2010,17.1,17.1,17.1,17.1,130130,17.10,15.50,16.3,0.80,4.91,0,0,0
PIT,04/09/2010,16.3,16.3,16.3,16.3,81740,16.30,14.90,15.6,0.70,4.49,0,0,0
PIT,04/08/2010,14.9,15.6,14.9,15.6,230080,15.60,14.20,14.9,0.70,4.70,0,0,0
PIT,04/07/2010,15.0,15.0,14.6,14.9,46090,15.50,14.10,14.8,0.10,0.68,0,0,0
PIT,04/06/2010,15.4,15.4,14.8,14.8,92790,15.70,14.30,15.0,-0.20,-1.33,0,0,0
PIT,04/05/2010,14.4,15.2,14.4,15.0,110300,15.20,13.80,14.5,0.50,3.45,0,0,0
PIT,04/02/2010,0.0,14.8,14.5,14.5,20580,15.50,14.10,14.8,-0.30,-2.03,0,0,0
PIT,04/01/2010,14.3,14.8,14.3,14.8,36760,15.20,13.80,14.5,0.30,2.07,0,0,0
PIT,03/31/2010,14.8,14.8,14.5,14.5,14200,15.40,14.00,14.7,-0.20,-1.36,0,0,0
PIT,03/30/2010,14.8,14.8,14.5,14.7,25140,15.40,14.00,14.7,0.00,0.00,0,0,0
PIT,03/29/2010,14.4,14.7,14.4,14.7,13060,15.40,14.00,14.7,0.00,0.00,0,0,0
PIT,03/26/2010,0.0,14.9,14.6,14.7,23550,15.50,14.10,14.8,-0.10,-0.68,0,0,0
PIT,03/25/2010,15.1,15.1,14.5,14.8,13980,15.70,14.30,15.0,-0.20,-1.33,0,0,0
PIT,03/24/2010,14.7,15.0,14.7,15.0,103500,15.00,13.60,14.3,0.70,4.90,0,3000,0
PIT,03/23/2010,14.7,14.8,14.3,14.3,26200,15.30,13.90,14.6,-0.30,-2.05,0,0,0
PIT,03/22/2010,14.8,15.1,14.6,14.6,31730,15.90,14.50,15.2,-0.60,-3.95,0,0,0
PIT,03/19/2010,15.2,15.3,15.0,15.2,37670,15.80,14.40,15.1,0.10,0.66,0,0,0
PIT,03/18/2010,14.8,15.1,14.5,15.1,51200,15.10,13.70,14.4,0.70,4.86,0,0,0
PIT,03/17/2010,14.9,15.0,14.4,14.4,35200,15.60,14.20,14.9,-0.50,-3.36,0,0,0
PIT,03/16/2010,15.3,15.5,14.9,14.9,53270,16.30,14.90,15.6,-0.70,-4.49,0,0,0
PIT,03/15/2010,16.0,16.0,15.4,15.6,97140,16.00,14.60,15.3,0.30,1.96,0,0,0
PIT,03/12/2010,15.1,15.3,15.0,15.3,197920,15.30,13.90,14.6,0.70,4.79,0,0,0
PIT,03/11/2010,14.3,14.6,14.2,14.6,69010,14.90,13.50,14.2,0.40,2.82,0,0,0
PIT,03/10/2010,0.0,14.3,14.1,14.2,41110,14.90,13.50,14.2,0.00,0.00,0,0,0
PIT,03/09/2010,14.1,14.2,14.0,14.2,53030,14.70,13.30,14.0,0.20,1.43,0,0,0
PIT,03/08/2010,14.0,14.3,13.9,14.0,43060,14.50,13.30,13.9,0.10,0.72,0,0,0
PIT,03/05/2010,13.9,13.9,13.6,13.9,20740,14.50,13.30,13.9,0.00,0.00,0,0,0
PIT,03/04/2010,14.0,14.1,13.8,13.9,27700,14.50,13.30,13.9,0.00,0.00,0,0,0
PIT,03/03/2010,13.9,13.9,13.7,13.9,36710,14.30,13.10,13.7,0.20,1.46,0,0,0
PIT,03/02/2010,13.8,13.8,13.6,13.7,51600,14.30,13.10,13.7,0.00,0.00,0,0,0
PIT,03/01/2010,0.0,13.9,13.6,13.7,7650,14.20,13.00,13.6,0.10,0.74,0,0,0
PIT,02/26/2010,0.0,13.6,13.4,13.6,14460,14.00,12.80,13.4,0.20,1.49,0,0,0
PIT,02/25/2010,0.0,13.8,13.4,13.4,7510,14.10,12.90,13.5,-0.10,-0.74,0,0,0
PIT,02/24/2010,0.0,13.5,13.1,13.5,4710,14.00,12.80,13.4,0.10,0.75,0,0,0
PIT,02/23/2010,13.5,13.6,13.4,13.4,46730,14.80,13.40,14.1,-0.70,-4.96,0,0,0
PIT,02/22/2010,14.4,14.4,14.0,14.1,12150,14.70,13.30,14.0,0.10,0.71,0,0,0
PIT,02/12/2010,14.1,14.1,13.7,14.0,18490,14.30,13.10,13.7,0.30,2.19,0,0,0
PIT,02/11/2010,13.1,13.7,13.1,13.7,77720,13.70,12.50,13.1,0.60,4.58,0,0,0
PIT,02/10/2010,0.0,13.1,12.8,13.1,40410,13.30,12.10,12.7,0.40,3.15,0,0,0
PIT,02/09/2010,12.9,12.9,12.7,12.7,8980,13.50,12.30,12.9,-0.20,-1.55,0,0,0
PIT,02/08/2010,13.0,13.0,12.8,12.9,11010,13.50,12.30,12.9,0.00,0.00,0,0,0
PIT,02/05/2010,12.8,12.9,12.8,12.9,14230,13.70,12.50,13.1,-0.20,-1.53,0,0,0
PIT,02/04/2010,0.0,13.2,13.0,13.1,22600,13.70,12.50,13.1,0.00,0.00,0,0,0
PIT,02/03/2010,0.0,13.5,13.1,13.1,10340,13.60,12.40,13.0,0.10,0.77,0,0,0
PIT,02/02/2010,13.1,13.1,13.0,13.0,12830,13.70,12.50,13.1,-0.10,-0.76,0,0,0
PIT,02/01/2010,13.5,13.5,13.0,13.1,8410,13.80,12.60,13.2,-0.10,-0.76,0,0,0
PIT,01/29/2010,13.3,13.3,13.0,13.2,7270,13.60,12.40,13.0,0.20,1.54,0,0,0
PIT,01/28/2010,13.3,13.3,12.6,13.0,26590,13.80,12.60,13.2,-0.20,-1.52,0,0,0
PIT,01/27/2010,13.7,13.7,13.1,13.2,19200,14.30,13.10,13.7,-0.50,-3.65,0,0,0
PIT,01/26/2010,13.8,13.8,13.6,13.7,19070,13.90,12.70,13.3,0.40,3.01,0,0,0
PIT,01/25/2010,0.0,13.5,13.0,13.3,20390,13.70,12.50,13.1,0.20,1.53,0,0,0
PIT,01/22/2010,13.0,13.6,13.0,13.1,7650,13.80,12.60,13.2,-0.10,-0.76,0,0,0
PIT,01/21/2010,13.5,13.5,13.2,13.2,35660,13.90,12.70,13.3,-0.10,-0.75,0,0,0
PIT,01/20/2010,14.0,14.0,13.3,13.3,10840,14.30,13.10,13.7,-0.40,-2.92,0,0,0
PIT,01/19/2010,13.8,13.8,13.5,13.7,48220,14.00,12.80,13.4,0.30,2.24,0,0,0
PIT,01/18/2010,13.7,13.7,13.4,13.4,64130,14.50,13.30,13.9,-0.50,-3.60,0,0,3000
PIT,01/15/2010,13.7,14.0,13.7,13.9,26030,14.50,13.30,13.9,0.00,0.00,0,0,3000
PIT,01/14/2010,14.4,14.4,13.9,13.9,9110,14.50,13.30,13.9,0.00,0.00,0,0,0
PIT,01/13/2010,14.1,14.1,13.5,13.9,45340,14.30,13.10,13.7,0.20,1.46,0,0,0
PIT,01/12/2010,14.2,14.5,13.7,13.7,47370,14.90,13.50,14.2,-0.50,-3.52,0,0,0
PIT,01/11/2010,14.9,14.9,13.9,14.2,28120,15.20,13.80,14.5,-0.30,-2.07,0,0,0
PIT,01/08/2010,15.1,15.1,14.5,14.5,44780,15.30,13.90,14.6,-0.10,-0.68,0,0,0
PIT,01/07/2010,14.5,14.9,14.4,14.6,100540,15.70,14.30,15.0,-0.40,-2.67,0,0,0
PIT,01/06/2010,15.0,15.4,14.9,15.0,46670,16.10,14.70,15.4,-0.40,-2.60,0,0,0
PIT,01/05/2010,15.6,15.6,15.3,15.4,54940,15.60,14.20,14.9,0.50,3.36,0,0,0
PIT,01/04/2010,14.5,14.9,14.5,14.9,49750,14.90,13.50,14.2,0.70,4.93,0,0,0
PIT,12/31/2009,13.9,14.2,13.9,14.2,102580,14.20,13.00,13.6,0.60,4.41,89510,0,0
PIT,12/30/2009,13.3,13.6,13.3,13.6,36210,14.10,12.90,13.5,0.10,0.74,0,0,0
PIT,12/29/2009,13.6,13.6,13.4,13.5,7560,14.20,13.00,13.6,-0.10,-0.74,0,0,0
PIT,12/28/2009,13.7,13.9,13.3,13.6,30740,14.20,13.00,13.6,0.00,0.00,0,0,0
PIT,12/25/2009,13.5,13.6,13.4,13.6,46820,13.60,12.40,13.0,0.60,4.62,0,0,0
PIT,12/24/2009,12.8,13.3,12.7,13.0,40950,13.60,12.40,13.0,0.00,0.00,0,0,0
PIT,12/23/2009,13.3,13.3,12.5,13.0,13720,13.70,12.50,13.1,-0.10,-0.76,0,0,0
PIT,12/22/2009,13.6,13.6,13.1,13.1,22020,14.00,12.80,13.4,-0.30,-2.24,0,0,0
PIT,12/21/2009,13.4,13.4,13.3,13.4,22930,13.40,12.20,12.8,0.60,4.69,0,0,0
PIT,12/18/2009,12.4,12.8,12.4,12.8,36660,12.80,11.60,12.2,0.60,4.92,0,0,0
PIT,12/17/2009,12.3,12.6,12.1,12.2,78810,13.30,12.10,12.7,-0.50,-3.94,0,2000,0
PIT,12/16/2009,0.0,13.0,12.7,12.7,60470,13.90,12.70,13.3,-0.60,-4.51,0,0,0
PIT,12/15/2009,13.5,13.5,13.0,13.3,30950,13.90,12.70,13.3,0.00,0.00,0,30,0
PIT,12/14/2009,12.9,13.3,12.9,13.3,47820,13.30,12.10,12.7,0.60,4.72,0,0,0
PIT,12/11/2009,12.2,13.0,12.2,12.7,30350,13.30,12.10,12.7,0.00,0.00,0,0,0
PIT,12/10/2009,13.5,13.5,12.7,12.7,85720,13.90,12.70,13.3,-0.60,-4.51,0,20,0
PIT,12/09/2009,13.5,13.6,13.3,13.3,96310,14.70,13.30,14.0,-0.70,-5.00,0,0,0
PIT,12/08/2009,14.3,14.5,14.0,14.0,19050,15.20,13.80,14.5,-0.50,-3.45,0,0,0
PIT,12/07/2009,14.5,14.7,14.2,14.5,24660,15.20,13.80,14.1,0.40,2.84,0,0,0
PIT,12/04/2009,14.5,14.5,14.1,14.1,18240,14.80,13.40,14.2,-0.10,-0.70,0,0,0
PIT,12/03/2009,0.0,14.8,14.1,14.2,13690,15.00,13.60,14.3,-0.10,-0.70,0,0,0
PIT,12/02/2009,14.4,15.0,14.3,14.3,126450,15.70,14.30,15.0,-0.70,-4.67,0,0,0
PIT,12/01/2009,15.0,15.4,14.9,15.0,56260,15.60,14.20,14.9,0.10,0.67,0,0,0
PIT,11/30/2009,15.0,15.0,14.4,14.9,73430,15.70,14.30,15.0,-0.10,-0.67,0,0,24000
PIT,11/27/2009,13.7,15.1,13.7,15.0,84100,15.10,13.70,14.4,0.60,4.17,0,0,0
PIT,11/26/2009,14.5,14.8,14.4,14.4,76940,15.80,14.40,15.1,-0.70,-4.64,0,0,0
PIT,11/25/2009,15.4,15.5,15.1,15.1,125590,16.50,15.10,15.8,-0.70,-4.43,0,0,0
PIT,11/24/2009,16.0,16.3,15.5,15.8,56650,17.00,15.40,16.2,-0.40,-2.47,0,0,0
PIT,11/23/2009,16.4,16.5,15.7,16.2,43560,17.20,15.60,16.4,-0.20,-1.22,0,0,0
PIT,11/20/2009,16.2,16.4,16.1,16.4,193540,16.40,15.00,15.7,0.70,4.46,0,0,0
PIT,11/19/2009,15.4,16.0,15.4,15.7,74450,16.40,15.00,15.7,0.00,0.00,0,0,0
PIT,11/18/2009,15.5,15.8,15.5,15.7,7920,16.50,15.10,15.8,-0.10,-0.63,0,0,0
PIT,11/17/2009,15.7,15.8,15.6,15.8,18810,16.30,14.90,15.6,0.20,1.28,0,0,0
PIT,11/16/2009,15.9,16.4,15.6,15.6,46830,17.00,15.40,16.2,-0.60,-3.70,0,0,0
PIT,11/13/2009,16.0,16.2,15.7,16.2,34030,16.90,15.30,16.1,0.10,0.62,0,0,0
PIT,11/12/2009,15.4,16.1,15.4,16.1,48990,16.90,15.30,15.4,0.70,4.55,0,0,0
PIT,11/11/2009,15.6,15.7,15.2,15.4,55030,15.90,14.50,15.2,0.20,1.32,0,0,0
PIT,11/10/2009,15.6,15.6,15.0,15.2,54880,15.90,14.50,15.2,0.00,0.00,0,0,0
PIT,11/09/2009,16.3,16.5,15.2,15.2,49910,16.80,15.20,16.0,-0.80,-5.00,0,700,0
PIT,11/06/2009,16.8,17.1,16.0,16.0,101250,17.10,15.50,16.3,-0.30,-1.84,0,2300,0
PIT,11/05/2009,16.1,16.3,16.0,16.3,91890,16.30,14.90,15.6,0.70,4.49,0,3000,0
PIT,11/04/2009,15.2,16.2,15.2,15.6,73780,16.30,14.90,15.6,0.00,0.00,0,0,0
PIT,11/03/2009,15.9,16.1,15.6,15.6,106710,17.20,15.60,16.4,-0.80,-4.88,0,5070,0
PIT,11/02/2009,16.6,17.0,16.4,16.4,99190,18.00,16.40,17.2,-0.80,-4.65,0,0,0
PIT,10/30/2009,16.9,17.6,16.9,17.2,121690,17.70,16.10,16.9,0.30,1.78,0,5000,0
PIT,10/29/2009,17.2,17.5,16.7,16.9,129530,18.30,16.70,17.5,-0.60,-3.43,0,0,0
PIT,10/28/2009,17.4,17.5,17.3,17.5,135690,17.50,15.90,16.7,0.80,4.79,0,20000,0
PIT,10/27/2009,16.9,17.3,16.7,16.7,116500,18.20,16.60,17.4,-0.70,-4.02,0,0,0
PIT,10/26/2009,18.6,18.8,17.4,17.4,187690,19.20,17.40,18.3,-0.90,-4.92,0,0,0
PIT,10/23/2009,18.4,19.2,18.3,18.3,390700,19.20,17.40,18.3,0.00,0.00,0,2000,5670
PIT,10/22/2009,18.2,18.8,18.2,18.3,172960,19.70,17.90,18.8,-0.50,-2.66,0,0,0
PIT,10/21/2009,19.0,19.1,18.7,18.8,176700,19.90,18.10,19.0,-0.20,-1.05,0,0,0
PIT,10/20/2009,19.4,19.4,18.8,19.0,257830,19.80,18.00,18.9,0.10,0.53,0,0,0
PIT,10/19/2009,19.0,19.3,18.8,18.9,309150,20.40,18.60,19.5,-0.60,-3.08,0,0,0
PIT,10/16/2009,19.5,19.5,19.0,19.5,1024450,19.50,17.70,18.6,0.90,4.84,0,0,0
PIT,10/15/2009,18.6,18.6,18.6,18.6,143990,18.60,17.00,17.8,0.80,4.49,0,0,4050
PIT,10/14/2009,17.8,17.8,17.8,17.8,155130,17.80,16.20,17.0,0.80,4.71,0,0,0
PIT,10/13/2009,16.9,17.1,16.6,17.0,265730,17.60,16.00,16.8,0.20,1.19,0,0,0
PIT,10/12/2009,16.9,17.0,16.7,16.8,151260,17.70,16.10,16.9,-0.10,-0.59,0,30,0
PIT,10/09/2009,17.2,17.2,16.8,16.9,128800,17.40,15.80,16.6,0.30,1.81,0,0,2860
PIT,10/08/2009,17.0,17.0,16.6,16.6,80870,17.40,15.80,16.6,0.00,0.00,0,0,0
PIT,10/07/2009,16.5,16.6,16.4,16.6,97570,16.60,15.20,15.9,0.70,4.40,0,0,0
PIT,10/06/2009,16.0,16.0,15.7,15.9,29900,16.40,15.00,15.7,0.20,1.27,0,0,0
PIT,10/05/2009,15.8,16.2,15.5,15.7,50440,16.60,15.20,15.9,-0.20,-1.26,0,0,0
PIT,10/02/2009,16.0,16.0,15.7,15.9,91070,17.30,15.70,16.5,-0.60,-3.64,0,0,0
PIT,10/01/2009,16.5,16.8,16.4,16.5,59760,17.30,15.70,16.5,0.00,0.00,0,0,0
PIT,09/30/2009,16.5,17.0,16.5,16.5,183600,17.40,15.80,16.6,-0.10,-0.60,0,0,0
PIT,09/29/2009,16.7,16.8,16.5,16.6,132950,17.60,16.00,16.8,-0.20,-1.19,0,0,0
PIT,09/28/2009,17.0,17.2,16.5,16.8,133140,17.90,16.30,17.1,-0.30,-1.75,0,0,0
PIT,09/25/2009,17.2,17.2,16.8,17.1,66450,18.00,16.40,17.2,-0.10,-0.58,0,0,0
PIT,09/24/2009,16.5,17.3,16.5,17.2,119920,17.30,15.70,16.5,0.70,4.24,0,0,0
PIT,09/23/2009,17.1,17.4,16.5,16.5,202960,17.80,16.20,17.0,-0.50,-2.94,0,0,1000
PIT,09/22/2009,17.0,17.0,16.7,17.0,125930,17.90,16.30,17.1,-0.10,-0.58,0,0,0
PIT,09/21/2009,17.2,17.5,17.0,17.1,140020,17.80,16.20,17.0,0.10,0.59,0,0,0
PIT,09/18/2009,17.0,17.3,17.0,17.0,102460,17.90,16.30,17.1,-0.10,-0.58,0,0,0
PIT,09/17/2009,17.5,17.5,16.9,17.1,71070,18.10,16.50,17.3,-0.20,-1.16,0,0,0
PIT,09/16/2009,17.0,17.3,16.8,17.3,172950,17.80,16.20,17.0,0.30,1.76,0,100,0
PIT,09/15/2009,17.1,17.2,16.9,17.0,101800,18.30,16.70,17.5,-0.50,-2.86,0,0,0
PIT,09/14/2009,18.2,18.2,17.5,17.5,78260,18.40,16.80,17.6,-0.10,-0.57,20000,0,0
PIT,09/11/2009,17.5,17.6,17.3,17.6,218650,17.60,16.00,16.8,0.80,4.76,0,0,0
PIT,09/10/2009,16.8,17.5,16.7,16.8,411860,18.30,16.70,17.5,-0.70,-4.00,0,5000,0
PIT,09/09/2009,17.5,18.0,17.2,17.5,77300,18.60,17.00,17.8,-0.30,-1.69,0,0,5000
PIT,09/08/2009,17.8,17.8,17.4,17.8,145160,17.80,16.20,17.0,0.80,4.71,0,0,0
PIT,09/07/2009,17.0,17.5,17.0,17.0,319400,18.60,17.00,17.8,-0.80,-4.49,0,0,0
PIT,09/04/2009,17.8,18.2,17.8,17.8,170810,18.60,17.00,17.8,0.00,0.00,0,0,2000
PIT,09/03/2009,17.8,18.0,17.6,17.8,95660,18.90,17.10,18.0,-0.20,-1.11,0,5000,2010
PIT,09/02/2009,0.0,0.0,0.0,18.0,0,19.50,17.70,18.0,0.00,0.00,0,0,0
PIT,09/01/2009,18.0,18.4,17.7,18.0,560250,19.50,17.70,18.6,-0.60,-3.23,0,0,0
PIT,08/31/2009,18.6,19.3,18.6,18.6,348600,19.70,17.90,18.8,-0.20,-1.06,0,50,2000
PIT,08/28/2009,19.5,19.5,18.2,18.8,387640,20.00,18.20,19.1,-0.30,-1.57,0,2000,0
PIT,08/27/2009,19.2,19.2,18.8,19.1,398380,19.20,17.40,18.3,0.80,4.37,0,0,0
PIT,08/26/2009,17.5,18.3,17.5,18.3,364700,18.30,16.70,17.5,0.80,4.57,0,0,0
PIT,08/25/2009,17.1,17.9,17.1,17.5,475730,18.70,17.10,17.9,-0.40,-2.23,0,0,2900
PIT,08/24/2009,18.5,18.8,17.9,17.9,243120,19.70,17.90,18.8,-0.90,-4.79,0,0,0
PIT,08/21/2009,19.4,19.5,18.7,18.8,608950,19.60,17.80,18.7,0.10,0.53,0,0,0
PIT,08/20/2009,18.7,18.7,17.1,18.7,697190,18.70,17.10,17.9,0.80,4.47,0,0,2000
PIT,08/19/2009,17.9,17.9,17.9,17.9,277160,17.90,16.30,17.1,0.80,4.68,0,0,0
PIT,08/18/2009,17.1,17.1,17.1,17.1,251280,17.10,15.50,16.3,0.80,4.91,0,0,2000
PIT,08/17/2009,16.3,16.3,16.3,16.3,131680,16.30,14.90,15.6,0.70,4.49,0,0,2000
PIT,08/14/2009,15.4,15.6,15.0,15.6,414950,15.60,14.20,14.9,0.70,4.70,0,0,0
PIT,08/13/2009,14.2,14.9,14.0,14.9,215130,14.90,13.50,14.2,0.70,4.93,0,0,0
PIT,08/12/2009,14.4,14.5,14.1,14.2,57360,15.20,13.80,14.5,-0.30,-2.07,0,2010,0
PIT,08/11/2009,14.0,14.5,14.0,14.5,60000,15.10,13.70,14.4,0.10,0.69,0,0,0
PIT,08/10/2009,14.0,14.4,13.9,14.4,106360,14.40,13.20,13.8,0.60,4.35,0,1400,0
PIT,08/07/2009,13.7,14.0,13.7,13.8,56930,14.30,13.10,13.7,0.10,0.73,0,0,0
PIT,08/06/2009,13.1,13.7,13.0,13.7,180020,13.70,12.50,13.1,0.60,4.58,0,0,0
PIT,08/05/2009,13.1,13.2,13.0,13.1,66110,13.70,12.50,13.1,0.00,0.00,0,0,0
PIT,08/04/2009,13.1,13.3,13.0,13.1,61920,13.60,12.40,13.0,0.10,0.77,0,0,0
PIT,08/03/2009,13.2,13.2,13.0,13.0,49600,13.80,12.60,13.2,-0.20,-1.52,0,0,0
PIT,07/31/2009,13.1,13.4,13.0,13.2,65800,13.70,12.50,13.1,0.10,0.76,0,0,0
PIT,07/30/2009,13.1,13.1,12.9,13.1,53160,14.00,12.80,13.4,-0.30,-2.24,0,0,0
PIT,07/29/2009,13.8,13.8,13.3,13.4,21510,14.00,12.80,13.4,0.00,0.00,0,0,0
PIT,07/28/2009,13.9,13.9,13.3,13.4,43110,14.50,13.30,13.9,-0.50,-3.60,0,0,0
PIT,07/27/2009,14.2,14.2,13.8,13.9,74580,14.50,13.30,13.9,0.00,0.00,0,0,0
PIT,07/24/2009,13.9,13.9,13.8,13.9,77370,13.90,12.70,13.3,0.60,4.51,0,0,0
PIT,07/23/2009,13.0,13.3,12.7,13.3,30940,13.70,12.50,13.1,0.20,1.53,0,0,0
PIT,07/22/2009,13.1,13.2,13.0,13.1,25160,13.70,12.50,13.1,0.00,0.00,0,0,0
PIT,07/21/2009,13.4,13.4,13.0,13.1,16050,13.80,12.60,13.2,-0.10,-0.76,0,0,0
PIT,07/20/2009,13.2,13.5,13.1,13.2,27100,14.30,13.10,13.7,-0.50,-3.65,0,0,0
PIT,07/17/2009,13.5,13.7,13.0,13.7,26430,14.10,12.90,13.5,0.20,1.48,0,0,0
PIT,07/16/2009,13.9,13.9,13.3,13.5,44670,13.90,12.70,13.3,0.20,1.50,0,1500,0
PIT,07/15/2009,13.2,13.5,13.2,13.3,29740,13.60,12.40,13.0,0.30,2.31,0,0,0
PIT,07/14/2009,13.3,13.3,13.0,13.0,36670,13.90,12.70,13.3,-0.30,-2.26,0,0,800
PIT,07/13/2009,13.6,13.7,13.3,13.3,45640,14.70,13.30,14.0,-0.70,-5.00,0,0,0
PIT,07/10/2009,13.7,14.2,13.7,14.0,13580,14.90,13.50,14.2,-0.20,-1.41,0,0,0
PIT,07/09/2009,14.1,14.3,14.0,14.2,12640,14.80,13.40,14.1,0.10,0.71,0,0,1000
PIT,07/08/2009,14.1,14.3,14.1,14.1,20450,15.00,13.60,14.3,-0.20,-1.40,0,0,0
PIT,07/07/2009,14.7,14.9,14.3,14.3,18740,15.40,14.00,14.7,-0.40,-2.72,0,0,0
PIT,07/06/2009,14.4,14.7,14.4,14.7,46530,14.70,13.30,14.0,0.70,5.00,0,0,0
PIT,07/03/2009,13.3,14.0,13.2,14.0,39770,14.40,13.20,13.8,0.20,1.45,0,0,0
PIT,07/02/2009,14.0,14.0,13.4,13.8,41100,14.40,13.20,13.8,0.00,0.00,0,0,0
PIT,07/01/2009,13.8,13.9,13.8,13.8,64850,15.20,13.80,14.5,-0.70,-4.83,0,0,0
PIT,06/30/2009,14.9,15.1,14.5,14.5,66600,15.20,13.80,15.2,-0.70,-4.61,0,0,0
PIT,06/29/2009,15.5,15.5,15.0,15.2,23760,16.20,14.80,15.5,-0.30,-1.94,0,0,0
PIT,06/26/2009,16.0,16.0,15.5,15.5,11810,16.80,15.20,16.0,-0.50,-3.13,0,0,0
PIT,06/25/2009,16.3,16.3,15.1,16.0,34320,16.30,14.90,15.6,0.40,2.56,0,0,0
PIT,06/24/2009,14.9,15.6,14.9,15.6,35750,15.60,14.20,14.9,0.70,4.70,0,0,0
PIT,06/23/2009,14.9,14.9,14.9,14.9,30970,16.30,14.90,15.6,-0.70,-4.49,0,0,0
PIT,06/22/2009,16.0,16.0,15.6,15.6,57540,17.20,15.60,16.4,-0.80,-4.88,0,0,0
PIT,06/19/2009,17.0,17.0,16.3,16.4,80040,17.20,15.60,16.3,0.10,0.61,0,0,0
PIT,06/18/2009,16.3,16.3,16.2,16.3,56690,16.30,14.90,15.6,0.70,4.49,0,0,0
PIT,06/17/2009,15.6,16.0,15.6,15.6,130620,17.20,15.60,16.4,-0.80,-4.88,0,0,0
PIT,06/16/2009,16.4,16.4,16.4,16.4,53550,18.00,16.40,17.2,-0.80,-4.65,0,0,0
PIT,06/15/2009,17.2,17.5,17.2,17.2,143740,19.00,17.20,18.1,-0.90,-4.97,0,0,3000
PIT,06/12/2009,19.5,19.5,18.1,18.1,254110,19.00,17.20,18.8,-0.70,-3.72,0,0,10000
PIT,06/11/2009,18.1,18.1,18.1,18.8,307100,19.90,18.10,19.0,-0.20,-1.05,0,70,0
PIT,06/10/2009,19.0,19.0,19.0,19.0,81780,21.00,19.00,20.0,-1.00,-5.00,0,0,0
PIT,06/09/2009,20.3,20.3,19.4,20.0,335680,20.30,18.50,19.4,0.60,3.09,0,0,0
PIT,06/08/2009,19.4,19.4,19.4,19.4,36670,19.40,17.60,18.5,0.90,4.86,0,0,0
PIT,06/05/2009,18.5,18.5,18.5,18.5,75010,18.50,16.90,17.7,0.80,4.52,0,0,0
PIT,06/04/2009,17.0,17.7,17.0,17.7,301210,17.70,16.10,16.9,0.80,4.73,0,0,0
PIT,06/03/2009,16.3,17.1,16.3,16.9,198830,17.80,16.20,17.0,-0.10,-0.59,0,0,0
PIT,06/02/2009,17.0,17.0,16.7,17.0,269270,17.00,15.40,16.2,0.80,4.94,0,0,10000
PIT,06/01/2009,16.2,16.2,16.2,16.2,217500,16.20,14.80,15.5,0.70,4.52,0,0,0
PIT,05/29/2009,15.8,15.8,15.4,15.5,121470,16.20,14.80,15.5,0.00,0.00,0,0,300
PIT,05/28/2009,15.7,15.9,15.4,15.5,86210,16.80,15.20,16.0,-0.50,-3.12,0,0,0
PIT,05/27/2009,15.4,16.0,15.3,16.0,214930,16.10,14.70,15.4,0.60,3.90,0,0,0
PIT,05/26/2009,15.9,15.9,15.2,15.4,134860,16.60,15.20,15.9,-0.50,-3.14,0,0,0
PIT,05/25/2009,15.7,15.9,15.5,15.9,187840,15.90,14.50,15.2,0.70,4.61,0,0,0
PIT,05/22/2009,16.6,16.6,15.2,15.2,234100,16.60,15.20,15.9,-0.70,-4.40,0,100,0
PIT,05/21/2009,15.9,15.9,15.8,15.9,104530,15.90,14.50,15.2,0.70,4.61,0,0,2300
PIT,05/20/2009,14.7,15.2,14.5,15.2,222690,15.40,14.00,14.7,0.50,3.40,0,1000,0
PIT,05/19/2009,14.8,15.0,14.3,14.7,144370,15.00,13.60,14.3,0.40,2.80,0,200,0
PIT,05/18/2009,14.1,14.3,13.9,14.3,115310,15.10,13.70,14.4,-0.10,-0.69,0,0,0
PIT,05/15/2009,14.7,14.7,14.3,14.4,98540,14.90,13.50,14.2,0.20,1.41,0,0,0
PIT,05/14/2009,14.3,14.3,13.8,14.2,51070,15.20,13.80,14.5,-0.30,-2.07,0,0,0
PIT,05/13/2009,14.3,14.7,14.3,14.5,100780,15.00,13.60,14.3,0.20,1.40,0,0,0
PIT,05/12/2009,13.1,14.3,13.1,14.3,167200,14.30,13.10,13.7,0.60,4.38,0,0,0
PIT,05/11/2009,14.5,14.5,13.7,13.7,188360,14.80,13.40,14.1,-0.40,-2.84,0,0,0
PIT,05/08/2009,13.9,14.4,13.9,14.1,169320,15.30,13.90,14.6,-0.50,-3.42,0,0,0
PIT,05/07/2009,15.5,15.5,14.3,14.6,189410,15.70,14.30,15.0,-0.40,-2.67,0,0,0
PIT,05/06/2009,15.0,15.5,15.0,15.0,29250,16.40,15.00,15.7,-0.70,-4.46,0,100,0
PIT,05/05/2009,15.8,15.8,15.6,15.7,372990,15.80,14.40,15.1,0.60,3.97,0,0,0
PIT,05/04/2009,14.8,15.1,14.8,15.1,291290,15.10,13.70,14.4,0.70,4.86,0,0,0
PIT,04/29/2009,13.8,15.2,13.8,14.4,91040,15.20,13.80,14.5,-0.10,-0.69,0,0,0
PIT,04/28/2009,14.5,14.5,14.5,14.5,14710,15.90,14.50,15.2,-0.70,-4.61,0,0,0
PIT,04/27/2009,15.3,15.5,15.2,15.2,23220,15.90,14.50,15.9,-0.70,-4.40,0,0,0
PIT,04/24/2009,16.0,16.0,15.2,15.9,23580,16.80,15.20,16.0,-0.10,-0.62,0,0,0
PIT,04/23/2009,16.0,16.7,16.0,16.0,30110,16.80,15.20,16.0,0.00,0.00,0,0,0
PIT,04/22/2009,16.1,16.1,15.4,16.0,57020,16.10,14.70,15.4,0.60,3.90,0,0,0
PIT,04/21/2009,15.4,15.4,15.4,15.4,13150,17.00,15.40,16.2,-0.80,-4.94,0,0,0
PIT,04/20/2009,16.2,16.2,16.2,16.2,15860,17.80,16.20,17.0,-0.80,-4.71,0,0,0
PIT,04/17/2009,18.6,18.6,17.0,17.0,97410,18.60,17.00,17.8,-0.80,-4.49,0,0,100
PIT,04/16/2009,17.8,17.8,17.5,17.8,165320,17.80,16.20,17.0,0.80,4.71,0,0,0
PIT,04/15/2009,15.7,17.1,15.5,17.0,277600,17.10,15.50,16.3,0.70,4.29,0,0,0
PIT,04/14/2009,17.3,17.3,15.8,16.3,102830,17.40,15.80,16.6,-0.30,-1.81,0,0,0
PIT,04/13/2009,16.5,16.6,16.0,16.6,78100,16.60,15.20,15.9,0.70,4.40,0,0,0
PIT,04/10/2009,15.8,15.9,15.7,15.9,87750,15.90,14.50,15.2,0.70,4.61,0,0,0
PIT,04/09/2009,15.8,15.9,15.2,15.2,49960,16.80,15.20,16.0,-0.80,-5.00,0,2000,0
PIT,04/08/2009,15.5,16.4,15.5,16.0,75920,16.60,15.20,15.9,0.10,0.63,0,100,0
PIT,04/07/2009,17.0,17.5,16.3,17.4,165280,17.90,16.30,17.1,0.30,1.75,0,0,2000
PIT,04/03/2009,16.3,17.1,16.3,17.1,262160,17.10,15.50,16.3,0.80,4.91,0,0,0
PIT,04/02/2009,16.3,16.3,15.6,16.3,165860,16.30,14.90,15.6,0.70,4.49,0,0,0
PIT,04/01/2009,15.6,15.6,15.6,15.6,70870,15.60,14.20,14.9,0.70,4.70,0,0,0
PIT,03/31/2009,14.9,14.9,14.6,14.9,118600,15.20,13.80,14.5,0.40,2.76,0,0,0
PIT,03/30/2009,14.5,14.5,14.3,14.5,186690,14.50,13.30,13.9,0.60,4.32,0,0,0
PIT,03/27/2009,13.9,13.9,13.8,13.9,116810,13.90,12.70,13.3,0.60,4.51,0,0,0
PIT,03/26/2009,13.3,13.3,13.1,13.3,63230,13.30,12.10,12.7,0.60,4.72,0,0,0
PIT,03/25/2009,12.5,12.7,12.5,12.7,16080,13.10,11.90,12.5,0.20,1.60,0,0,0
PIT,03/24/2009,12.7,12.7,12.5,12.5,31760,12.70,11.50,12.1,0.40,3.31,0,0,0
PIT,03/23/2009,12.2,12.4,12.0,12.1,27760,12.40,11.40,11.9,0.20,1.68,0,0,0
PIT,03/20/2009,11.4,12.0,11.4,11.9,40240,12.00,11.00,11.5,0.40,3.48,0,0,0
PIT,03/19/2009,12.0,12.0,11.4,11.5,22110,12.60,11.40,12.0,-0.50,-4.17,0,0,0
PIT,03/18/2009,12.1,12.1,11.8,12.0,19200,12.10,11.10,11.6,0.40,3.45,0,0,0
PIT,03/17/2009,11.6,11.6,11.5,11.6,16360,11.60,10.60,11.1,0.50,4.50,0,0,0
PIT,03/16/2009,11.1,11.4,11.1,11.1,1910,11.70,10.70,11.2,-0.10,-0.89,0,0,0
PIT,03/13/2009,11.5,11.5,11.2,11.2,5030,11.60,10.60,11.1,0.10,0.90,0,0,0
PIT,03/12/2009,11.2,11.2,10.9,11.1,8400,11.90,10.90,11.4,-0.30,-2.63,0,0,0
PIT,03/11/2009,11.5,11.5,11.0,11.4,3810,11.50,10.50,11.0,0.40,3.64,0,0,0
PIT,03/10/2009,11.0,11.1,10.7,11.0,29700,11.10,10.10,10.6,0.40,3.77,0,0,0
PIT,03/09/2009,10.6,11.3,10.6,10.6,12760,11.40,10.40,10.9,-0.30,-2.75,0,0,0
PIT,03/06/2009,10.7,10.9,10.7,10.9,120,11.30,10.30,10.8,0.10,0.93,0,0,0
PIT,03/05/2009,11.0,11.0,10.8,10.8,9790,11.50,10.50,11.0,-0.20,-1.82,0,0,0
PIT,03/04/2009,11.0,11.2,10.5,11.0,10600,11.30,10.30,10.8,0.20,1.85,0,0,2000
PIT,03/03/2009,11.0,11.0,10.6,10.8,14000,11.50,10.50,11.0,-0.20,-1.82,0,0,0
PIT,03/02/2009,10.5,11.0,10.5,11.0,9770,11.00,10.00,10.5,0.50,4.76,0,0,0
PIT,02/27/2009,10.5,10.5,10.5,10.5,3180,10.80,9.80,10.3,0.20,1.94,0,0,0
PIT,02/26/2009,10.3,10.3,9.6,10.3,9880,10.50,9.50,10.0,0.30,3.00,0,0,0
PIT,02/25/2009,9.9,10.0,9.8,10.0,2710,10.00,9.20,9.6,0.40,4.17,0,0,0
PIT,02/24/2009,9.7,9.8,9.6,9.6,10550,10.30,9.50,9.9,-0.30,-3.03,0,0,0
PIT,02/23/2009,10.1,10.1,9.8,9.9,15180,10.70,9.70,10.2,-0.30,-2.94,0,0,0
PIT,02/20/2009,10.2,10.4,10.2,10.2,7020,11.20,10.20,10.7,-0.50,-4.67,0,0,0
PIT,02/19/2009,10.8,10.8,10.7,10.7,12210,10.80,9.80,10.3,0.40,3.88,0,0,0
PIT,02/18/2009,10.3,10.4,10.3,10.3,15800,11.30,10.30,10.8,-0.50,-4.63,0,0,0
PIT,02/17/2009,10.8,11.0,10.5,10.8,5610,11.50,10.50,11.0,-0.20,-1.82,0,0,0
PIT,02/16/2009,10.7,11.0,10.7,11.0,3170,11.50,10.50,11.0,0.00,0.00,0,0,0
PIT,02/13/2009,11.0,11.2,11.0,11.0,9770,11.50,10.50,11.0,0.00,0.00,0,0,0
PIT,02/12/2009,11.0,11.5,11.0,11.0,3810,11.50,10.50,11.0,0.00,0.00,0,0,0
PIT,02/11/2009,11.8,11.8,11.0,11.0,1370,11.90,10.90,11.4,-0.40,-3.51,0,0,0
PIT,02/10/2009,11.1,11.4,11.0,11.4,12300,11.90,10.90,11.4,0.00,0.00,0,0,0
PIT,02/09/2009,11.2,11.4,11.2,11.4,3410,11.70,10.70,11.2,0.20,1.79,0,0,0
PIT,02/06/2009,11.1,11.2,11.0,11.2,6520,11.60,10.60,11.1,0.10,0.90,0,0,0
PIT,02/05/2009,11.0,11.2,11.0,11.1,10770,11.90,10.90,11.4,-0.30,-2.63,0,0,0
PIT,02/04/2009,11.9,11.9,11.3,11.4,2590,12.00,11.00,11.5,-0.10,-0.87,0,0,0
PIT,02/03/2009,12.0,12.0,11.5,11.5,1540,12.10,11.10,11.6,-0.10,-0.86,0,0,0
PIT,02/02/2009,11.6,12.4,11.6,11.6,2120,12.60,11.40,12.0,-0.40,-3.33,0,0,0
PIT,01/23/2009,12.0,12.0,12.0,12.0,190,12.60,11.40,12.0,0.00,0.00,0,0,0
PIT,01/22/2009,11.8,12.2,11.8,12.0,80,12.60,11.40,12.0,0.00,0.00,0,0,0
PIT,01/21/2009,12.4,12.4,12.0,12.0,1120,13.00,11.80,12.4,-0.40,-3.23,0,0,0
PIT,01/20/2009,12.5,12.5,12.3,12.4,10490,12.80,11.60,12.2,0.20,1.64,0,0,0
PIT,01/19/2009,11.7,12.2,11.7,12.2,2180,12.60,11.40,12.0,0.20,1.67,0,0,0
PIT,01/16/2009,12.0,12.4,12.0,12.0,4100,13.00,11.80,12.4,-0.40,-3.23,0,0,0
PIT,01/15/2009,11.8,12.4,11.8,12.4,2400,12.70,11.50,12.1,0.30,2.48,0,0,0
PIT,01/14/2009,12.4,12.4,12.1,12.1,30,13.00,11.80,12.4,-0.30,-2.42,0,0,0
PIT,01/13/2009,12.5,12.5,12.0,12.4,3050,13.10,11.90,12.5,-0.10,-0.80,0,0,0
PIT,01/12/2009,11.7,12.5,11.7,12.5,24520,12.60,11.40,12.0,0.50,4.17,0,0,0
PIT,01/09/2009,12.5,12.5,11.9,12.0,5720,12.60,11.40,12.0,0.00,0.00,0,0,0
PIT,01/08/2009,12.5,12.5,12.0,12.0,3090,13.10,11.90,12.5,-0.50,-4.00,0,0,0
PIT,01/07/2009,12.4,12.7,12.3,12.5,4300,13.00,11.80,12.4,0.10,0.81,0,0,0
PIT,01/06/2009,12.4,12.5,12.4,12.4,240,12.70,11.50,12.1,0.30,2.48,0,0,0
PIT,01/05/2009,13.0,13.0,12.1,12.1,1640,13.30,12.10,12.7,-0.60,-4.72,0,0,0
PIT,01/02/2009,12.7,12.7,12.7,12.7,20,12.80,11.60,12.2,0.50,4.10,0,0,0
PIT,12/31/2008,12.3,12.3,11.9,12.2,10910,12.80,11.60,12.2,0.00,0.00,0,0,0
PIT,12/30/2008,0.0,12.3,12.0,12.2,5630,12.60,11.40,12.0,0.20,1.67,0,0,0
PIT,12/29/2008,11.9,12.0,11.9,12.0,9200,12.60,11.40,12.0,0.00,0.00,0,0,0
PIT,12/26/2008,11.9,12.4,11.9,12.0,8120,12.80,11.60,12.2,-0.20,-1.64,0,0,0
PIT,12/25/2008,0.0,12.2,12.0,12.2,780,12.80,11.60,12.2,0.00,0.00,0,0,0
PIT,12/24/2008,12.2,12.2,12.2,12.2,1170,12.80,11.60,12.2,0.00,0.00,0,0,0
PIT,12/23/2008,12.2,12.2,12.1,12.2,3520,12.70,11.50,12.1,0.10,0.83,0,0,0
PIT,12/22/2008,11.8,12.3,11.8,12.1,8900,12.60,11.40,12.0,0.10,0.83,0,0,0
PIT,12/19/2008,11.6,12.1,11.6,12.0,2180,12.60,11.40,12.0,0.00,0.00,0,0,0
PIT,12/18/2008,12.3,12.4,12.0,12.0,4000,13.10,11.90,12.5,-0.50,-4.00,0,2000,0
PIT,12/17/2008,12.5,12.5,11.7,12.5,3520,12.90,11.70,12.3,0.20,1.63,0,0,0
PIT,12/16/2008,12.3,12.8,12.3,12.3,9350,13.50,12.30,12.9,-0.60,-4.65,0,0,0
PIT,12/15/2008,12.9,12.9,12.0,12.9,16730,12.90,11.70,12.3,0.60,4.88,0,0,0
PIT,12/12/2008,12.3,12.3,12.2,12.3,7080,12.30,11.30,11.8,0.50,4.24,0,0,0
PIT,12/11/2008,12.4,12.4,11.8,11.8,8200,12.70,11.50,12.1,-0.30,-2.48,0,0,0
PIT,12/10/2008,12.6,12.6,12.1,12.1,7190,13.20,12.00,12.6,-0.50,-3.97,0,0,0
PIT,12/09/2008,12.6,12.7,12.2,12.6,11340,12.80,11.60,12.2,0.40,3.28,0,0,0
PIT,12/08/2008,12.2,12.2,12.2,12.2,1750,13.40,12.20,12.8,-0.60,-4.69,0,0,0
PIT,12/05/2008,13.2,13.2,12.8,12.8,12570,13.80,12.60,13.2,-0.40,-3.03,0,0,0
PIT,12/04/2008,13.2,13.8,13.2,13.2,9110,13.80,12.60,13.2,0.00,0.00,0,0,0
PIT,12/03/2008,13.9,13.9,13.0,13.2,2420,14.10,12.90,13.5,-0.30,-2.22,0,0,0
PIT,12/02/2008,13.5,13.5,13.3,13.5,4840,14.40,13.20,13.8,-0.30,-2.17,0,0,0
PIT,12/01/2008,13.9,13.9,13.2,13.8,11270,14.10,12.90,13.5,0.30,2.22,0,0,0
PIT,11/28/2008,13.5,13.5,13.0,13.5,7560,13.50,12.30,12.9,0.60,4.65,0,0,0
PIT,11/27/2008,12.9,13.0,12.9,12.9,15030,14.00,12.80,13.4,-0.50,-3.73,0,0,0
PIT,11/26/2008,13.8,13.8,13.4,13.4,8900,14.30,13.10,13.7,-0.30,-2.19,0,0,0
PIT,11/25/2008,14.0,14.0,13.7,13.7,4210,14.10,12.90,13.5,0.20,1.48,0,0,0
PIT,11/24/2008,13.8,13.8,13.0,13.5,6170,14.00,12.80,13.4,0.10,0.75,0,0,0
PIT,11/21/2008,12.9,13.8,12.9,13.4,10800,14.00,12.80,13.4,0.00,0.00,29790,0,0
PIT,11/20/2008,13.5,13.6,13.3,13.4,19000,14.70,13.30,14.0,-0.60,-4.29,0,0,0
PIT,11/19/2008,14.5,14.5,14.0,14.0,9110,14.70,13.30,14.0,0.00,0.00,0,0,0
PIT,11/18/2008,13.9,14.4,13.9,14.0,19180,15.10,13.70,14.4,-0.40,-2.78,0,0,0
PIT,11/17/2008,14.5,14.7,14.4,14.4,7260,15.10,13.70,14.4,0.00,0.00,0,0,0
PIT,11/14/2008,15.0,15.0,14.3,14.4,21870,15.00,13.60,14.3,0.10,0.70,0,0,0
PIT,11/13/2008,14.3,14.9,13.7,14.3,12080,15.00,13.60,14.3,0.00,0.00,0,2000,0
PIT,11/12/2008,13.8,14.3,13.8,14.3,14640,15.00,13.60,14.3,0.00,0.00,0,0,0
PIT,11/11/2008,14.6,14.6,14.3,14.3,48950,15.70,14.30,15.0,-0.70,-4.67,0,0,0
PIT,11/10/2008,15.1,15.6,15.0,15.0,29810,16.40,15.00,15.7,-0.70,-4.46,0,0,0
PIT,11/07/2008,15.7,15.7,15.7,15.7,20820,17.30,15.70,16.5,-0.80,-4.85,0,0,0
PIT,11/06/2008,15.8,16.8,15.7,16.5,39060,17.30,15.70,16.5,0.00,0.00,0,0,0
PIT,11/05/2008,16.5,16.5,16.5,16.5,14840,16.50,15.10,15.8,0.70,4.43,0,0,0
PIT,11/04/2008,15.1,15.8,15.1,15.8,19250,15.80,14.40,15.1,0.70,4.64,0,0,2000
PIT,11/03/2008,15.7,15.7,15.0,15.1,14970,16.40,15.00,15.7,-0.60,-3.82,0,0,0
PIT,10/31/2008,15.6,15.7,15.6,15.7,29790,15.70,14.30,15.0,0.70,4.67,0,0,0
PIT,10/30/2008,14.6,15.0,14.6,15.0,48420,15.00,13.60,14.3,0.70,4.90,20000,0,0
PIT,10/29/2008,13.7,14.3,13.7,14.3,31300,14.30,13.10,13.7,0.60,4.38,0,0,0
PIT,10/28/2008,13.7,14.1,13.7,13.7,36840,15.10,13.70,14.4,-0.70,-4.86,0,0,0
PIT,10/27/2008,14.6,14.6,14.4,14.4,34520,15.80,14.40,15.1,-0.70,-4.64,0,2000,0
PIT,10/24/2008,15.7,16.0,15.0,15.1,21670,16.40,15.00,15.7,-0.60,-3.82,0,0,0
PIT,10/23/2008,15.7,16.0,15.7,15.7,35520,17.30,15.70,16.5,-0.80,-4.85,0,0,0
PIT,10/22/2008,16.4,16.6,16.4,16.5,5280,17.80,16.20,17.0,-0.50,-2.94,0,0,0
PIT,10/21/2008,16.6,17.0,16.6,17.0,38970,17.40,15.80,16.6,0.40,2.41,0,0,0
PIT,10/20/2008,16.7,16.7,16.6,16.6,4420,17.80,16.20,17.0,-0.40,-2.35,0,0,0
PIT,10/17/2008,17.4,17.4,17.0,17.0,3910,17.70,16.10,16.9,0.10,0.59,0,0,0
PIT,10/16/2008,16.9,17.4,16.9,16.9,20240,18.50,16.90,17.7,-0.80,-4.52,0,0,0
PIT,10/15/2008,16.5,17.7,16.5,17.7,42590,17.90,16.30,17.1,0.60,3.51,0,0,0
PIT,10/14/2008,17.1,17.1,17.1,17.1,30,17.10,15.50,16.3,0.80,4.91,0,0,0
PIT,10/13/2008,17.0,17.1,16.3,16.3,16870,17.10,15.50,16.3,0.00,0.00,0,0,0
PIT,10/10/2008,16.4,17.0,16.3,16.3,44520,17.90,16.30,17.1,-0.80,-4.68,0,3000,0
PIT,10/09/2008,17.2,18.0,17.1,17.1,54970,18.70,17.10,17.9,-0.80,-4.47,0,0,0
PIT,10/08/2008,16.4,17.9,16.4,17.9,37160,17.90,16.30,17.1,0.80,4.68,0,0,0
PIT,10/07/2008,17.1,17.1,17.1,17.1,8340,18.90,17.10,18.0,-0.90,-5.00,0,0,0
PIT,10/06/2008,18.1,18.1,17.3,18.0,40300,18.90,17.10,18.0,0.00,0.00,0,0,0
PIT,10/03/2008,18.0,18.2,18.0,18.0,40560,18.90,17.10,18.0,0.00,0.00,0,0,0
PIT,10/02/2008,17.7,18.0,17.2,18.0,38870,18.00,16.40,17.2,0.80,4.65,0,0,0
PIT,10/01/2008,17.6,17.7,16.3,17.2,32740,17.90,16.30,17.1,0.10,0.58,0,0,0
PIT,09/30/2008,17.1,17.1,17.1,17.1,17050,18.70,17.10,17.9,-0.80,-4.47,0,1000,0
PIT,09/29/2008,17.9,19.0,17.9,17.9,21360,19.30,17.50,18.4,-0.50,-2.72,0,0,0
PIT,09/26/2008,19.1,19.1,18.2,18.4,44450,19.10,17.30,18.2,0.20,1.10,0,0,1000
PIT,09/25/2008,17.4,18.4,17.4,18.2,48420,18.40,16.80,17.6,0.60,3.41,0,0,0
PIT,09/24/2008,18.2,18.2,17.6,17.6,42850,19.10,17.30,18.2,-0.60,-3.30,0,0,0
PIT,09/23/2008,18.0,19.6,18.0,18.2,69020,19.80,18.00,18.9,-0.70,-3.70,0,0,0
PIT,09/22/2008,18.9,18.9,18.9,18.9,2200,18.90,17.10,18.0,0.90,5.00,0,0,0
PIT,09/19/2008,18.0,18.0,18.0,18.0,77940,18.00,16.40,17.2,0.80,4.65,0,0,0
PIT,09/18/2008,17.2,17.2,17.2,17.2,34570,19.00,17.20,18.1,-0.90,-4.97,0,3670,0
PIT,09/17/2008,18.1,18.1,18.1,18.1,8430,19.90,18.10,19.0,-0.90,-4.74,0,80,0
PIT,09/16/2008,19.0,19.1,19.0,19.0,38910,20.80,19.00,19.9,-0.90,-4.52,0,0,0
PIT,09/15/2008,19.1,20.8,19.1,19.9,81060,20.80,19.00,19.9,0.00,0.00,0,1000,0
PIT,09/12/2008,19.9,19.9,19.9,19.9,46270,21.90,19.90,20.9,-1.00,-4.78,0,0,0
PIT,09/11/2008,20.9,20.9,20.9,20.9,52420,22.90,20.90,21.9,-1.00,-4.57,0,0,0
PIT,09/10/2008,23.0,23.5,21.9,21.9,65310,24.10,21.90,23.0,-1.10,-4.78,0,1000,0
PIT,09/09/2008,25.0,25.0,23.0,23.0,44330,25.20,22.80,24.0,-1.00,-4.17,0,0,0
PIT,09/08/2008,25.3,25.3,23.8,24.0,86990,26.20,23.80,25.0,-1.00,-4.00,0,0,0
PIT,09/05/2008,23.2,25.2,23.2,25.0,69850,25.60,23.20,24.4,0.60,2.46,0,0,0
PIT,09/04/2008,24.4,24.4,23.3,24.4,179670,24.40,22.20,23.3,1.10,4.72,0,0,1000
PIT,09/03/2008,23.3,23.3,23.3,23.3,45700,23.30,21.10,22.2,1.10,4.95,0,0,0
PIT,08/29/2008,22.2,22.2,22.2,22.2,35710,24.40,22.20,23.3,-1.10,-4.72,0,3800,0
PIT,08/28/2008,23.3,24.5,23.3,23.3,86510,25.70,23.30,24.5,-1.20,-4.90,0,200,300
PIT,08/27/2008,24.5,24.5,24.5,24.5,41080,24.50,22.30,23.4,1.10,4.70,0,-21000,220
PIT,08/26/2008,23.4,23.4,23.4,23.4,68670,23.40,21.20,22.3,1.10,4.93,0,0,0
PIT,08/25/2008,22.3,22.3,22.3,22.3,49660,22.30,20.30,21.3,1.00,4.69,0,100,0
PIT,08/22/2008,21.3,21.3,21.3,21.3,140830,21.30,19.30,20.3,1.00,4.93,0,0,23000
PIT,08/21/2008,19.9,20.3,19.5,20.3,47140,20.30,18.50,19.4,0.90,4.64,0,1800,0
PIT,08/20/2008,19.4,20.5,19.4,19.4,104770,21.40,19.40,20.4,-1.00,-4.90,0,0,0
PIT,08/19/2008,20.5,21.6,20.4,20.4,109970,22.40,20.40,21.4,-1.00,-4.67,0,0,0
PIT,08/18/2008,21.4,21.4,21.4,21.4,27170,21.40,19.40,20.4,1.00,4.90,0,0,0
PIT,08/15/2008,20.4,20.4,20.4,20.4,13870,20.40,19.40,19.9,0.50,2.51,0,0,0
PIT,08/14/2008,19.8,19.9,19.6,19.9,102180,19.90,18.90,19.4,0.50,2.58,0,0,0
PIT,08/13/2008,18.4,19.4,18.4,19.4,99130,19.40,18.40,18.9,0.50,2.65,0,1700,0
PIT,08/12/2008,18.9,18.9,18.7,18.9,67870,18.90,17.90,18.4,0.50,2.72,0,1000,0
PIT,08/11/2008,18.4,18.4,18.4,18.4,15040,18.40,17.40,17.9,0.50,2.79,0,0,0
PIT,08/08/2008,17.6,17.9,17.5,17.9,54440,17.90,16.90,17.4,0.50,2.87,0,0,0
PIT,08/07/2008,17.7,17.7,17.4,17.4,71730,17.70,16.70,17.2,0.20,1.16,0,2000,0
PIT,08/06/2008,16.5,17.5,16.5,17.2,71110,17.50,16.50,17.0,0.20,1.18,0,0,0
PIT,08/05/2008,17.0,17.0,17.0,17.0,20030,18.00,17.00,17.5,-0.50,-2.86,0,0,0
PIT,08/04/2008,17.2,17.6,17.0,17.5,61640,18.00,17.00,17.5,0.00,0.00,0,0,0
PIT,08/01/2008,17.5,17.8,17.5,17.5,74370,18.50,17.50,18.0,-0.50,-2.78,0,0,0
PIT,07/31/2008,17.9,18.7,17.9,18.0,36540,18.90,17.90,18.4,-0.40,-2.17,0,0,0
PIT,07/30/2008,18.4,18.5,17.9,18.4,125810,18.90,17.90,18.4,0.00,0.00,0,200,0
PIT,07/29/2008,18.4,18.4,18.4,18.4,59540,18.40,17.40,17.9,0.50,2.79,0,0,0
PIT,07/28/2008,17.0,17.9,17.0,17.9,91260,17.90,16.90,17.4,0.50,2.87,0,0,0
PIT,07/25/2008,17.4,17.9,17.4,17.4,84710,18.40,17.40,17.9,-0.50,-2.79,0,0,0
PIT,07/24/2008,17.9,18.9,17.9,17.9,180920,18.90,17.90,18.4,-0.50,-2.72,0,0,1000
PIT,07/23/2008,0.0,18.4,18.4,18.4,2030,19.40,18.40,18.9,-0.50,-2.65,0,0,0
PIT,07/22/2008,18.9,18.9,18.9,18.9,710,19.90,18.90,19.4,-0.50,-2.58,0,0,0
PIT,07/21/2008,20.5,20.5,19.4,19.4,118330,20.60,19.40,20.0,-0.60,-3.00,0,0,0
PIT,07/18/2008,19.9,20.0,19.4,20.0,228680,20.00,19.00,19.5,0.50,2.56,0,23000,21000
PIT,07/17/2008,19.5,19.5,19.5,19.5,32450,19.50,18.50,19.0,0.50,2.63,0,0,0
PIT,07/16/2008,19.0,19.0,18.0,19.0,218930,19.00,18.00,18.5,0.50,2.70,0,3500,0
PIT,07/15/2008,18.5,18.5,18.5,18.5,8010,18.50,17.50,18.0,0.50,2.78,0,0,0
PIT,07/14/2008,18.0,18.0,18.0,18.0,38520,18.00,17.00,17.5,0.50,2.86,0,0,0
PIT,07/11/2008,17.5,17.5,17.5,17.5,28220,17.50,16.50,17.0,0.50,2.94,0,0,27000
PIT,07/10/2008,17.0,17.0,17.0,17.0,1450,17.00,16.20,16.6,0.40,2.41,0,0,0
PIT,07/09/2008,16.6,16.6,16.6,16.6,51100,16.60,15.80,16.2,0.40,2.47,0,0,0
PIT,07/08/2008,15.8,16.2,15.8,16.2,69090,16.60,15.80,16.2,0.00,0.00,0,200,0
PIT,07/07/2008,17.0,17.0,16.2,16.2,101000,17.00,16.20,16.6,-0.40,-2.41,0,48300,0
PIT,07/04/2008,16.6,16.6,16.6,16.6,3000,16.60,15.80,16.2,0.40,2.47,0,0,0
PIT,07/03/2008,16.2,16.2,16.2,16.2,20250,16.20,15.40,15.8,0.40,2.53,0,0,0
PIT,07/02/2008,15.8,15.8,15.4,15.8,47930,15.80,15.00,15.4,0.40,2.60,0,0,0
PIT,07/01/2008,15.4,15.4,15.0,15.4,33640,15.40,14.60,15.0,0.40,2.67,0,0,0
PIT,06/30/2008,14.3,15.0,14.3,15.0,10460,15.00,14.20,14.6,0.40,2.74,0,0,0
PIT,06/27/2008,14.2,14.6,14.2,14.6,35110,15.00,14.20,14.6,0.00,0.00,0,0,0
PIT,06/26/2008,14.9,14.9,14.6,14.6,48170,15.40,14.60,15.0,-0.40,-2.67,0,0,0
PIT,06/25/2008,15.6,15.7,14.9,15.0,53810,15.70,14.90,15.3,-0.30,-1.96,0,2000,0
PIT,06/24/2008,14.6,15.3,14.5,15.3,13770,15.30,14.50,14.9,0.40,2.68,0,100,0
PIT,06/23/2008,14.2,14.9,14.1,14.9,19910,14.90,14.10,14.5,0.40,2.76,0,0,0
PIT,06/20/2008,14.5,14.5,14.5,14.5,300,15.30,14.50,14.9,-0.40,-2.68,0,0,0
PIT,06/19/2008,14.9,14.9,14.9,14.9,9170,15.70,14.90,15.3,-0.40,-2.61,0,190,0
PIT,06/18/2008,15.9,15.9,15.3,15.3,67660,15.90,15.30,15.6,-0.30,-1.92,0,5940,0
PIT,06/17/2008,15.6,15.6,15.6,15.6,40,15.60,15.00,15.3,0.30,1.96,0,0,0
PIT,06/16/2008,15.3,15.3,15.3,15.3,8610,15.30,14.70,15.0,0.30,2.00,0,0,0
PIT,06/13/2008,15.0,15.0,15.0,15.0,23930,15.00,14.60,14.8,0.20,1.35,0,0,0
PIT,06/12/2008,14.7,14.8,14.7,14.8,30020,14.80,14.40,14.6,0.20,1.37,0,5000,0
PIT,06/11/2008,14.2,14.6,14.2,14.6,44800,14.60,14.20,14.4,0.20,1.39,0,0,0
PIT,06/10/2008,14.4,14.4,14.4,14.4,10,14.80,14.40,14.6,-0.20,-1.37,0,0,0
PIT,06/09/2008,14.6,14.6,14.6,14.6,1700,15.00,14.60,14.8,-0.20,-1.35,0,0,0
PIT,06/06/2008,14.8,14.8,14.8,14.8,1200,15.40,14.80,15.1,-0.30,-1.99,0,0,0
PIT,06/05/2008,15.4,15.4,15.1,15.1,5050,15.70,15.10,15.4,-0.30,-1.95,0,0,0
PIT,06/04/2008,15.4,15.4,15.4,15.4,4260,16.00,15.40,15.7,-0.30,-1.91,0,10,0
PIT,06/03/2008,15.7,15.7,15.7,15.7,10,16.30,15.70,16.0,-0.30,-1.88,0,0,0
PIT,06/02/2008,16.0,16.0,16.0,16.0,1600,16.60,16.00,16.3,-0.30,-1.84,0,0,0
PIT,05/30/2008,16.3,16.3,16.3,16.3,2380,17.10,16.10,16.6,-0.30,-1.81,0,0,0
PIT,05/29/2008,16.6,16.6,16.6,16.6,0,0.00,0.00,0.0,16.60,0.00,0,0,0
PIT,05/28/2008,16.6,16.6,16.6,16.6,0,0.00,0.00,0.0,16.60,0.00,0,0,0
PIT,05/27/2008,16.6,16.6,16.6,16.6,0,0.00,0.00,0.0,16.60,0.00,0,0,0
PIT,05/26/2008,16.6,16.6,16.6,16.6,1700,17.20,16.60,16.9,-0.30,-1.78,0,1000,0
PIT,05/23/2008,17.0,17.0,16.9,16.9,5900,17.50,16.90,17.2,-0.30,-1.74,0,0,0
PIT,05/22/2008,17.2,17.2,17.2,17.2,1200,17.80,17.20,17.5,-0.30,-1.71,0,1000,0
PIT,05/21/2008,17.5,17.5,17.5,17.5,1410,18.10,17.50,17.8,-0.30,-1.69,0,1000,0
PIT,05/20/2008,17.8,17.8,17.8,17.8,2720,18.40,17.80,18.1,-0.30,-1.66,0,100,0
PIT,05/19/2008,18.1,18.1,18.1,18.1,2700,18.70,18.10,18.4,-0.30,-1.63,0,100,0
PIT,05/16/2008,18.1,18.4,18.1,18.4,28780,18.70,18.10,18.4,0.00,0.00,0,3000,0
PIT,05/15/2008,18.4,18.4,18.4,18.4,3540,19.00,18.40,18.7,-0.30,-1.60,0,0,0
PIT,05/14/2008,18.7,18.7,18.7,18.7,10,19.30,18.70,19.0,-0.30,-1.58,0,0,0
PIT,05/13/2008,19.0,19.0,19.0,19.0,800,19.60,19.00,19.3,-0.30,-1.55,0,0,0
PIT,05/12/2008,19.3,19.3,19.3,19.3,310,19.90,19.30,19.6,-0.30,-1.53,0,0,0
PIT,05/09/2008,19.9,19.6,19.6,19.6,220,20.20,19.60,19.9,-0.30,-1.51,0,0,0
PIT,05/08/2008,19.9,19.9,19.9,19.9,1630,20.70,19.90,20.3,-0.40,-1.97,0,0,0
PIT,05/07/2008,20.3,20.3,20.3,20.3,250,21.10,20.30,20.7,-0.40,-1.93,0,0,0
PIT,05/06/2008,20.7,20.7,20.7,20.7,3610,21.50,20.70,21.1,-0.40,-1.90,0,0,0
PIT,05/05/2008,21.1,21.2,21.1,21.1,4240,21.80,21.10,21.5,-0.40,-1.86,0,0,0
PIT,04/29/2008,24.1,24.1,24.0,24.1,28720,24.10,23.30,23.7,0.40,1.69,0,200,0
PIT,04/28/2008,23.6,23.7,23.6,23.7,7440,23.70,22.90,23.3,0.40,1.72,0,0,0
PIT,04/25/2008,22.7,23.3,22.7,23.3,8680,23.40,22.60,23.0,0.30,1.30,0,0,0
PIT,04/24/2008,22.9,23.0,22.9,23.0,22340,23.70,22.90,23.3,-0.30,-1.29,0,0,0
PIT,04/23/2008,23.3,23.3,23.3,23.3,8900,24.10,23.30,23.7,-0.40,-1.69,0,0,0
PIT,04/22/2008,23.7,23.7,23.7,23.7,23390,24.50,23.70,24.1,-0.40,-1.66,0,3000,0
PIT,04/21/2008,24.1,24.1,24.1,24.1,13960,24.90,24.10,24.5,-0.40,-1.63,0,0,0
PIT,04/18/2008,23.7,24.5,23.7,24.5,17610,24.50,23.70,24.1,0.40,1.66,0,0,0
PIT,04/17/2008,23.3,24.1,23.3,24.1,22000,24.10,23.30,23.7,0.40,1.69,0,0,0
PIT,04/16/2008,23.7,23.7,23.7,23.7,12520,24.50,23.70,24.1,-0.40,-1.66,0,0,0
PIT,04/11/2008,24.1,24.1,24.1,24.1,8710,24.90,24.10,24.5,-0.40,-1.63,0,0,0
PIT,04/10/2008,24.5,24.6,24.5,24.5,13240,26.25,23.75,25.0,-0.50,-2.00,0,0,0
PIT,04/09/2008,24.8,25.0,24.5,25.0,28560,25.00,24.20,24.6,0.40,1.63,0,1000,1580
PIT,04/08/2008,24.6,24.6,24.0,24.6,53870,24.60,23.80,24.2,0.40,1.65,0,8500,0
PIT,04/07/2008,24.2,24.2,24.2,24.2,3000,24.20,23.40,23.8,0.40,1.68,0,0,0
PIT,04/04/2008,23.8,23.8,23.8,23.8,500,23.80,23.40,23.6,0.20,0.85,0,0,0
PIT,04/03/2008,23.6,23.6,23.6,23.6,550,23.60,23.20,23.4,0.20,0.85,0,0,0
PIT,04/02/2008,23.4,23.4,23.4,23.4,20,23.40,23.00,23.2,0.20,0.86,0,0,0
PIT,04/01/2008,23.2,23.2,23.2,23.2,2750,23.20,22.80,23.0,0.20,0.87,0,0,0
PIT,03/31/2008,23.0,23.0,23.0,23.0,140,23.00,22.60,22.8,0.20,0.88,0,0,0
PIT,03/28/2008,22.8,22.8,22.8,22.8,1790,22.80,22.40,22.6,0.20,0.88,0,0,0
PIT,03/27/2008,22.6,22.6,22.6,22.6,1300,23.52,21.28,22.4,0.20,0.89,0,0,0
PIT,03/26/2008,20.5,22.4,20.5,22.4,51750,22.40,20.40,21.4,1.00,4.67,0,4150,0
PIT,03/25/2008,21.4,21.4,21.4,21.4,26450,23.60,21.40,22.5,-1.10,-4.89,0,0,0
PIT,03/24/2008,22.5,22.6,22.5,22.5,40090,24.70,22.50,23.6,-1.10,-4.66,0,0,0
PIT,03/21/2008,24.4,24.4,23.3,23.6,49870,25.60,23.20,24.4,-0.80,-3.28,0,0,0
PIT,03/20/2008,26.3,26.3,24.4,24.4,21280,26.80,24.40,25.6,-1.20,-4.69,0,0,0
PIT,03/19/2008,28.2,28.2,25.6,25.6,37320,28.20,25.60,26.9,-1.30,-4.83,0,0,0
PIT,03/18/2008,26.9,26.9,26.9,26.9,13260,29.70,26.90,28.3,-1.40,-4.95,0,0,0
PIT,03/17/2008,28.3,29.6,28.3,28.3,29610,31.10,28.30,29.7,-1.40,-4.71,0,0,0
PIT,03/14/2008,29.9,29.9,29.0,29.7,19300,31.30,28.50,29.9,-0.20,-0.67,0,200,0
PIT,03/13/2008,29.0,30.4,29.0,29.9,42040,30.45,27.55,29.0,0.90,3.10,0,0,0
PIT,03/12/2008,30.0,30.0,29.0,29.0,29300,30.20,27.40,28.8,0.20,0.69,0,0,0
PIT,03/11/2008,30.0,30.0,28.8,28.8,80030,31.50,28.50,30.0,-1.20,-4.00,0,0,2500
PIT,03/10/2008,32.6,32.6,29.6,30.0,88710,32.66,29.55,31.1,-1.10,-3.54,0,1000,0
PIT,03/07/2008,31.1,31.1,31.1,31.1,33130,31.10,28.30,29.7,1.40,4.71,0,0,0
PIT,03/06/2008,29.7,29.7,29.7,29.7,5280,29.70,26.90,28.3,1.40,4.95,0,0,0
PIT,03/05/2008,28.3,28.3,28.3,28.3,46130,31.10,28.30,29.7,-1.40,-4.71,0,200,0
PIT,03/04/2008,29.7,29.7,29.7,29.7,9950,32.70,29.70,31.2,-1.50,-4.81,0,0,0
PIT,03/03/2008,33.9,33.9,31.2,31.2,45780,34.40,31.20,32.8,-1.60,-4.88,0,0,0
PIT,02/29/2008,35.0,35.0,32.8,32.8,52680,36.20,32.80,34.5,-1.70,-4.93,0,0,0
PIT,02/28/2008,35.5,36.0,34.5,34.5,48450,37.80,34.20,36.0,-1.50,-4.17,0,1180,0
PIT,02/27/2008,36.5,38.1,36.0,36.0,64060,39.60,36.00,37.8,-1.80,-4.76,0,0,0
PIT,02/26/2008,38.0,39.0,37.8,37.8,63580,41.69,37.72,39.7,-1.90,-4.79,0,0,0
PIT,02/25/2008,39.7,39.7,39.6,39.7,41590,39.70,36.10,37.9,1.80,4.75,0,100,0
PIT,02/22/2008,36.5,40.3,36.5,37.9,67940,40.30,36.50,38.4,-0.50,-1.30,0,300,0
PIT,02/21/2008,38.4,38.4,38.4,38.4,17580,42.40,38.40,40.4,-2.00,-4.95,0,200,0
PIT,02/20/2008,42.0,42.3,40.4,40.4,47020,44.60,40.40,42.5,-2.10,-4.94,0,0,0
PIT,02/19/2008,41.6,42.5,41.6,42.5,98200,45.80,41.60,43.7,-1.20,-2.75,0,10,0
PIT,02/18/2008,43.8,44.0,43.7,43.7,60030,48.30,43.70,46.0,-2.30,-5.00,0,10,0
PIT,02/15/2008,46.0,46.5,45.2,46.0,67930,48.50,43.90,46.2,-0.20,-0.43,0,100,0
PIT,02/14/2008,48.6,48.6,46.2,46.2,38620,48.80,44.20,46.5,-0.30,-0.65,0,0,0
PIT,02/13/2008,47.5,47.5,46.5,46.5,20700,49.80,45.20,47.5,-1.00,-2.11,0,2100,0
PIT,02/12/2008,47.5,48.0,47.5,47.5,46690,52.50,47.50,50.0,-2.50,-5.00,0,0,0
PIT,02/01/2008,49.5,51.0,48.2,50.0,57550,51.00,46.60,49.0,1.00,2.04,0,0,0
PIT,01/31/2008,49.0,51.0,49.0,49.0,46970,54.00,49.00,51.5,-2.50,-4.85,0,100,0
PIT,01/30/2008,51.5,51.5,51.0,51.5,45790,51.50,46.90,49.3,2.20,4.46,0,0,0
PIT,01/29/2008,45.7,49.3,44.7,49.3,110060,49.30,44.70,47.0,2.30,4.89,0,0,0
PIT,01/28/2008,47.0,47.0,47.0,47.0,85100,51.50,47.00,49.4,-2.40,-4.86,0,0,12130
PIT,01/25/2008,49.4,49.4,49.4,49.4,9310,54.60,49.40,52.0,-2.60,-5.00,0,0,0
PIT,01/24/2008,52.0,60.0,52.0,52.0,132790,78.00,52.00,65.0,-13.00,-20.00,0,0,0
