12/21/2009,17.9,17.8,17.9
12/18/2009,17.1,16.3,17.1
12/17/2009,16.8,16.3,16.3
12/16/2009,17.7,17.1,17.1
12/15/2009,19,17.6,18
12/14/2009,18.7,17.5,18.2
12/11/2009,19,17.9,17.9
12/10/2009,20,18.8,18.8
12/9/2009,20,19.7,19.7
12/8/2009,21.7,20.4,20.7
12/7/2009,21.3,0,21.3
12/4/2009,21.7,20.8,21.3
12/3/2009,22,20.9,21.2
12/2/2009,22.8,21.9,21.9
12/1/2009,23.3,22.6,23
11/30/2009,22.2,21.2,22.2
11/27/2009,22.6,20.6,21.2
11/26/2009,21.6,21.6,21.6
11/25/2009,23.5,22.7,22.7
11/24/2009,24.3,23.1,23.8
11/23/2009,25,23.7,23.7
11/20/2009,24.9,24.5,24.9
11/19/2009,23.8,23,23.8
11/18/2009,23,22.6,22.7
11/17/2009,23.3,22.5,22.6
11/16/2009,23.3,22.5,22.5
11/13/2009,23.4,22.7,23.3
11/12/2009,23.9,23,23.2
11/11/2009,23,22,23
11/10/2009,23.1,22,22.2
11/9/2009,23.5,22.5,22.6
11/6/2009,24.7,23.5,23.6
11/5/2009,24.5,23.5,24
11/4/2009,24.2,23,23.9
11/3/2009,23.6,23.1,23.1
11/2/2009,24.3,24.3,24.3
10/30/2009,26,25,25.5
10/29/2009,26.7,25.4,25.4
10/28/2009,27,26.3,26.7
10/27/2009,27,26,26.2
10/26/2009,27.5,26.2,26.2
10/23/2009,28.5,27.1,27.4
10/22/2009,28.6,28,28
10/21/2009,28.5,27.7,28.5
10/20/2009,28.5,27.9,28
10/19/2009,28.5,27.8,27.8
10/16/2009,30,28.5,28.5
10/15/2009,30.4,29.2,30
10/14/2009,31.9,29.9,31.9
10/13/2009,32.3,30.7,30.7
10/12/2009,32.3,32,32.3
10/9/2009,30.8,30.6,30.8
10/8/2009,29.4,27.7,29.4
10/7/2009,28,27.1,28
10/6/2009,27.3,27,27.1
10/5/2009,27.8,26.7,27
10/2/2009,26.9,25.8,26.9
10/1/2009,27.2,26.6,27
9/30/2009,27.4,26.9,27
9/29/2009,27.6,26.8,27.2
9/28/2009,28,26.7,26.7
9/25/2009,27.9,26.5,27.9
9/24/2009,27.2,26.6,26.6
9/23/2009,28.2,27,27.3
9/22/2009,27.8,27,27.5
9/21/2009,28.3,27.4,27.8
9/18/2009,28.2,27.5,27.9
9/17/2009,28,26.4,28
9/16/2009,27.3,26.7,26.7
9/15/2009,27.8,26.9,27.3
9/14/2009,28,26,28
9/11/2009,26.9,26.9,26.9
9/10/2009,25.9,25.5,25.7
9/9/2009,26.2,25.5,25.9
9/8/2009,26.2,25.7,26
9/7/2009,26.2,24.9,25.7
9/4/2009,27.5,26.2,26.2
9/3/2009,28.8,27.5,27.5
9/2/2009,0,0,28.5
9/1/2009,29,27.8,28.5
8/31/2009,27.8,26.2,27.8
8/28/2009,26.5,25.8,26.5
8/27/2009,26.6,25.3,25.9
8/26/2009,26.9,26.1,26.4
8/25/2009,25.7,24.8,25.7
8/24/2009,24.5,24.1,24.5
8/21/2009,25.2,24.1,24.3
8/20/2009,24.9,24,24.3
8/19/2009,24.5,23.5,24.5
8/18/2009,24,23,23.4
8/17/2009,24.5,24.2,24.2
8/14/2009,25.7,24.6,25.4
8/13/2009,25.7,25.7,25.7
8/12/2009,24.5,23,24.5
8/11/2009,23.6,22.9,23.4
8/10/2009,24,22.6,23.5
8/7/2009,23.2,22.5,23
8/6/2009,23.2,22.4,23.2
8/5/2009,22.2,21.2,22.1
8/4/2009,23.2,21.6,22.3
8/3/2009,22.7,21.6,22.7
7/31/2009,23.3,22.6,22.7
7/30/2009,22.8,21.6,22.8
7/29/2009,22.7,22.6,22.7
7/28/2009,21.7,21,21.7
7/27/2009,20.7,20.2,20.7
7/24/2009,19.8,19.8,19.8
7/23/2009,18.9,17.5,18.9
7/22/2009,18.8,18,18
7/21/2009,19.3,18.4,18.6
7/20/2009,20,19.2,19.2
7/17/2009,20.6,19.9,20.2
7/16/2009,20.5,20,20.4
7/15/2009,20.1,19.6,19.6
7/14/2009,20.5,19.9,19.9
7/13/2009,21.5,20.9,20.9
7/10/2009,23,21.9,21.9
7/9/2009,23.4,22,23
7/8/2009,23.2,22.7,22.8
7/7/2009,23.5,22.9,23.3
7/6/2009,23.6,22.8,23.4
7/3/2009,22.7,21.6,22.5
7/2/2009,23,21.3,22.5
7/1/2009,22.4,22.4,22.4
6/30/2009,23.5,22.6,23.5
6/29/2009,23.9,23,23.7
6/26/2009,23.8,22.4,23.8
6/25/2009,23.5,22.4,23.5
6/24/2009,22.4,22.4,22.4
6/23/2009,22.4,21.4,21.4
6/22/2009,22.5,21.4,22.5
6/19/2009,23.7,22.5,22.5
6/18/2009,24.8,23.6,23.6
6/17/2009,24.8,24.8,24.8
6/16/2009,26.1,26.1,26.1
6/15/2009,27.5,27.4,27.4
6/12/2009,30.9,28.3,28.8
6/11/2009,29.5,27.9,29.5
6/10/2009,28.5,28.1,28.1
6/9/2009,29.5,28.2,29.5
6/8/2009,28.3,27.4,28.3
6/5/2009,27,27,27
6/4/2009,25.8,25.8,25.8
6/3/2009,24.6,23.1,24.6
6/2/2009,23.7,22,23.5
6/1/2009,22.6,21.5,22.6
5/29/2009,21.9,20.5,21.6
5/28/2009,22.1,21.3,21.3
5/27/2009,22.3,21,22.3
5/26/2009,23.1,22.1,22.1
5/25/2009,23.2,22.1,23.2
5/22/2009,23,22.1,22.1
5/21/2009,23.4,22.3,23.2
5/20/2009,22.3,21,22.3
5/19/2009,21.3,20.8,21.3
5/18/2009,20.3,19.5,20.3
5/15/2009,19.4,19.2,19.4
5/14/2009,18.5,17.5,18.5
5/13/2009,17.7,17.7,17.7
5/12/2009,16.9,16.9,16.9
5/11/2009,16.1,16.1,16.1
5/8/2009,15.4,14.8,15.4
5/7/2009,14.7,14,14.7
5/6/2009,14.5,13.4,14
5/5/2009,14.1,13.9,14.1
5/4/2009,13.5,13.5,13.5
4/29/2009,12.9,12.7,12.9
4/28/2009,12.3,11.5,12.3
4/27/2009,12,11.5,11.8
4/24/2009,12.1,11.5,11.7
4/23/2009,12.5,12.1,12.1
4/22/2009,13.2,12.1,12.7
4/21/2009,12.7,12.7,12.7
4/20/2009,13.3,13.3,13.3
4/17/2009,14,13.3,14
4/16/2009,14.6,13.8,14
4/15/2009,15.1,14.4,14.4
4/14/2009,15.1,14.2,15.1
4/13/2009,14.4,14.3,14.4
4/10/2009,13.8,13.3,13.8
4/9/2009,13.2,12.7,13.2
4/8/2009,13.9,13,13.2
4/7/2009,13.6,13,13.5
4/3/2009,13,13,13
4/2/2009,12.7,11.7,12.4
4/1/2009,12.3,11.9,12.3
3/31/2009,12,11.6,12
3/30/2009,12.1,11.9,12
3/27/2009,12.1,11.9,12
3/26/2009,12.2,12,12
3/25/2009,12.4,11.8,12.3
3/24/2009,12.5,12,12.3
3/23/2009,12.5,11.9,12
3/20/2009,12.4,11.5,12.4
3/19/2009,12.2,11.8,12
3/18/2009,12.8,12.4,12.4
3/17/2009,12.6,12.3,12.4
3/16/2009,12.5,12,12.3
3/13/2009,13.1,12,12.5
3/12/2009,12.6,11.6,12.5
3/11/2009,12.2,12,12.2
3/10/2009,11.8,11,11.7
3/9/2009,11.3,11,11.3
3/6/2009,10.8,10.2,10.8
3/5/2009,10.3,10.1,10.3
3/4/2009,9.9,9.4,9.9
3/3/2009,9.5,9.3,9.5
3/2/2009,9.2,9,9.2
2/27/2009,8.8,8.5,8.8
2/26/2009,8.4,7.8,8.4
2/25/2009,8,7.9,8
2/24/2009,7.9,7.7,7.7
2/23/2009,8.1,7.7,8.1
2/20/2009,8.1,7.5,8.1
2/19/2009,8.2,7.8,7.8
2/18/2009,8.2,8.2,8.2
2/17/2009,8.6,8.6,8.6
2/16/2009,9.4,9,9
2/13/2009,9.4,9.3,9.3
2/12/2009,10.6,9.7,9.7
2/11/2009,10.2,10.2,10.2
2/10/2009,10.8,10.7,10.7
2/9/2009,11.4,11.2,11.2
2/6/2009,11.4,10.5,11.4
2/5/2009,11.7,11,11
2/4/2009,12.3,11.5,11.5
2/3/2009,12.4,12.1,12.1
2/2/2009,13,12.7,12.7
1/23/2009,13,12.8,12.9
1/22/2009,12.9,12.7,12.9
1/21/2009,12.9,12.6,12.9
1/20/2009,12.8,12.6,12.8
1/19/2009,13,12.7,13
1/16/2009,13,12.8,12.9
1/15/2009,13.4,13,13
1/14/2009,13.7,13.3,13.4
1/13/2009,13.6,13.4,13.4
1/12/2009,13.8,13.7,13.7
1/9/2009,13.9,13.6,13.8
1/8/2009,14,13.5,13.9
1/7/2009,14.3,13.9,14
1/6/2009,13.8,13.5,13.8
1/5/2009,13.5,13.3,13.5
1/2/2009,13.4,13.2,13.4
12/31/2008,13.6,13.2,13.2
12/30/2008,13.5,13,13.4
12/29/2008,13.4,13,13.2
12/26/2008,13.3,12.9,13.3
12/25/2008,13.5,13,13.1
12/24/2008,13.8,13.4,13.4
12/23/2008,13.8,13.5,13.8
12/22/2008,14.2,13.8,14
12/19/2008,14,13.7,13.8
12/18/2008,14.2,13.7,13.7
12/17/2008,14,13.7,14
12/16/2008,14.2,13.8,13.8
12/15/2008,14.7,14.3,14.5
12/12/2008,14.4,13.9,14.4
12/11/2008,14,13.4,13.8
12/10/2008,14.2,14,14
12/9/2008,14.9,14,14.7
12/8/2008,14.9,14.6,14.6
12/5/2008,15.6,15,15.3
12/4/2008,16,15.7,15.7
12/3/2008,18.4,17.5,17.6
12/2/2008,18.5,18.1,18.1
12/1/2008,19.3,18.3,19
11/28/2008,18.9,18.5,18.9
11/27/2008,18.9,18,18
11/26/2008,19.8,18.9,18.9
11/25/2008,19.9,19.6,19.8
11/24/2008,19.7,18.8,19.7
11/21/2008,19.6,18.7,19.6
11/20/2008,19.6,19.3,19.6
11/19/2008,20.9,20.3,20.3
11/18/2008,21,20.5,20.7
11/17/2008,22,20.9,21
11/14/2008,22.2,21.6,21.7
11/13/2008,21.6,20.9,21.6
11/12/2008,21.4,20.6,21.4
11/11/2008,21.4,20.7,21.4
11/10/2008,22.3,21.5,21.7
11/7/2008,22,21.1,21.5
11/6/2008,23.5,22,22.2
11/5/2008,23.1,22.5,23.1
11/4/2008,22,20.8,22
11/3/2008,21.5,20.8,21
10/31/2008,21.9,21.7,21.8
10/30/2008,21.8,20.8,21.7
10/29/2008,21.7,20,21.7
10/28/2008,21.6,19.7,20.7
10/27/2008,20.7,20.7,20.7
10/24/2008,23,21.7,21.7
10/23/2008,22.8,22.8,22.8
10/22/2008,23.9,23.1,23.9
10/21/2008,23.9,22.7,23.9
10/20/2008,23.3,22.5,22.8
10/17/2008,23.5,22.5,23.5
10/16/2008,23.2,22.1,22.7
10/15/2008,23.2,22.1,23.2
10/14/2008,22.1,22.1,22.1
10/13/2008,22.3,21.1,21.1
10/10/2008,22.5,22.2,22.2
10/9/2008,24.2,22.2,23.3
10/8/2008,24,23.3,23.3
10/7/2008,24.5,24.5,24.5
10/6/2008,26.5,25.7,25.7
10/3/2008,27.5,26.5,27
10/2/2008,27.5,26.5,27.5
10/1/2008,26.5,25,26.4
9/30/2008,25.7,25.7,25.7
9/29/2008,28,26.6,27
9/26/2008,28.6,27.3,28
9/25/2008,27.3,26,27.3
9/24/2008,27,26,26
9/23/2008,27.7,25.5,26.5
9/22/2008,26.5,26.5,26.5
9/19/2008,25.3,25.2,25.3
9/18/2008,24.1,24.1,24.1
9/17/2008,25.4,25.3,25.3
9/16/2008,27,26.6,26.6
9/15/2008,29,27,28
9/12/2008,27.8,27.7,27.7
9/11/2008,30,29.1,29.1
9/10/2008,33,30.6,30.6
9/9/2008,33.6,31.3,32.2
9/8/2008,32.5,30.4,32
9/5/2008,33,32,32
9/4/2008,33.6,31.4,33.6
9/3/2008,33,32.5,33
8/29/2008,31.5,31.5,31.5
8/28/2008,33.4,33.1,33.1
8/27/2008,34.8,34.8,34.8
8/26/2008,33.2,33.2,33.2
8/25/2008,31.7,31.7,31.7
8/22/2008,30.2,28,30.2
8/21/2008,28.8,27.7,28.8
8/20/2008,29.5,27,27.5
8/19/2008,30,28.2,28.4
8/18/2008,28.6,28.2,28.6
8/15/2008,27.3,27.3,27.3
8/14/2008,26.6,26.5,26.6
8/13/2008,25.9,24.6,25.9
8/12/2008,25.2,24.5,25.2
8/11/2008,24.5,24.5,24.5
8/8/2008,23.8,23.2,23.8
8/7/2008,24.5,23.2,23.2
8/6/2008,25.3,23.9,23.9
8/5/2008,24.6,24.6,24.6
8/4/2008,25.3,25.3,25.3
8/1/2008,26,26,26
7/31/2008,26.8,26.8,26.8
7/30/2008,28.2,27.6,27.6
7/29/2008,28.5,27.7,28.4
7/28/2008,28,26.4,27.7
7/25/2008,27.2,27.2,27.2
7/24/2008,28.8,28,28
7/23/2008,28.8,28.8,28.8
7/22/2008,29.6,29.6,29.6
7/21/2008,30.5,30.5,30.5
7/18/2008,32.9,31.4,31.4
7/17/2008,32.3,32.3,32.3
7/16/2008,31.4,29.6,31.4
7/15/2008,30.5,30.5,30.5
7/14/2008,29.7,29.7,29.7
7/11/2008,28.9,28.9,28.9
7/10/2008,28.1,27.3,28.1
7/9/2008,27.3,26.8,27.3
7/8/2008,26.6,25.2,26.6
7/7/2008,27.5,25.9,25.9
7/4/2008,26.7,26.7,26.7
7/3/2008,26,25.5,26
7/2/2008,25.3,23.9,25.3
7/1/2008,24.6,23.9,24.6
6/30/2008,23.9,23.1,23.9
6/27/2008,23.5,22.6,23.5
6/26/2008,23.8,22.6,23.2
6/25/2008,23.2,22.8,23.2
6/24/2008,22.8,22,22.6
6/23/2008,23.5,22.5,22.5
6/20/2008,23.1,23.1,23.1
6/19/2008,23.8,23.8,23.8
6/18/2008,24.5,24.5,24.5
6/17/2008,25,25,25
6/16/2008,24.6,24.6,24.6
6/13/2008,24.2,23.4,24.2
6/12/2008,23.8,23.8,23.8
6/11/2008,24.2,24.2,24.2
6/10/2008,24.6,24.6,24.6
6/9/2008,25.1,25.1,25.1
6/6/2008,25.6,25.6,25.6
6/5/2008,26.1,26.1,26.1
6/4/2008,26.6,26.6,26.6
6/3/2008,27.1,27.1,27.1
6/3/2008,27.1,27.1,27.1
6/2/2008,28,27.6,27.6
5/30/2008,28.1,28.1,28.1
5/29/2008,28.6,28.6,28.6
5/29/2008,28.6,28.6,28.6
5/28/2008,28.6,28.6,28.6
5/28/2008,28.6,28.6,28.6
5/27/2008,28.6,28.6,28.6
5/27/2008,28.6,28.6,28.6
5/26/2008,28.6,28.6,28.6
5/23/2008,29.1,29.1,29.1
5/22/2008,29.6,29.6,29.6
5/21/2008,30.2,30.2,30.2
5/20/2008,30.8,30.8,30.8
5/19/2008,31.4,31.4,31.4
5/16/2008,32,32,32
5/15/2008,32.6,32.6,32.6
5/14/2008,33.2,33.2,33.2
5/13/2008,33.8,33.8,33.8
5/12/2008,34.4,34.4,34.4
5/9/2008,35.1,35.1,35.1
5/8/2008,35.8,35.8,35.8
5/7/2008,36.5,36.5,36.5
5/6/2008,37.2,37.2,37.2
5/5/2008,38,37.9,37.9
4/29/2008,38.6,38.6,38.6
4/28/2008,39.3,39.3,39.3
4/25/2008,40.1,40.1,40.1
4/24/2008,41,40.9,40.9
4/23/2008,41.7,41.7,41.7
4/22/2008,42.5,42.5,42.5
4/21/2008,43.3,43.3,43.3
4/18/2008,44.2,44.1,44.1
4/17/2008,44.9,43.3,44.9
4/16/2008,44.1,44.1,44.1
4/11/2008,45,45,45
4/10/2008,45.9,45.9,45.9
4/9/2008,47.7,46.8,46.8
4/8/2008,47.7,45.9,47.7
4/7/2008,46.8,46.8,46.8
4/4/2008,45.9,45.9,45.9
4/3/2008,45.5,45.1,45.5
4/2/2008,45.1,45.1,45.1
4/1/2008,44.7,44.7,44.7
3/31/2008,44.3,44.3,44.3
3/28/2008,43.9,43.9,43.9
3/27/2008,43.5,43.5,43.5
3/26/2008,45.9,42.5,43.1
3/25/2008,44.7,44.7,44.7
3/24/2008,47,47,47
3/21/2008,50,49.4,49.4
3/20/2008,55.5,52,52
3/19/2008,59.5,54.5,54.5
3/18/2008,57,57,57
3/17/2008,61,59.5,59.5
3/14/2008,63,61.5,62.5
3/13/2008,63.5,62,62.5
3/12/2008,63,60,61.5
3/11/2008,62,60,60
3/10/2008,64,62,62.5
3/7/2008,61,61,61
3/6/2008,58.5,58.5,58.5
3/5/2008,56,56,56
3/4/2008,58.5,58.5,58.5
3/3/2008,64,61.5,61.5
2/29/2008,66.5,64,64.5
2/28/2008,67.5,66,66.5
2/27/2008,69,66.5,66.5
2/26/2008,68.5,66.5,66.5
2/25/2008,70,68.5,70
2/22/2008,67,61,67
2/21/2008,65.5,64,64
2/20/2008,70,67,67
2/19/2008,71,69,70
2/18/2008,69.5,68,69.5
2/15/2008,72.5,70.5,71.5
2/14/2008,74.5,72.5,72.5
2/13/2008,74,72,72
2/12/2008,77.5,75,75
2/1/2008,78.5,75.5,78.5
1/31/2008,75,69,75
1/30/2008,72,72,72
1/29/2008,69,66,69
1/28/2008,66,64,66
1/25/2008,66,64.5,65
1/24/2008,68,64.5,64.5
1/23/2008,66.5,64,65.5
1/22/2008,67,66,67
1/21/2008,69.5,68,68
1/18/2008,71,67.5,70
1/17/2008,71,67,68
1/16/2008,68,67,68
1/15/2008,66,65,65
1/14/2008,69,68,68
1/11/2008,72,70.5,71
1/10/2008,70,68,70
1/9/2008,73.5,71.5,71.5
1/8/2008,75,73,73
1/7/2008,75,72.5,72.5
1/4/2008,77,76,76
1/3/2008,77.5,76,76
1/2/2008,78,77.5,78
12/28/2007,79,78,78
12/27/2007,78.5,77.5,78
12/26/2007,77.5,76,77.5
12/25/2007,78,77,77
12/24/2007,79,78.5,78.5
12/21/2007,79,77,78.5
12/20/2007,79.5,77,77
12/19/2007,79.5,78,79.5
12/18/2007,76,75,76
12/17/2007,78.5,76,76
12/14/2007,79,78,79
12/13/2007,81,78.5,78.5
12/12/2007,83,80,81
12/11/2007,82.5,80.5,80.5
12/10/2007,84,83,83
12/7/2007,86.5,85,85
12/6/2007,85,84.5,85
12/5/2007,86,84.5,84.5
12/4/2007,86,85.5,86
12/3/2007,86,85,86
11/30/2007,86,85,85
11/29/2007,87,85.5,86
11/28/2007,87.5,86,86
11/27/2007,89,87.5,87.5
11/26/2007,89,87,89
11/23/2007,87,86.5,87
11/22/2007,88,85.5,87
11/21/2007,87,85,86
11/20/2007,87.5,86.5,87
11/19/2007,88,87,88
11/16/2007,87.5,87,87.5
11/15/2007,88,87,88
11/14/2007,89.5,86,89.5
11/13/2007,88,85.5,85.5
11/12/2007,92,90,90
11/9/2007,93,91.5,91.5
11/8/2007,93,93,93
11/7/2007,90,89,89
11/6/2007,90,89,90
11/5/2007,91,89,90
11/2/2007,91,90.5,90.5
11/1/2007,90,89,90
10/31/2007,90,89,89
10/30/2007,89,88,89
10/29/2007,89,88,89
10/26/2007,88,86,87
10/25/2007,90,86,87
10/24/2007,88.5,85,88.5
10/23/2007,86,84.5,84.5
10/22/2007,87,86,86.5
10/19/2007,88,84,87.5
10/18/2007,88,85.5,85.5
10/17/2007,91,89,89
10/16/2007,91,90,90
10/15/2007,88,86,88
10/12/2007,84,83,84
10/11/2007,83,82,83
10/10/2007,86,82,83
10/9/2007,82,82,82
10/8/2007,78.5,78.5,78.5
10/5/2007,76,75,75
10/4/2007,75,73.5,74.5
10/3/2007,73.5,72,73.5
10/2/2007,75,72,74
10/1/2007,74.5,73,74.5
9/28/2007,71,69,71
9/27/2007,68.5,68,68
9/26/2007,70,69,69
9/25/2007,71,70,70
9/24/2007,70,69,69.5
9/21/2007,70.5,69.5,70.5
9/20/2007,72,68.5,71.5
9/19/2007,69,69,69
9/18/2007,66,66,66
9/17/2007,90.5,89.5,90
9/14/2007,89,88,88.5
9/13/2007,89,87.5,88
9/12/2007,88.5,87,87
9/11/2007,91.5,89.5,89.5
9/10/2007,92,91,91.5
9/7/2007,92,90,91
9/6/2007,90,86,90
9/5/2007,87.5,86,86
9/4/2007,87,86,87
8/31/2007,86,84.5,85.5
8/30/2007,88,86,86
8/29/2007,89.5,81.5,87
8/28/2007,85.5,85.5,85.5
8/27/2007,82,81.5,81.5
8/24/2007,82.5,81,82.5
8/23/2007,80.5,80,80.5
8/22/2007,81,80.5,80.5
8/21/2007,81.5,81,81
8/20/2007,81.5,80.5,81.5
8/17/2007,81,80,80.5
8/16/2007,82,81,81
8/15/2007,82,81.5,82
8/14/2007,83,82,82.5
8/13/2007,82,81,82
8/10/2007,83,82,83
8/9/2007,84,82.5,84
8/8/2007,82.5,82,82.5
8/7/2007,82,81,82
8/6/2007,83,81,81
8/3/2007,81,80,81
8/2/2007,84,82,82
8/1/2007,86,83,84.5
7/31/2007,84,80,82
7/30/2007,85,84,84
7/27/2007,85,84,85
7/26/2007,85.5,84,84
7/25/2007,87,84.5,84.5
7/24/2007,86,85.5,85.5
7/23/2007,90,90,90
7/20/2007,86,86,86
7/19/2007,82,82,82
7/18/2007,80,78.5,78.5
7/17/2007,80,79,79.5
7/16/2007,79,78.5,78.5
7/13/2007,80.5,78,80.5
7/12/2007,80,78,78
7/11/2007,80,79.5,79.5
7/10/2007,79,77,79
7/9/2007,78,76,77
7/6/2007,77,74.5,77
7/5/2007,77,75,75
7/4/2007,77,77,77
7/3/2007,75,73.5,73.5
7/2/2007,80,76.5,76.5
6/29/2007,80.5,80.5,80.5
6/28/2007,81,80.5,80.5
6/27/2007,82,81,81
6/26/2007,83,82,82
6/25/2007,83,80.5,83
6/22/2007,81,80.5,80.5
6/21/2007,83,82,82
6/20/2007,84.5,83.5,83.5
6/19/2007,84.5,84.5,84.5
6/18/2007,87,84,84
6/15/2007,86.5,85,86.5
6/14/2007,82.5,80.5,82.5
6/13/2007,80,80,80
6/12/2007,80,79,79.5
6/11/2007,79.5,79,79
6/8/2007,82,81,81
6/7/2007,83,82,82
6/6/2007,80,79,80
6/5/2007,79,78,78
6/4/2007,80,79,79
6/1/2007,80.5,79,79
5/31/2007,81,80,80.5
5/30/2007,79.5,79.5,79.5
5/29/2007,81,79.5,79.5
5/28/2007,83,81,81
5/25/2007,82,79,82
5/24/2007,81,79,79
5/23/2007,86.5,83,83
5/22/2007,84.5,84,84.5
5/21/2007,81,80.5,81
5/18/2007,82,79.5,79.5
5/17/2007,79.5,76,79.5
5/16/2007,76,76,76
5/15/2007,79.5,79.5,79.5
5/14/2007,76,76,76
5/11/2007,72.5,72.5,72.5
5/10/2007,69.5,68.5,69.5
5/9/2007,67.5,66.5,66.5
5/8/2007,66.5,66,66.5
5/7/2007,64,62.5,64
5/4/2007,62,61,61
5/3/2007,62,61.5,61.5
5/2/2007,62.5,61.5,61.5
4/25/2007,63,62.5,62.5
4/24/2007,63,61,63
4/23/2007,65,64,64
4/20/2007,67,67,67
4/19/2007,70.5,67,67
4/18/2007,70.5,69,70.5
4/17/2007,67.5,67.5,67.5
4/16/2007,71,71,71
4/13/2007,74.5,74.5,74.5
4/12/2007,80,78,78
4/11/2007,83,82,82
4/10/2007,82.5,82,82
4/9/2007,82,82,82
4/6/2007,82,82,82
4/5/2007,84,82,82
4/4/2007,86,84.5,86
4/3/2007,88.5,88.5,88.5
4/2/2007,93,93,93
3/30/2007,97.5,97.5,97.5
3/29/2007,93,93,93
3/28/2007,89,81,89
3/27/2007,85,85,85
3/26/2007,89,89,89
3/23/2007,97,93.5,93.5
3/22/2007,100,98,98
3/21/2007,100,100,100
3/20/2007,107,105,105
3/19/2007,110,110,110
3/16/2007,105,96,105
3/15/2007,101,100,100
3/14/2007,105,105,105
3/13/2007,112,110,110
3/12/2007,116,115,115
3/9/2007,111,111,111
3/8/2007,106,106,106
3/7/2007,101,100,101
3/6/2007,96.5,96.5,96.5
3/5/2007,92,92,92
3/2/2007,88,85.5,88
3/1/2007,85.5,85.5,85.5
2/28/2007,81.5,81.5,81.5
2/27/2007,78,78,78
2/26/2007,74.5,74.5,74.5
2/15/2007,71,70,71
2/14/2007,70,69,70
2/13/2007,70,69,69
2/12/2007,68.5,68,68.5
2/9/2007,66.5,63,66.5
2/8/2007,64.5,64.5,64.5
2/7/2007,68,66.5,67.5
2/6/2007,69,67,67
2/5/2007,70.5,67,67
2/2/2007,70.5,70.5,70.5
2/1/2007,67.5,67.5,67.5
1/31/2007,64.5,64.5,64.5
1/30/2007,61.5,61.5,61.5
1/29/2007,59,59,59
1/26/2007,56.5,55,56.5
1/25/2007,58,54,54
1/24/2007,56.5,56.5,56.5
1/23/2007,54,54,54
1/22/2007,51.5,51.5,51.5
1/19/2007,49.5,49.5,49.5
1/18/2007,47.2,47.2,47.2
1/17/2007,45,45,45
1/16/2007,42.9,42.9,42.9
1/15/2007,40.9,40.9,40.9
1/12/2007,39,39,39
1/11/2007,37.2,37.2,37.2
1/10/2007,35.5,35,35.5
1/9/2007,35,35,35
1/8/2007,36,35,35
1/5/2007,36.1,35.9,35.9
1/4/2007,36,35.5,36
1/3/2007,35,34.9,35
1/2/2007,35,34.7,35
12/29/2006,35,34.5,34.7
12/28/2006,35,35,35
12/27/2006,35,35,35
12/26/2006,35.5,35,35
12/25/2006,34.4,33.5,34.4
12/22/2006,35.8,34.5,34.5
12/21/2006,36.2,35.8,35.8
12/20/2006,39.1,37.2,37.2
12/19/2006,39.2,39.1,39.1
12/18/2006,37.4,37.4,37.4
12/15/2006,35.7,35.7,35.7
12/14/2006,34,33.7,34
12/13/2006,34.9,34.5,34.5
12/12/2006,35,34.9,34.9
12/11/2006,35,34.9,34.9
12/8/2006,35.1,35.1,35.1
12/7/2006,35.1,35.1,35.1
12/6/2006,36,35.5,35.5
12/5/2006,36.9,36.5,36.5
12/4/2006,37,36.9,36.9
12/1/2006,37.5,37.5,37.5
11/30/2006,37.5,36.9,37.5
11/29/2006,38,37,37.3
11/28/2006,38,37.8,38
11/27/2006,41,37.8,37.8
11/24/2006,39.7,39.6,39.7
11/23/2006,37.9,36.5,37.9
11/22/2006,36.5,36,36.1
11/21/2006,37.3,36.8,36.8
11/20/2006,38.4,37.4,37.4
11/17/2006,37.5,37.4,37.4
11/16/2006,37.8,37.4,37.4
11/15/2006,38,37.8,37.8
11/14/2006,37.7,37.5,37.7
11/13/2006,37.8,37.7,37.7
11/10/2006,38.2,37.6,37.6
11/9/2006,38.2,38,38
11/8/2006,38.5,38,38
11/7/2006,38.5,38.5,38.5
11/6/2006,38.2,38,38.2
11/3/2006,38.1,38,38.1
11/2/2006,38.9,38.1,38.1
11/1/2006,39,38.5,39
10/31/2006,37.5,37.1,37.5
10/30/2006,38.8,38.2,38.2
10/27/2006,39.8,39.5,39.5
10/26/2006,40.2,39.9,39.9
10/25/2006,40.5,40.2,40.2
10/24/2006,40.5,40.2,40.2
10/23/2006,40.5,40,40.5
10/20/2006,41,40.5,40.5
10/19/2006,41,41,41
10/18/2006,39.8,39.5,39.8
10/17/2006,40.5,40,40
10/16/2006,41,40,40
10/13/2006,41,40.5,40.5
10/12/2006,41,40.8,40.8
10/11/2006,41,40.7,41
10/10/2006,42,41,41
10/9/2006,42.6,42.4,42.4
10/6/2006,42.8,42,42.8
10/5/2006,42.6,41.9,41.9
10/4/2006,43,42.8,42.8
10/3/2006,43,43,43
10/2/2006,43,42.9,43
9/29/2006,43.5,43.2,43.2
9/28/2006,44,43.5,43.5
9/27/2006,44,43.7,44
9/26/2006,43.7,43.5,43.7
9/25/2006,43.5,43.3,43.4
9/22/2006,43,42.4,43
9/21/2006,43,42.6,42.6
9/20/2006,44,43,43
9/19/2006,42.5,42,42.5
9/18/2006,42,41.8,41.8
9/15/2006,41,41,41
9/14/2006,41,40.5,40.5
9/13/2006,41.1,39.2,41.1
9/12/2006,40.5,39.2,39.2
9/11/2006,42,41,41
9/8/2006,40.5,40,40.5
9/7/2006,41.5,40.5,40.5
9/6/2006,41.8,40,41
9/5/2006,39.9,39.9,39.9
9/1/2006,38,37,38
8/31/2006,37.5,37,37
8/30/2006,37.2,37,37.2
8/29/2006,35.5,34.6,35.5
8/28/2006,34.5,34,34.5
8/25/2006,34,33.7,34
8/24/2006,34.2,34,34
8/23/2006,34,32.2,34
8/22/2006,34.1,33,33
8/21/2006,34.5,34.5,34.5
8/18/2006,34.9,34,34.5
8/17/2006,34.9,34.6,34.9
8/16/2006,34.6,33.5,34.6
8/15/2006,34,33,33
8/14/2006,32.8,32.7,32.8
8/11/2006,31.4,31,31.3
8/10/2006,31,30.5,30.5
8/9/2006,31,31,31
8/8/2006,31,30.5,31
8/7/2006,32.4,30.5,30.5
8/4/2006,31.5,31,31.5
8/3/2006,30,29.2,30
8/2/2006,28.6,27.2,28.6
8/1/2006,29.5,28.1,28.1
7/31/2006,30,29.5,29.5
7/28/2006,30.5,30.5,30.5
7/27/2006,30.5,30.5,30.5
7/26/2006,29.7,28.3,29.7
7/25/2006,29.5,29.4,29.4
7/24/2006,32.3,30.9,30.9
7/21/2006,33.8,32.3,32.3
7/20/2006,34,32.2,34
7/19/2006,34.6,33.1,33.1
7/18/2006,36,34.8,34.8
7/17/2006,37.3,36.5,36.5
7/14/2006,38,37.5,37.5
7/13/2006,39,38,38
7/12/2006,39.7,39,39
7/11/2006,39.7,39.7,39.7
7/10/2006,40,39.7,39.7
7/7/2006,40,38.5,40
7/6/2006,38.6,37.5,38.6
7/5/2006,38.5,38.5,38.5
7/4/2006,39.5,39,39
7/3/2006,40.8,40,40
6/30/2006,40.8,39.5,40.8
6/29/2006,41,39.5,39.5
6/28/2006,40,39.5,40
6/27/2006,40,39.5,40
6/26/2006,41,39.6,39.6
6/23/2006,42.3,41,41
6/22/2006,42.3,40.4,42.3
6/21/2006,40.5,40.4,40.4
6/20/2006,44,42.5,42.5
6/19/2006,44,43.1,43.1
6/16/2006,45,43.1,43.1
6/15/2006,55.5,55,55
6/14/2006,57,56.5,56.5
6/13/2006,58,57,57
6/12/2006,59,58,58
6/9/2006,58,58,58
6/8/2006,58,58,58
6/7/2006,57,57,57
6/6/2006,58,57,57
6/5/2006,56.5,55,56.5
6/2/2006,54,53,54
6/1/2006,54.5,53,53
5/31/2006,54.5,52,54.5
5/30/2006,56,54.5,54.5
5/29/2006,57,57,57
5/26/2006,57.5,57,57
5/25/2006,60,57.5,57.5
5/24/2006,60.5,59,60.5
5/23/2006,59,54,59
5/22/2006,57.5,56.5,56.5
5/19/2006,59,58,59
5/18/2006,59,58.5,59
5/17/2006,60,59.5,60
5/16/2006,58.5,58,58
5/15/2006,58,58,58
5/12/2006,55.5,55.5,55.5
5/11/2006,53,50.5,53
5/10/2006,53,53,53
5/9/2006,55.5,55.5,55.5
5/8/2006,58,58,58
5/5/2006,63,61,61
5/4/2006,63.5,63,63
5/3/2006,64,64,64
4/28/2006,61,61,61
4/27/2006,68,64,64
4/26/2006,69,67,67
4/25/2006,69,69,69
4/24/2006,66,65,66
4/21/2006,63,62.5,63
4/20/2006,63,62.5,62.5
4/19/2006,65.5,65,65
4/18/2006,65.5,65,65
4/17/2006,66.5,65.5,65.5
4/14/2006,63.5,63.5,63.5
4/13/2006,60.5,60.5,60.5
4/12/2006,58,58,58
4/11/2006,59,58,58
4/10/2006,60,60,60
4/7/2006,57.5,57.5,57.5
4/6/2006,55,55,55
4/5/2006,52.5,50,52.5
4/4/2006,52,50,50
4/3/2006,51.5,51,51.5
3/31/2006,51.5,51.5,51.5
3/30/2006,49.1,49.1,49.1
3/29/2006,46.8,46.8,46.8
3/28/2006,44.6,44.6,44.6
3/27/2006,42.5,42,42.5
3/24/2006,41.8,41.5,41.8
3/23/2006,43,42,42
3/22/2006,42.6,42.6,42.6
3/21/2006,40.6,40.6,40.6
3/20/2006,38.7,38.7,38.7
3/17/2006,36.9,36.5,36.9
3/16/2006,35.2,35,35.2
3/15/2006,35,35,35
3/14/2006,35.5,35,35
3/13/2006,35.4,35.1,35.1
3/10/2006,35.9,35.2,35.2
3/9/2006,36.4,36,36
3/8/2006,36.5,36.4,36.4
3/7/2006,36.5,36.1,36.1
3/6/2006,36.5,35,36.5
3/3/2006,34.9,34.9,34.9
3/2/2006,36.7,36.7,36.7
3/1/2006,35,35,35
2/28/2006,33.4,33.4,33.4
2/27/2006,31.9,31.4,31.9
2/24/2006,30.5,30.4,30.4
2/23/2006,29.4,28.1,29.4
2/22/2006,28.5,28,28
2/21/2006,29,29,29
2/20/2006,28.5,28,28.5
2/17/2006,28,27.8,27.8
2/16/2006,27.6,27.5,27.6
2/15/2006,27,26.5,27
2/14/2006,26,25.8,26
2/13/2006,25.5,25.1,25.5
2/10/2006,25,24.9,24.9
2/9/2006,25,25,25
2/8/2006,25,24.5,25
2/7/2006,24.5,24.2,24.5
2/6/2006,24.2,24.1,24.2
1/27/2006,24.1,24,24.1
1/26/2006,24,23.9,23.9
1/25/2006,24,24,24
1/24/2006,24,24,24
1/23/2006,24,24,24
1/20/2006,24,24,24
1/19/2006,23.8,23.7,23.8
1/18/2006,23.7,23.6,23.7
1/17/2006,23.7,23.7,23.7
1/13/2006,23.7,23.6,23.7
1/12/2006,23.5,23.4,23.5
1/11/2006,23.6,23.4,23.4
1/10/2006,23.6,23.6,23.6
1/9/2006,23.6,23.6,23.6
1/6/2006,24,23.6,23.6
1/5/2006,24.1,23.9,24.1
1/4/2006,23.4,22.9,23.4
1/3/2006,22.9,22.8,22.9
12/30/2005,22.8,22.8,22.8
12/29/2005,22.7,22.7,22.7
12/28/2005,22.8,22.7,22.7
12/27/2005,22.8,22.7,22.8
12/26/2005,22.8,22.7,22.8
12/23/2005,22.8,22.8,22.8
12/22/2005,22.8,22.7,22.7
12/21/2005,22.7,22.7,22.7
12/20/2005,22.8,22.8,22.8
12/19/2005,22.6,22.6,22.6
12/16/2005,22.8,22.6,22.6
12/15/2005,23,22.8,22.8
12/14/2005,22.9,22.7,22.7
12/13/2005,23.1,23,23
12/12/2005,23.3,23.3,23.3
12/9/2005,22.8,22.8,22.8
12/8/2005,22.9,22.8,22.8
12/7/2005,22.8,22.8,22.8
12/6/2005,22.9,22.8,22.8
12/5/2005,23,22.9,22.9
12/2/2005,22.9,22.9,22.9
12/1/2005,23,22.9,23
11/30/2005,22.9,22.7,22.9
11/29/2005,22.7,22.6,22.7
11/28/2005,22.9,22.6,22.6
11/25/2005,22.9,22.6,22.9
11/24/2005,22.6,22.6,22.6
11/23/2005,22.8,22.6,22.8
11/22/2005,22.9,22.8,22.8
11/21/2005,23.2,22.9,22.9
11/18/2005,23.4,23.2,23.2
11/17/2005,23.5,23.4,23.4
11/16/2005,23.5,23.2,23.5
11/15/2005,24,23.9,23.9
11/14/2005,24,23.9,23.9
11/11/2005,24.1,24,24
11/10/2005,24.3,24.2,24.2
11/9/2005,24.4,24.3,24.3
11/8/2005,24.4,24.4,24.4
11/7/2005,24.3,24.2,24.3
11/4/2005,24.3,24.2,24.2
11/3/2005,24.4,24.3,24.4
11/2/2005,24.1,24,24.1
11/1/2005,24.1,24.1,24.1
10/31/2005,24.1,24.1,24.1
10/28/2005,24,24,24
10/27/2005,23.8,23.5,23.8
10/26/2005,23.8,23.7,23.7
10/25/2005,24,23.8,23.8
10/24/2005,23.8,23.8,23.8
10/21/2005,24,23.8,23.8
10/20/2005,24,23.9,23.9
10/19/2005,24.1,24,24.1
10/18/2005,24.2,24,24
10/17/2005,24,24,24
10/14/2005,24,24,24
10/13/2005,23.9,23.8,23.9
10/12/2005,23.7,23.7,23.7
10/11/2005,23.9,23.7,23.7
10/10/2005,24.1,24.1,24.1
10/7/2005,24.1,24,24.1
10/6/2005,23.9,23.8,23.9
10/5/2005,23.8,23.8,23.8
10/4/2005,23.8,23.6,23.8
10/3/2005,24.5,23.6,23.6
9/30/2005,24.5,24.5,24.5
9/29/2005,23.4,23.3,23.4
9/28/2005,23.3,23.2,23.3
9/27/2005,23.4,23.3,23.3
9/26/2005,23.5,23.5,23.5
9/23/2005,23.5,23.5,23.5
9/22/2005,23.5,23.2,23.5
9/21/2005,24,23.2,23.2
9/20/2005,24.3,24.3,24.3
9/19/2005,23.2,23.1,23.2
9/16/2005,23.1,23,23.1
9/15/2005,22.8,22.7,22.8
9/14/2005,22.7,22.7,22.7
9/13/2005,22.6,22.6,22.6
9/12/2005,22.8,22.7,22.7
9/9/2005,22.9,22.9,22.9
9/8/2005,23.3,23.2,23.2
9/7/2005,23.3,23.2,23.3
9/6/2005,23.2,23,23.2
9/5/2005,23,22.9,23
9/1/2005,22.9,22.9,22.9
8/31/2005,22.9,22.9,22.9
8/30/2005,23,22.9,22.9
8/29/2005,23,22.9,22.9
8/26/2005,23,23,23
8/25/2005,23,22.9,23
8/24/2005,22.9,22.9,22.9
8/23/2005,22.8,22.8,22.8
8/22/2005,22.7,22.7,22.7
8/19/2005,22.8,22.7,22.7
8/18/2005,22.6,22.6,22.6
8/17/2005,22.6,22.6,22.6
8/16/2005,22.8,22.7,22.7
8/15/2005,22.7,22.6,22.7
8/12/2005,22.7,22.7,22.7
8/11/2005,22.8,22.7,22.7
8/10/2005,22.8,22.8,22.8
8/9/2005,23.2,22.8,22.8
8/8/2005,22.9,22.8,22.8
8/5/2005,22.9,22.9,22.9
8/4/2005,23.1,23,23.1
8/3/2005,22.8,22.7,22.8
8/2/2005,22.7,22.6,22.7
8/1/2005,22.8,22.7,22.7
7/29/2005,22.8,22.7,22.8
7/28/2005,22.9,22.9,22.9
7/27/2005,23.2,22.9,22.9
7/26/2005,23.7,23.7,23.7
7/25/2005,23.7,23.6,23.7
7/22/2005,23.7,23.6,23.6
7/21/2005,24,23.9,23.9
7/20/2005,24.1,24,24
7/19/2005,24.3,24.2,24.2
7/18/2005,23.9,23.9,23.9
7/15/2005,23.6,23.5,23.6
7/14/2005,23.5,23.4,23.5
7/13/2005,23.8,23.6,23.6
7/12/2005,23.9,23.8,23.8
7/11/2005,23.9,23.8,23.9
7/8/2005,23.6,23.3,23.6
7/7/2005,23.3,23.3,23.3
7/6/2005,23.3,23.3,23.3
7/5/2005,23.3,23.3,23.3
7/4/2005,23.3,23.1,23.3
7/1/2005,23.2,23.1,23.1
6/30/2005,23.2,23.2,23.2
6/29/2005,23.2,23.2,23.2
6/28/2005,23.5,23.2,23.2
6/27/2005,23.5,23.5,23.5
6/24/2005,23.4,23.1,23.4
6/23/2005,23,23,23
6/22/2005,22.9,22.8,22.9
6/21/2005,23,22.8,22.8
6/20/2005,23,22.9,22.9
6/17/2005,23,23,23
6/16/2005,23,22.9,23
6/15/2005,22.9,22.9,22.9
6/14/2005,22.8,22.5,22.8
6/13/2005,22.6,22.5,22.5
6/10/2005,23,23,23
6/9/2005,23.1,23.1,23.1
6/8/2005,23.5,23.2,23.2
6/7/2005,23.2,23.1,23.2
6/6/2005,23,23,23
6/3/2005,22.9,22.8,22.9
6/2/2005,22.7,22.6,22.7
6/1/2005,22.6,22.6,22.6
5/31/2005,22.7,22.6,22.6
5/30/2005,22.7,22.7,22.7
5/27/2005,22.7,22.7,22.7
5/26/2005,22.7,22.7,22.7
5/25/2005,22.7,22.7,22.7
5/24/2005,22.7,22.7,22.7
5/23/2005,22.7,22.7,22.7
5/20/2005,22.8,22.7,22.7
5/19/2005,22.7,22.7,22.7
5/18/2005,22.6,22.5,22.6
5/17/2005,22.6,22.5,22.5
5/16/2005,22.7,22.6,22.6
5/13/2005,22.8,22.8,22.8
5/12/2005,22.7,22.7,22.7
5/11/2005,22.9,22.8,22.8
5/10/2005,23,22.9,23
5/9/2005,22.9,22.9,22.9
5/6/2005,22.9,22.8,22.9
5/5/2005,22.9,22.6,22.6
5/4/2005,23.1,22.9,22.9
4/29/2005,23.2,23.2,23.2
4/28/2005,23.3,23.2,23.2
4/27/2005,23.3,23.3,23.3
4/26/2005,23.3,23.3,23.3
4/25/2005,23.4,23.4,23.4
4/22/2005,23.5,23.5,23.5
4/21/2005,23.5,23.4,23.5
4/20/2005,23.5,23.4,23.4
4/19/2005,23.6,23.5,23.5
4/18/2005,23.6,23.5,23.5
4/15/2005,23.7,23.6,23.6
4/14/2005,23.7,23.6,23.7
4/13/2005,23.7,23.7,23.7
4/12/2005,23.8,23.7,23.7
4/11/2005,23.8,23.7,23.8
4/8/2005,23.8,23.7,23.8
4/7/2005,23.8,23.7,23.7
4/6/2005,23.8,23.8,23.8
4/5/2005,23.9,23.7,23.7
4/4/2005,23.8,23.7,23.8
4/1/2005,23.8,23.7,23.7
3/31/2005,23.9,23.7,23.9
3/30/2005,23.7,23.7,23.7
3/29/2005,23.7,23.7,23.7
3/28/2005,24,23.7,23.7
3/25/2005,24.2,24,24
3/24/2005,24,23.9,24
3/23/2005,23.6,23.6,23.6
3/22/2005,23.6,23.6,23.6
3/21/2005,23.6,23.6,23.6
3/18/2005,23.6,23.6,23.6
3/17/2005,23.6,23.5,23.6
3/16/2005,23.6,23.5,23.6
3/15/2005,23.5,23.5,23.5
3/14/2005,23.5,23.5,23.5
3/11/2005,23.5,23.4,23.5
3/10/2005,23.6,23.5,23.5
3/9/2005,23.7,23.6,23.6
3/8/2005,24.6,24.6,24.6
3/7/2005,24.8,24.6,24.6
3/4/2005,24.5,24.3,24.3
3/3/2005,24.3,24,24.3
3/2/2005,24,24,24
3/1/2005,24,23.9,24
2/28/2005,23.9,23.9,23.9
2/25/2005,23.9,23.8,23.9
2/24/2005,23.9,23.9,23.9
2/23/2005,23.9,23.9,23.9
2/22/2005,23.9,23.9,23.9
2/21/2005,23.8,23.8,23.8
2/18/2005,23.8,23.8,23.8
2/17/2005,23.8,23.8,23.8
2/16/2005,23.8,23.7,23.7
2/15/2005,23.8,23.8,23.8
2/14/2005,23.9,23.8,23.8
2/4/2005,23.8,23.6,23.8
2/3/2005,23.6,23.5,23.6
2/2/2005,23.6,23.6,23.6
2/1/2005,23.6,23.5,23.6
1/31/2005,23.6,23.6,23.6
1/28/2005,23.6,23.6,23.6
1/27/2005,23.9,23.6,23.6
1/26/2005,23.7,23.7,23.7
1/25/2005,23.6,23.6,23.6
1/24/2005,23.8,23.7,23.7
1/21/2005,23.8,23.8,23.8
1/20/2005,23.8,23.7,23.8
1/19/2005,23.7,23.7,23.7
1/18/2005,23.8,23.8,23.8
1/17/2005,23.8,23.8,23.8
1/14/2005,24,23.8,23.8
1/13/2005,24,23.9,23.9
1/12/2005,23.8,23.8,23.8
1/11/2005,23.8,23.8,23.8
1/10/2005,24,23.9,23.9
1/7/2005,24,24,24
1/6/2005,23.8,23.7,23.7
1/5/2005,23.8,23.7,23.8
1/4/2005,23.8,23.8,23.8
12/31/2004,23.9,23.8,23.8
12/30/2004,23.9,23.9,23.9
12/29/2004,23.9,23.9,23.9
12/28/2004,24.3,24.1,24.1
12/27/2004,24.6,24.5,24.5
12/24/2004,24.6,24.5,24.6
12/23/2004,24.3,24.2,24.3
12/22/2004,24.2,24,24.2
12/21/2004,23.9,23.8,23.9
12/20/2004,23.9,23.7,23.7
12/17/2004,24,24,24
12/16/2004,24,24,24
12/15/2004,24,24,24
12/14/2004,24,24,24
12/13/2004,24.3,24,24
12/10/2004,24.3,24.3,24.3
12/9/2004,24.3,24.3,24.3
12/8/2004,24.2,24,24.2
12/7/2004,24.5,24.2,24.2
12/6/2004,25,25,25
12/3/2004,39.3,39.3,39.3
12/2/2004,39.6,39.3,39.3
12/1/2004,40.2,40,40
11/30/2004,41,40.3,40.3
11/29/2004,40.4,40.4,40.4
11/26/2004,39,38.1,39
11/25/2004,37.6,37.3,37.6
11/24/2004,37.2,37.1,37.2
11/23/2004,37.1,37.1,37.1
11/22/2004,37.2,37.1,37.1
11/19/2004,37.2,37,37
11/18/2004,37,37,37
11/17/2004,37.1,37,37
11/16/2004,37.5,37.1,37.1
11/15/2004,37.1,37,37.1
11/12/2004,37,36.6,36.6
11/11/2004,37.1,37,37.1
11/10/2004,37.8,37,37
11/9/2004,38.3,37.8,37.8
11/8/2004,38.3,38.3,38.3
11/5/2004,37.7,37.5,37.7
11/4/2004,37.1,36.8,37.1
11/3/2004,36.6,36.5,36.6
11/2/2004,36.5,36.4,36.5
11/1/2004,36.4,36.4,36.4
10/29/2004,36.5,36.5,36.5
10/28/2004,36.5,36.2,36.5
10/27/2004,36.3,36.2,36.2
10/26/2004,36.3,36.3,36.3
10/25/2004,36.3,36.3,36.3
10/22/2004,36.4,36.3,36.3
10/21/2004,36.9,36.8,36.8
10/20/2004,36.9,36.8,36.9
10/19/2004,36.8,36.6,36.8
10/18/2004,36.5,36.1,36.5
10/15/2004,36.1,36,36.1
10/14/2004,36,35.9,36
10/13/2004,35.9,35.7,35.9
10/12/2004,35.8,35.7,35.7
10/11/2004,35.9,35.8,35.8
10/8/2004,36,36,36
10/7/2004,36.1,36,36
10/6/2004,36.1,36.1,36.1
10/5/2004,36.1,36.1,36.1
10/4/2004,36.1,36.1,36.1
10/1/2004,36.5,36.1,36.1
9/30/2004,36,35.5,36
9/29/2004,35.4,35.4,35.4
9/28/2004,35.1,35.1,35.1
9/27/2004,35.1,34.8,35.1
9/24/2004,34.6,34.5,34.6
9/23/2004,34.5,34.5,34.5
9/22/2004,34.5,34.4,34.5
9/21/2004,35,34.5,34.5
9/20/2004,35,34.8,35
9/17/2004,35.1,34.8,34.8
9/16/2004,35,34.9,35
9/15/2004,34.9,34.9,34.9
9/14/2004,34.8,34.8,34.8
9/13/2004,34.6,34.6,34.6
9/10/2004,34.6,34.6,34.6
9/9/2004,34.6,34.6,34.6
9/8/2004,34.6,34.5,34.5
9/7/2004,34.6,34.6,34.6
9/6/2004,34.8,34.6,34.6
9/1/2004,34.8,34.8,34.8
8/31/2004,35,34.8,34.8
8/30/2004,34.9,34.7,34.7
8/27/2004,35,34.9,34.9
8/26/2004,34.8,34.8,34.8
8/25/2004,34.7,34.7,34.7
8/24/2004,35.7,34.8,34.8
8/23/2004,35.8,35.7,35.7
8/20/2004,35.1,35,35.1
8/19/2004,34.9,34.6,34.9
8/18/2004,34.6,34.5,34.6
8/17/2004,34,34,34
8/16/2004,34,34,34
8/13/2004,34.5,34,34
8/12/2004,34.5,34.5,34.5
8/11/2004,34.5,34.5,34.5
8/10/2004,34.1,32,34.1
8/9/2004,33.9,32.5,32.5
8/6/2004,34.2,34.1,34.2
8/5/2004,34.4,34,34.4
8/4/2004,35.7,35,35
8/3/2004,35.7,35.7,35.7
8/2/2004,36.3,36,36.3
7/30/2004,36,35.5,36
7/29/2004,35.9,35.5,35.5
7/28/2004,36.4,36.4,36.4
7/27/2004,36.5,36.4,36.4
7/26/2004,36.7,36.5,36.5
7/23/2004,36.7,36.6,36.6
7/22/2004,36.5,36.5,36.5
7/21/2004,36.5,36.3,36.3
7/20/2004,36.5,36.5,36.5
7/19/2004,36.3,36.3,36.3
7/16/2004,36.3,36.2,36.3
7/15/2004,36.3,36.3,36.3
7/14/2004,36.3,36.2,36.3
7/13/2004,36.5,36.2,36.2
7/12/2004,36.5,36.5,36.5
7/9/2004,36.5,36.5,36.5
7/8/2004,36.5,36.4,36.5
7/7/2004,36.3,36.1,36.3
7/6/2004,36.1,36.1,36.1
7/5/2004,36.2,36.1,36.1
7/2/2004,36.5,36.5,36.5
7/1/2004,36.5,36.5,36.5
6/30/2004,36.5,36.4,36.5
6/29/2004,38.1,36.8,36.8
6/28/2004,36.5,36.3,36.3
6/25/2004,36.5,36.5,36.5
6/24/2004,36.5,36.3,36.5
6/23/2004,36.5,36.4,36.4
6/22/2004,36.5,36.5,36.5
6/21/2004,36.5,36,36.5
6/18/2004,36.3,36.2,36.2
6/17/2004,37,36.3,36.3
6/16/2004,37,37,37
6/15/2004,37.5,37,37
6/14/2004,36.3,36.2,36.3
6/11/2004,35.7,35.5,35.7
6/10/2004,35.3,35,35.3
6/9/2004,35,35,35
6/8/2004,35.3,35,35
6/7/2004,36,35.6,35.6
6/4/2004,36.6,35.2,35.2
6/3/2004,36.7,36.6,36.6
6/2/2004,36.5,36.3,36.5
6/1/2004,36.3,36.1,36.3
5/31/2004,36.1,36,36.1
5/28/2004,36,36,36
5/27/2004,36.2,36.1,36.1
5/26/2004,37,36.5,36.5
5/25/2004,37,37,37
5/24/2004,36.6,36.5,36.6
5/21/2004,36.5,36.5,36.5
5/20/2004,36.5,36.5,36.5
5/19/2004,36.5,36.3,36.5
5/18/2004,36.2,36.2,36.2
5/17/2004,36.2,36.2,36.2
5/14/2004,36.2,36.2,36.2
5/13/2004,36.7,36.7,36.7
5/12/2004,36.1,35.9,36.1
5/11/2004,36,35.9,35.9
5/10/2004,36.5,36,36
5/7/2004,36.5,36.4,36.5
5/6/2004,36.5,36.5,36.5
5/5/2004,36.5,36.5,36.5
5/4/2004,36.5,36.4,36.5
4/29/2004,36.4,36.3,36.4
4/28/2004,36.4,36.3,36.4
4/27/2004,36.5,36.1,36.1
4/26/2004,36,36,36
4/23/2004,36.4,36.1,36.4
4/22/2004,36.5,36.5,36.5
4/21/2004,35.6,35.5,35.6
4/20/2004,35.2,35.2,35.2
4/19/2004,36.4,35.2,35.2
4/16/2004,37.5,36.4,36.4
4/15/2004,36,35.4,36
4/14/2004,35,34.5,35
4/13/2004,35,34.6,34.6
4/12/2004,35.5,35.5,35.5
4/9/2004,35.6,35,35.6
4/8/2004,36.2,36,36
4/7/2004,36.7,36.1,36.1
4/6/2004,36.6,36,36.6
4/5/2004,36,36,36
4/2/2004,37.5,36.1,36.1
4/1/2004,38.3,37.8,37.8
3/31/2004,37.8,36.4,37.8
3/30/2004,36,36,36
3/29/2004,37.1,36.9,37.1
3/26/2004,35.8,35.8,35.8
3/25/2004,35.8,35.5,35.8
3/24/2004,34.1,34,34.1
3/23/2004,34.8,34.4,34.4
3/22/2004,37.9,36.2,36.2
3/19/2004,37.5,37.5,37.5
3/18/2004,37.6,37.5,37.5
3/17/2004,38,38,38
3/16/2004,38,38,38
3/15/2004,38.1,38,38
3/12/2004,38.5,38.1,38.1
3/11/2004,38.1,37.6,38.1
3/10/2004,36.6,36.6,36.6
3/9/2004,40.5,38.5,38.5
3/8/2004,40.5,40.5,40.5
3/5/2004,41,41,41
3/4/2004,41.8,40,41.8
3/3/2004,41.9,41.8,41.8
3/2/2004,45.3,43.9,43.9
3/1/2004,43.8,43.7,43.8
2/27/2004,41.8,40,41.8
2/26/2004,40.1,40,40
2/25/2004,40.4,40.2,40.2
2/24/2004,38.5,38.5,38.5
2/23/2004,36.7,36.7,36.7
2/20/2004,35,33.5,35
2/19/2004,33.4,33.2,33.4
2/18/2004,32.5,32.5,32.5
2/17/2004,32.2,32,32.2
2/16/2004,32.5,32.5,32.5
2/13/2004,31.9,31.5,31.9
2/12/2004,31.5,31.5,31.5
2/11/2004,31,31,31
2/10/2004,31,31,31
2/9/2004,31,30.8,31
2/6/2004,31,30.8,30.8
2/5/2004,31.9,31,31
2/4/2004,30.4,29,30.4
2/3/2004,30,29,29
2/2/2004,32,30.5,30.5
1/30/2004,31.5,31.1,31.5
1/29/2004,32.7,32.7,32.7
1/28/2004,31.2,31.2,31.2
1/27/2004,29.8,29.6,29.8
1/16/2004,28.4,28,28.4
1/15/2004,28.3,28,28.3
1/14/2004,28.4,27.7,28.4
1/13/2004,27.9,27.5,27.9
1/12/2004,27.5,27.5,27.5
1/9/2004,27.5,27.1,27.5
1/8/2004,27.5,27.5,27.5
1/7/2004,27.5,27.4,27.4
1/6/2004,27.1,27.1,27.1
1/5/2004,27,26.6,27
12/31/2003,26.9,26.7,26.7
12/30/2003,26.9,26.4,26.9
12/29/2003,26.5,26.4,26.4
12/26/2003,28.8,28.6,28.6
12/25/2003,29,28.8,28.8
12/24/2003,28.6,28.5,28.6
12/23/2003,28.4,28.3,28.4
12/22/2003,30,28.4,28.4
12/19/2003,29.7,29.5,29.5
12/18/2003,30,29.7,29.7
12/17/2003,29.4,28.9,29.4
12/16/2003,28.9,28.9,28.9
12/15/2003,28.8,28.2,28.8
12/12/2003,28.2,27.8,28.2
12/11/2003,28.3,28.2,28.2
12/10/2003,28.4,28.2,28.2
12/9/2003,27.5,27.5,27.5
12/8/2003,28.4,28,28
12/5/2003,28.5,28,28
12/4/2003,28.5,28.5,28.5
12/3/2003,28.2,28.1,28.2
12/2/2003,28.2,28.1,28.2
12/1/2003,28.6,28.1,28.1
11/28/2003,28.6,28.6,28.6
11/27/2003,27.9,27.6,27.9
11/26/2003,28.5,27.6,27.6
11/25/2003,29,29,29
11/24/2003,29.3,29,29
11/21/2003,28.5,27.8,28.5
11/20/2003,27.8,27,27.8
11/19/2003,26.5,26.1,26.5
11/18/2003,26.9,26.9,26.9
11/17/2003,30.5,28.3,28.3
11/14/2003,29.1,29.1,29.1
11/13/2003,27.8,27.6,27.8
11/12/2003,26.5,26,26.5
11/11/2003,26,25,26
11/10/2003,25,24.7,25
11/7/2003,25.7,25.6,25.7
11/6/2003,25.7,25.6,25.6
11/5/2003,25.4,24.3,25.4
11/4/2003,24.9,24.3,24.3
11/3/2003,24.3,24.3,24.3
10/31/2003,24.1,24.1,24.1
10/30/2003,24,24,24
10/29/2003,23.9,23.5,23.9
10/28/2003,23.5,23,23.5
10/27/2003,23,23,23
10/24/2003,23.4,23,23.4
10/23/2003,23.2,23,23.2
10/22/2003,23,22.5,23
10/21/2003,23.6,23.2,23.2
10/20/2003,23.6,23.6,23.6
10/17/2003,23.8,23.1,23.8
10/16/2003,23.5,23.5,23.5
10/15/2003,23.5,23.5,23.5
10/14/2003,23.5,22.5,23.5
10/13/2003,23,22.5,22.5
10/10/2003,23,23,23
10/9/2003,23.8,23,23
10/8/2003,24.1,23.8,23.8
10/7/2003,24.9,24.1,24.1
10/6/2003,24.4,24.1,24.4
10/3/2003,24.5,24.4,24.4
10/2/2003,24.9,24.5,24.5
10/1/2003,25.6,24.9,24.9
9/30/2003,25,24.9,25
9/29/2003,24.9,24.9,24.9
9/26/2003,25.7,24.9,24.9
9/25/2003,26.1,25.3,25.3
9/24/2003,25.4,25.2,25.2
9/23/2003,25.5,25.4,25.4
9/22/2003,25.8,25.3,25.8
9/19/2003,25.8,25.5,25.5
9/18/2003,25.8,25.8,25.8
9/17/2003,25.8,25.8,25.8
9/16/2003,26,25.8,25.8
9/15/2003,26,26,26
9/12/2003,26,25.3,26
9/11/2003,26,25.5,25.5
9/10/2003,26,25.8,26
9/9/2003,25.8,25.2,25.8
9/8/2003,25.6,25.2,25.2
9/5/2003,25.6,25.4,25.6
9/4/2003,26,25.6,25.6
9/3/2003,26.2,25.8,25.8
8/29/2003,26.5,26.2,26.2
8/28/2003,26.8,26.8,26.8
8/27/2003,27,26.8,26.8
8/26/2003,27,27,27
8/25/2003,27,27,27
8/22/2003,28.1,27,27
8/21/2003,28.1,26.8,28.1
8/20/2003,26.8,26.8,26.8
8/19/2003,26.8,26.8,26.8
8/18/2003,26.8,26.8,26.8
8/15/2003,26.9,26.8,26.8
8/14/2003,26.9,26.8,26.9
8/13/2003,26.8,26.8,26.8
8/12/2003,27,26.8,26.8
8/11/2003,27,27,27
8/8/2003,27,27,27
8/7/2003,27,27,27
8/6/2003,27,27,27
8/5/2003,27,27,27
8/4/2003,27,27,27
8/1/2003,27.3,27,27
7/31/2003,27.7,27.3,27.3
7/30/2003,27.9,27.7,27.7
7/29/2003,28,27.9,27.9
7/28/2003,28.9,28.9,28.9
7/25/2003,29,29,29
7/24/2003,28.9,28.8,28.9
7/23/2003,28.8,28.6,28.8
7/22/2003,28.6,28.5,28.6
7/21/2003,28.5,28.5,28.5
7/18/2003,29,28.5,28.5
7/17/2003,28.9,28.4,28.4
7/16/2003,28.9,28.3,28.3
7/15/2003,28.8,28.8,28.8
7/14/2003,28.8,28.7,28.8
7/11/2003,28.8,28.7,28.7
7/10/2003,28.8,28.8,28.8
7/9/2003,28.9,28.8,28.8
7/8/2003,28.9,28.9,28.9
7/7/2003,29,29,29
7/4/2003,29.1,29.1,29.1
7/3/2003,29.1,29,29.1
7/2/2003,29,29,29
7/1/2003,29,29,29
6/30/2003,29,28.9,29
6/27/2003,29,28.9,28.9
6/26/2003,29,29,29
6/25/2003,29,29,29
6/24/2003,29,28.9,29
6/23/2003,29,28.9,28.9
6/20/2003,29.1,29,29
6/19/2003,29.1,29.1,29.1
6/18/2003,29.1,29.1,29.1
6/17/2003,29.1,29,29.1
6/16/2003,29.3,29,29
6/13/2003,29.4,29.3,29.3
6/12/2003,29.3,29,29.3
6/11/2003,29,29,29
6/10/2003,29,29,29
6/9/2003,29.2,29,29
6/6/2003,29.2,29,29.2
6/5/2003,29,29,29
6/4/2003,29,29,29
6/3/2003,29,29,29
6/2/2003,29.2,29,29
5/30/2003,29.5,29.2,29.2
5/29/2003,29.5,29.5,29.5
5/28/2003,29.5,29.5,29.5
5/27/2003,29,28.9,28.9
5/26/2003,29.1,29,29
5/23/2003,29.5,29.1,29.1
5/22/2003,29.2,29,29
5/21/2003,29.2,29.2,29.2
5/20/2003,30,29.5,29.5
5/19/2003,29.5,29.5,29.5
5/16/2003,29.9,29.9,29.9
5/15/2003,29.9,29.9,29.9
5/14/2003,30,30,30
5/13/2003,30,30,30
5/12/2003,30.2,30.2,30.2
5/9/2003,30.4,30.4,30.4
5/8/2003,30,30,30
5/7/2003,29.6,29.6,29.6
5/6/2003,29.1,29.1,29.1
5/5/2003,28.5,28.5,28.5
4/29/2003,28.5,28.5,28.5
4/28/2003,29.6,29.6,29.6
4/25/2003,28.2,28.2,28.2
4/24/2003,28,28,28
4/23/2003,28,28,28
4/22/2003,28,28,28
4/21/2003,28.2,28.2,28.2
4/18/2003,28.3,28.3,28.3
4/17/2003,28.3,28.3,28.3
4/16/2003,28,28,28
4/15/2003,28,28,28
4/14/2003,28,28,28
4/11/2003,28,28,28
4/10/2003,28,28,28
4/9/2003,27.6,27.6,27.6
4/8/2003,27.7,27.7,27.7
4/7/2003,27.7,27.7,27.7
4/4/2003,28.1,28.1,28.1
4/3/2003,28.1,28.1,28.1
4/2/2003,28,28,28
4/1/2003,27.6,27.6,27.6
3/31/2003,29,29,29
3/28/2003,30,30,30
3/27/2003,30,30,30
3/26/2003,30.4,30.4,30.4
3/25/2003,30.5,30.5,30.5
3/24/2003,30,30,30
3/21/2003,30.6,30.6,30.6
3/20/2003,30.7,30.7,30.7
3/19/2003,31,31,31
3/18/2003,31,31,31
3/17/2003,31,31,31
3/14/2003,31.5,31.5,31.5
3/13/2003,32,32,32
3/12/2003,32,32,32
3/11/2003,32.5,32.5,32.5
3/10/2003,32.8,32.8,32.8
3/7/2003,32.8,32.8,32.8
3/6/2003,32.9,32.9,32.9
3/5/2003,32,32,32
3/4/2003,31.5,31.5,31.5
3/3/2003,32.7,32.7,32.7
2/28/2003,31.2,31.2,31.2
2/27/2003,31.8,31.8,31.8
2/26/2003,31.8,31.8,31.8
2/25/2003,33,33,33
2/24/2003,33,33,33
2/21/2003,33,33,33
2/20/2003,34.2,34.2,34.2
2/19/2003,34.3,34.3,34.3
2/18/2003,34.4,34.4,34.4
2/17/2003,34.4,34.4,34.4
2/14/2003,34.2,34.2,34.2
2/13/2003,34.2,34.2,34.2
2/12/2003,34.2,34.2,34.2
2/11/2003,36,36,36
2/10/2003,36,36,36
1/28/2003,36,36,36
1/27/2003,36,36,36
1/24/2003,36,36,36
1/23/2003,35.4,35.4,35.4
1/22/2003,35.4,35.4,35.4
1/21/2003,35.4,35.4,35.4
1/20/2003,35,35,35
1/17/2003,34.5,34.5,34.5
1/16/2003,35,35,35
1/15/2003,35,35,35
1/14/2003,35,35,35
1/13/2003,35,35,35
1/10/2003,35.7,35.7,35.7
1/9/2003,35.7,35.7,35.7
1/8/2003,35,35,35
1/7/2003,36.2,36.2,36.2
1/6/2003,36.2,36.2,36.2
1/3/2003,36.2,36.2,36.2
1/2/2003,36.2,36.2,36.2
12/31/2002,36.2,36.2,36.2
12/30/2002,36.2,36.2,36.2
12/27/2002,37,37,37
12/26/2002,37,37,37
12/25/2002,37,37,37
12/24/2002,37,37,37
12/23/2002,37,37,37
12/20/2002,37,37,37
12/19/2002,36.9,36.9,36.9
12/18/2002,36.9,36.9,36.9
12/17/2002,36.9,36.9,36.9
12/16/2002,36.9,36.9,36.9
12/13/2002,36.9,36.9,36.9
12/12/2002,36.9,36.9,36.9
12/11/2002,37,37,37
12/10/2002,36.7,36.7,36.7
12/9/2002,36.7,36.7,36.7
12/6/2002,36.7,36.7,36.7
12/5/2002,37,37,37
12/4/2002,37,37,37
12/3/2002,36.2,36.2,36.2
12/2/2002,35.6,35.6,35.6
11/29/2002,35.5,35.5,35.5
11/28/2002,35.5,35.5,35.5
11/27/2002,35,35,35
11/26/2002,35,35,35
11/25/2002,35.2,35.2,35.2
11/22/2002,35.2,35.2,35.2
11/21/2002,35,35,35
11/20/2002,35,35,35
11/19/2002,35,35,35
11/18/2002,35,35,35
11/15/2002,34.5,34.5,34.5
11/14/2002,34.8,34.8,34.8
11/13/2002,35,35,35
11/12/2002,35,35,35
11/11/2002,35,35,35
11/8/2002,35,35,35
11/7/2002,35,35,35
11/6/2002,35.3,35.3,35.3
11/5/2002,35.6,35.6,35.6
11/4/2002,35.5,35.5,35.5
11/1/2002,35.5,35.5,35.5
10/31/2002,35.5,35.5,35.5
10/30/2002,35.5,35.5,35.5
10/29/2002,35.5,35.5,35.5
10/28/2002,35.6,35.6,35.6
10/25/2002,35.6,35.6,35.6
10/24/2002,35.7,35.7,35.7
10/23/2002,36,36,36
10/22/2002,36.6,36.6,36.6
10/21/2002,36.6,36.6,36.6
10/18/2002,36.6,36.6,36.6
10/17/2002,36,36,36
10/16/2002,36,36,36
10/15/2002,36,36,36
10/14/2002,36,36,36
10/11/2002,36,36,36
10/10/2002,36,36,36
10/9/2002,36.5,36.5,36.5
10/8/2002,36.5,36.5,36.5
10/7/2002,37.4,37.4,37.4
10/4/2002,37.4,37.4,37.4
10/3/2002,37.2,37.2,37.2
10/2/2002,36.3,36.3,36.3
10/1/2002,36.3,36.3,36.3
9/30/2002,36,36,36
9/27/2002,36.5,36.5,36.5
9/26/2002,36.5,36.5,36.5
9/25/2002,36.5,36.5,36.5
9/24/2002,36,36,36
9/23/2002,36,36,36
9/20/2002,36.6,36.6,36.6
9/19/2002,36.8,36.8,36.8
9/18/2002,37,37,37
9/17/2002,37.2,37.2,37.2
9/16/2002,37.2,37.2,37.2
9/13/2002,37.5,37.5,37.5
9/12/2002,37.5,37.5,37.5
9/11/2002,37.5,37.5,37.5
9/10/2002,37.5,37.5,37.5
9/9/2002,37.5,37.5,37.5
9/6/2002,38,38,38
9/5/2002,38,38,38
9/4/2002,38,38,38
9/3/2002,38,38,38
8/30/2002,38,38,38
8/29/2002,37.4,37.4,37.4
8/28/2002,37.4,37.4,37.4
8/27/2002,37.5,37.5,37.5
8/26/2002,38.2,38.2,38.2
8/23/2002,38.2,38.2,38.2
8/22/2002,39.2,39.2,39.2
8/21/2002,38.9,38.9,38.9
8/20/2002,37.8,37.8,37.8
8/19/2002,37,37,37
8/16/2002,37,37,37
8/15/2002,36.5,36.5,36.5
8/14/2002,36.5,36.5,36.5
8/13/2002,36.5,36.5,36.5
8/12/2002,36.5,36.5,36.5
8/9/2002,36.5,36.5,36.5
8/8/2002,36.5,36.5,36.5
8/7/2002,36.6,36.6,36.6
8/6/2002,36.7,36.7,36.7
8/5/2002,36.7,36.7,36.7
8/2/2002,36.7,36.7,36.7
8/1/2002,36.7,36.7,36.7
7/31/2002,36.4,36.4,36.4
7/30/2002,37.1,37.1,37.1
7/29/2002,36.5,36.5,36.5
7/26/2002,35.8,35.8,35.8
7/25/2002,35.8,35.8,35.8
7/24/2002,36.5,36.5,36.5
7/23/2002,36.5,36.5,36.5
7/22/2002,35.8,35.8,35.8
7/19/2002,36.1,36.1,36.1
7/18/2002,36.8,36.8,36.8
7/17/2002,37.5,37.5,37.5
7/16/2002,37.7,37.7,37.7
7/15/2002,37.7,37.7,37.7
7/12/2002,37.7,37.7,37.7
7/11/2002,38.3,38.3,38.3
7/10/2002,38.8,38.8,38.8
7/9/2002,38.8,38.8,38.8
7/8/2002,38.8,38.8,38.8
7/5/2002,39.3,39.3,39.3
7/4/2002,38.8,38.8,38.8
7/3/2002,38.8,38.8,38.8
7/2/2002,38.8,38.8,38.8
7/1/2002,38.6,38.6,38.6
6/28/2002,38.9,38.9,38.9
6/27/2002,38.9,38.9,38.9
6/26/2002,38.9,38.9,38.9
6/25/2002,39.6,39.6,39.6
6/24/2002,39.6,39.6,39.6
6/21/2002,38.9,38.9,38.9
6/20/2002,38.2,38.2,38.2
6/19/2002,38.8,38.8,38.8
6/18/2002,38.8,38.8,38.8
6/17/2002,39,39,39
6/14/2002,39.5,39.5,39.5
6/13/2002,39,39,39
6/12/2002,39,39,39
6/11/2002,39.4,39.4,39.4
6/10/2002,39.4,39.4,39.4
6/7/2002,39.5,39.5,39.5
6/6/2002,39.5,39.5,39.5
6/5/2002,39.9,39.9,39.9
6/4/2002,39.9,39.9,39.9
6/3/2002,40,40,40
5/31/2002,39.5,39.5,39.5
5/30/2002,38.8,38.8,38.8
5/29/2002,38.7,38.7,38.7
5/28/2002,38.7,38.7,38.7
5/27/2002,39.3,39.3,39.3
5/24/2002,39.4,39.4,39.4
5/23/2002,39.4,39.4,39.4
5/22/2002,39.6,39.6,39.6
5/21/2002,39.4,39.4,39.4
5/20/2002,39.4,39.4,39.4
5/17/2002,40.1,40.1,40.1
5/16/2002,39.7,39.7,39.7
5/15/2002,40.4,40.4,40.4
5/14/2002,40.4,40.4,40.4
5/13/2002,40.4,40.4,40.4
5/10/2002,40.4,40.4,40.4
5/9/2002,39.7,39.7,39.7
5/8/2002,40.2,40.2,40.2
5/7/2002,40.9,40.9,40.9
5/6/2002,41.7,41.7,41.7
5/3/2002,41.7,41.7,41.7
5/2/2002,40.9,40.9,40.9
4/26/2002,40.3,40.3,40.3
4/25/2002,39.7,39.7,39.7
4/24/2002,39,39,39
4/23/2002,38.6,38.6,38.6
4/22/2002,38.9,38.9,38.9
4/19/2002,38.4,38.4,38.4
4/18/2002,38.4,38.4,38.4
4/17/2002,38,38,38
4/16/2002,38.1,38.1,38.1
4/15/2002,38.5,38.5,38.5
4/12/2002,38,38,38
4/11/2002,38,38,38
4/10/2002,38.3,38.3,38.3
4/9/2002,38.2,38.2,38.2
4/8/2002,38.2,38.2,38.2
4/5/2002,38.6,38.6,38.6
4/4/2002,38.6,38.6,38.6
4/3/2002,38,38,38
4/2/2002,38.5,38.5,38.5
4/1/2002,38.5,38.5,38.5
3/29/2002,37.8,37.8,37.8
3/28/2002,38.5,38.5,38.5
3/27/2002,39.2,39.2,39.2
3/26/2002,38.6,38.6,38.6
3/25/2002,37.9,37.9,37.9
3/22/2002,37.2,37.2,37.2
3/21/2002,37.9,37.9,37.9
3/20/2002,37.2,37.2,37.2
3/19/2002,37.9,37.9,37.9
3/18/2002,38.6,38.6,38.6
3/15/2002,39.3,39.3,39.3
3/14/2002,38.6,38.6,38.6
3/13/2002,37.9,37.9,37.9
3/12/2002,38.6,38.6,38.6
3/11/2002,39.3,39.3,39.3
3/8/2002,40.1,40.1,40.1
3/7/2002,40.9,40.9,40.9
3/6/2002,0,0,40.9
3/5/2002,0,0,40.9
3/4/2002,0,0,40.9
3/1/2002,0,0,40.9
2/27/2002,40.9,40.9,40.9
2/25/2002,41.7,41.7,41.7
2/22/2002,41.7,41.7,41.7
2/20/2002,42.5,42.5,42.5
2/18/2002,43.3,43.3,43.3
2/8/2002,44.1,44.1,44.1
2/6/2002,45,45,45
2/4/2002,45.9,45.9,45.9
2/1/2002,46.8,46.8,46.8
1/30/2002,46.8,46.8,46.8
1/28/2002,46.8,46.8,46.8
1/25/2002,45.9,45.9,45.9
1/23/2002,45,45,45
1/21/2002,45.9,45.9,45.9
1/18/2002,46.8,46.8,46.8
1/16/2002,47.7,47.7,47.7
1/14/2002,48.6,48.6,48.6
1/11/2002,49.5,49.5,49.5
1/9/2002,50.5,50.5,50.5
1/7/2002,51.5,51.5,51.5
1/4/2002,52.5,52.5,52.5
1/2/2002,55,55,55
12/31/2001,55,55,55
12/28/2001,56,56,56
12/26/2001,57,57,57
12/24/2001,57,57,57
12/21/2001,56,56,56
12/19/2001,55,55,55
12/17/2001,97.5,97.5,97.5
12/14/2001,97.5,97.5,97.5
12/12/2001,99,99,99
12/10/2001,99,99,99
12/7/2001,99,99,99
12/5/2001,99,99,99
12/3/2001,99,99,99
11/30/2001,101,101,101
11/28/2001,102,102,102
11/26/2001,104,104,104
11/23/2001,106,106,106
11/21/2001,108,108,108
11/19/2001,110,110,110
11/16/2001,110,110,110
11/14/2001,108,108,108
11/12/2001,106,106,106
11/9/2001,104,104,104
11/7/2001,102,102,102
11/5/2001,100,100,100
11/2/2001,98.5,98.5,98.5
10/31/2001,97,97,97
10/29/2001,95.5,95.5,95.5
10/26/2001,94,94,94
10/24/2001,92.5,92.5,92.5
10/22/2001,91,91,91
10/19/2001,89.5,89.5,89.5
10/17/2001,88,88,88
10/15/2001,86.5,86.5,86.5
10/12/2001,85,85,85
10/10/2001,83.5,83.5,83.5
10/8/2001,82,82,82
10/5/2001,77,77,77
10/3/2001,82.5,82.5,82.5
10/1/2001,82.5,82.5,82.5
9/28/2001,82.5,82.5,82.5
9/26/2001,82.5,82.5,82.5
9/24/2001,82.5,82.5,82.5
9/21/2001,82.5,82.5,82.5
9/19/2001,88,88,88
9/17/2001,82.5,82.5,82.5
9/14/2001,82.5,82.5,82.5
9/12/2001,82.5,82.5,82.5
9/10/2001,88.5,88.5,88.5
9/7/2001,95,95,95
9/5/2001,89,89,89
8/31/2001,83.5,83.5,83.5
8/29/2001,78.5,78.5,78.5
8/27/2001,84,84,84
8/24/2001,90,90,90
8/22/2001,90,90,90
8/20/2001,87,87,87
8/17/2001,82.5,82.5,82.5
8/15/2001,82.5,82.5,82.5
8/13/2001,88.5,88.5,88.5
8/10/2001,95,95,95
8/8/2001,89,89,89
8/6/2001,83.5,83.5,83.5
8/3/2001,89.5,89.5,89.5
8/1/2001,96,96,96
7/30/2001,103,103,103
7/27/2001,110,110,110
7/25/2001,118,118,118
7/23/2001,111,111,111
7/20/2001,111,111,111
7/18/2001,104,104,104
7/16/2001,98,98,98
7/13/2001,105,105,105
7/11/2001,112,112,112
7/9/2001,120,120,120
7/6/2001,120,120,120
7/4/2001,116,116,116
7/2/2001,109,109,109
6/29/2001,109,109,109
6/27/2001,117,117,117
6/25/2001,127,127,127
6/22/2001,136,136,136
6/20/2001,146,146,146
6/18/2001,138,138,138
6/15/2001,129,129,129
6/13/2001,121,121,121
6/11/2001,114,114,114
6/8/2001,116,116,116
6/6/2001,114,114,114
6/4/2001,112,112,112
6/1/2001,110,110,110
5/30/2001,108,108,108
5/28/2001,106,106,106
5/25/2001,104,104,104
5/23/2001,102,102,102
5/21/2001,100,100,100
5/18/2001,99,99,99
5/16/2001,97.5,97.5,97.5
5/14/2001,96,96,96
5/11/2001,94.5,94.5,94.5
5/9/2001,93,93,93
5/7/2001,91.5,91.5,91.5
5/4/2001,90,90,90
5/2/2001,88.5,88.5,88.5
4/27/2001,87,87,87
4/25/2001,85.5,85.5,85.5
4/23/2001,84,84,84
4/20/2001,82.5,82.5,82.5
4/18/2001,81,81,81
4/16/2001,79.5,79.5,79.5
4/13/2001,78,78,78
4/11/2001,76.5,76.5,76.5
4/9/2001,75,75,75
4/6/2001,74,74,74
4/4/2001,73,73,73
4/2/2001,72,72,72
3/30/2001,71,71,71
3/28/2001,70,70,70
3/26/2001,69,69,69
3/23/2001,68,68,68
3/21/2001,67,67,67
3/19/2001,66,66,66
3/16/2001,65,65,65
3/14/2001,64,64,64
3/12/2001,63,63,63
3/9/2001,62,62,62
3/7/2001,61,61,61
3/5/2001,60,60,60
3/2/2001,59,59,59
2/28/2001,58,58,58
2/26/2001,57,57,57
2/23/2001,56,56,56
2/21/2001,55,55,55
2/19/2001,56,56,56
2/16/2001,55,55,55
2/14/2001,54,54,54
2/12/2001,55,55,55
2/9/2001,56,56,56
2/7/2001,55,55,55
2/5/2001,54,54,54
2/2/2001,53,53,53
1/31/2001,52,52,52
1/29/2001,51,51,51
1/19/2001,50,50,50
1/17/2001,49.3,49.3,49.3
1/15/2001,48.4,48.4,48.4
1/12/2001,47.5,47.5,47.5
1/10/2001,48.4,48.4,48.4
1/8/2001,47.5,47.5,47.5
1/5/2001,46.6,46.6,46.6
1/3/2001,45.7,45.7,45.7
12/29/2000,44.9,44.9,44.9
12/27/2000,44.1,44.1,44.1
12/25/2000,43.3,43.3,43.3
12/22/2000,42.5,42.5,42.5
12/20/2000,41.7,41.7,41.7
12/18/2000,40.9,40.9,40.9
12/15/2000,40.1,40.1,40.1
12/13/2000,39.4,39.4,39.4
12/11/2000,39.6,39.6,39.6
12/8/2000,38.9,38.9,38.9
12/6/2000,38.2,38.2,38.2
12/4/2000,37.5,37.5,37.5
12/1/2000,36.8,36.8,36.8
11/29/2000,36.1,36.1,36.1
11/27/2000,35.4,35.4,35.4
11/24/2000,34.8,34.8,34.8
11/22/2000,34.2,34.2,34.2
11/20/2000,33.6,33.6,33.6
11/17/2000,33,33,33
11/15/2000,32.4,32.4,32.4
11/13/2000,31.8,31.8,31.8
11/10/2000,31.2,31.2,31.2
11/8/2000,30.6,30.6,30.6
11/6/2000,30,30,30
11/3/2000,29.5,29.5,29.5
11/1/2000,29,29,29
10/30/2000,28.5,28.5,28.5
10/27/2000,28,28,28
10/25/2000,27.5,27.5,27.5
10/23/2000,27,27,27
10/20/2000,26.5,26.5,26.5
10/18/2000,26,26,26
10/16/2000,25.5,25.5,25.5
10/13/2000,25,25,25
10/11/2000,24.6,24.6,24.6
10/9/2000,24.2,24.2,24.2
10/6/2000,23.8,23.8,23.8
10/4/2000,23.4,23.4,23.4
10/2/2000,23,23,23
9/29/2000,22.6,22.6,22.6
9/27/2000,22.2,22.2,22.2
9/25/2000,21.8,21.8,21.8
9/22/2000,21.4,21.4,21.4
9/20/2000,21,21,21
9/18/2000,20.6,20.6,20.6
9/15/2000,20.2,20.2,20.2
9/13/2000,19.9,19.9,19.9
9/11/2000,19.6,19.6,19.6
9/8/2000,19.3,19.3,19.3
9/6/2000,19,19,19
9/1/2000,18.7,18.7,18.7
8/30/2000,19.3,19.3,19.3
8/28/2000,19,19,19
8/25/2000,18.7,18.7,18.7
8/23/2000,18.4,18.4,18.4
8/21/2000,18.1,18.1,18.1
8/18/2000,17.8,17.8,17.8
8/16/2000,17.5,17.5,17.5
8/14/2000,17.2,17.2,17.2
8/11/2000,16.9,16.9,16.9
8/9/2000,16.6,16.6,16.6
8/7/2000,16.3,16.3,16.3
8/4/2000,16,16,16
