MaCK,Ngay,GiaMoCua,GiaCaoNhat,GiaThapNhat,GiaDongCua,KhoiLuongGD,GiaTran,GiaSan,GiaThamChieu,TangGiam,%,GDThoaThuan,NNMua,NNBanCOM,SMA5,SMA10,SMA20,SMA50,GUESS_SMA5_SMA20,GUESS_SMA10_SMA50,CCI
DXV,12/21/2009 12:00:00 AM,10,10.1,10,10.1,20720,10.1,9.3,9.7,0.4,4.12,0,0,0,null,null,null,null,null,null,0
DXV,12/18/2009 12:00:00 AM,9.3,9.7,9.3,9.7,20810,9.7,8.9,9.3,0.4,4.3,0,0,0,null,null,null,null,null,null,0
DXV,12/17/2009 12:00:00 AM,9.5,9.5,8.9,9.3,48070,9.7,8.9,9.3,0,0,0,1000,0,null,null,null,null,null,null,0
DXV,12/16/2009 12:00:00 AM,9.7,9.7,9.3,9.3,25990,10.1,9.3,9.7,-0.4,-4.12,0,1000,0,null,null,null,null,null,null,0
DXV,12/15/2009 12:00:00 AM,9.6,10,9.6,9.7,21990,10.5,9.5,10,-0.3,-3,0,1050,0,9.62,null,null,null,null,null,0
DXV,12/14/2009 12:00:00 AM,9.5,10,9.5,10,26140,10,9.2,9.6,0.4,4.17,0,0,0,9.6,null,null,null,null,null,0
DXV,12/11/2009 12:00:00 AM,10,10,9.6,9.6,31350,10.5,9.5,10,-0.4,-4,0,0,0,9.58,null,null,null,null,null,0
DXV,12/10/2009 12:00:00 AM,10,10.5,10,10,28740,10.5,9.5,10,0,0,0,0,0,9.719999,null,null,null,null,null,0
DXV,12/9/2009 12:00:00 AM,10.1,10.5,10,10,50280,11,10,10.5,-0.5,-4.76,0,0,0,9.86,null,null,null,null,null,0
DXV,12/8/2009 12:00:00 AM,10.8,11.1,10.5,10.5,49850,11.5,10.5,11,-0.5,-4.55,0,0,0,10.02,9.82,null,null,null,null,0
DXV,12/7/2009 12:00:00 AM,11,11.1,0,11,22750,11.5,10.5,11,0,0,0,0,0,10.22,9.91,null,null,null,null,0
DXV,12/4/2009 12:00:00 AM,11.2,11.3,10.8,11,28040,11.5,10.5,11,0,0,0,0,0,10.5,10.04,null,null,null,null,0
DXV,12/3/2009 12:00:00 AM,11.2,11.4,11,11,66830,12,11,11.5,-0.5,-4.35,0,0,0,10.7,10.21,null,null,null,null,0
DXV,12/2/2009 12:00:00 AM,11.5,12.4,11.4,11.5,40580,12.6,11.4,12,-0.5,-4.17,0,0,0,11,10.43,null,null,null,null,0
DXV,12/1/2009 12:00:00 AM,12.5,12.5,12,12,30080,12.6,11.4,12,0,0,0,0,0,11.3,10.66,null,null,null,null,0
DXV,11/30/2009 12:00:00 AM,12.2,12.2,12,12,42230,12.6,11.4,12,0,0,0,0,0,11.5,10.86,null,null,null,null,0
DXV,11/27/2009 12:00:00 AM,11,12,11,12,132370,12,11,11.5,0.5,4.35,0,50,25840,11.7,11.1,null,null,null,null,0
DXV,11/26/2009 12:00:00 AM,11.5,11.5,11.5,11.5,22950,12.7,11.5,12.1,-0.6,-4.96,0,50,0,11.8,11.25,null,null,null,null,0
DXV,11/25/2009 12:00:00 AM,12.5,12.5,12.1,12.1,48610,13.3,12.1,12.7,-0.6,-4.72,0,0,0,11.92,11.46,null,null,null,null,0
DXV,11/24/2009 12:00:00 AM,12.6,12.9,12.6,12.7,42260,13.4,12.2,12.8,-0.1,-0.78,0,0,0,12.06,11.68,10.75,null,null,null,Infinity
DXV,11/23/2009 12:00:00 AM,13.1,13.1,12.5,12.8,49420,13.6,12.4,13,-0.2,-1.54,0,0,0,12.22,11.86,10.885,null,null,null,1.37101
DXV,11/20/2009 12:00:00 AM,12.7,13,12.7,13,107620,13,11.8,12.4,0.6,4.84,0,0,0,12.42,12.06,11.05,null,null,null,1.399961
DXV,11/19/2009 12:00:00 AM,12.8,12.9,12.4,12.4,105300,13,11.8,12.4,0,0,0,0,0,12.6,12.2,11.205,null,null,null,1.114326
DXV,11/18/2009 12:00:00 AM,12.6,13,12.4,12.4,35230,13.2,12,12.6,-0.2,-1.59,0,0,0,12.66,12.29,11.36,null,null,null,1.065108
DXV,11/17/2009 12:00:00 AM,0,12.7,12.5,12.6,28890,13.3,12.1,12.7,-0.1,-0.79,0,0,0,12.64,12.35,11.505,null,null,null,0.9952803
DXV,11/16/2009 12:00:00 AM,12.7,13.2,12.7,12.7,23420,13.6,12.4,13,-0.3,-2.31,0,0,0,12.62,12.42,11.64,null,null,null,1.139919
DXV,11/13/2009 12:00:00 AM,12.8,13,12.8,13,15280,13.8,12.6,13.2,-0.2,-1.52,0,0,0,12.62,12.52,11.81,null,null,null,1.128925
DXV,11/12/2009 12:00:00 AM,12.7,13.2,12.7,13.2,46880,13.8,12.6,12.7,0.5,3.94,0,0,0,12.78,12.69,11.97,null,null,null,1.13796
DXV,11/11/2009 12:00:00 AM,12.3,13,12.3,12.7,30040,13.1,11.9,12.5,0.2,1.6,0,70,0,12.84,12.75,12.105,null,null,null,0.7453162
DXV,11/10/2009 12:00:00 AM,13.2,13.2,12.4,12.5,61060,13.3,12.1,12.7,-0.2,-1.57,0,0,0,12.82,12.73,12.205,null,null,null,0.7072698
DXV,11/9/2009 12:00:00 AM,13,13.2,12.7,12.7,85250,13.9,12.7,13.3,-0.6,-4.51,0,0,0,12.82,12.72,12.29,null,null,null,0.8315135
DXV,11/6/2009 12:00:00 AM,14.3,14.3,13.3,13.3,57960,14.5,13.3,13.9,-0.6,-4.32,0,0,0,12.88,12.75,12.405,null,null,null,1.414982
DXV,11/5/2009 12:00:00 AM,13.6,13.9,13.5,13.9,45600,13.9,12.7,13.3,0.6,4.51,0,0,0,13.02,12.9,12.55,null,null,null,1.542057
DXV,11/4/2009 12:00:00 AM,12.9,13.5,12.6,13.3,89380,13.5,12.3,12.9,0.4,3.1,0,0,0,13.14,12.99,12.64,null,null,null,0.6919057
DXV,11/3/2009 12:00:00 AM,13.8,13.8,12.9,12.9,99420,14.1,12.9,13.5,-0.6,-4.44,0,0,0,13.22,13.02,12.685,null,null,null,0.7749938
DXV,11/2/2009 12:00:00 AM,13.5,14,13.3,13.5,64960,14.5,13.3,13.9,-0.4,-2.88,0,1500,0,13.38,13.1,12.76,null,null,null,1.474784
DXV,10/30/2009 12:00:00 AM,13.9,13.9,13.4,13.9,125310,13.9,12.7,13.3,0.6,4.51,0,0,0,13.5,13.19,12.855,null,null,null,1.828226
DXV,10/29/2009 12:00:00 AM,13.3,13.6,13.3,13.3,132720,14.7,13.3,14,-0.7,-5,0,0,0,13.38,13.2,12.945,null,null,null,1.155008
DXV,10/28/2009 12:00:00 AM,14,14.6,13.9,14,110120,15.3,13.9,14.6,-0.6,-4.11,0,0,0,13.52,13.33,13.04,null,null,null,3.362238
DXV,10/27/2009 12:00:00 AM,14.6,14.7,14.6,14.6,76880,16,14.6,15.3,-0.7,-4.58,0,0,0,13.86,13.54,13.135,null,True,True,5.816016
DXV,10/26/2009 12:00:00 AM,16,16.2,15.3,15.3,124520,16.9,15.3,16.1,-0.8,-4.97,0,0,0,14.22,13.8,13.26,null,null,null,9.263463
DXV,10/23/2009 12:00:00 AM,16.1,16.1,15.4,16.1,573340,16.1,14.7,15.4,0.7,4.55,0,1250,7000,14.66,14.08,13.415,null,null,null,9.649278
DXV,10/22/2009 12:00:00 AM,15.9,15.9,14.8,15.4,679410,15.9,14.5,15.2,0.2,1.32,0,0,0,15.08,14.23,13.565,null,null,null,7.070778
DXV,10/21/2009 12:00:00 AM,15.2,15.2,15.2,15.2,135450,15.2,13.8,14.5,0.7,4.83,0,0,0,15.32,14.42,13.705,null,null,null,5.855338
DXV,10/20/2009 12:00:00 AM,14.5,14.5,14.5,14.5,63210,14.5,13.3,13.9,0.6,4.32,0,0,0,15.3,14.58,13.8,null,null,null,2.765272
DXV,10/19/2009 12:00:00 AM,13.2,13.9,13.2,13.9,331860,13.9,12.7,13.3,0.6,4.51,0,7000,0,15.02,14.62,13.86,null,null,null,-0.6583061
DXV,10/16/2009 12:00:00 AM,13.3,13.4,13,13.3,120360,13.9,12.7,13.3,0,0,0,0,0,14.46,14.56,13.875,null,null,null,-2.528436
DXV,10/15/2009 12:00:00 AM,13.5,13.8,13.2,13.3,142850,14,12.8,13.4,-0.1,-0.75,0,0,0,14.04,14.56,13.88,null,null,null,-1.914065
DXV,10/14/2009 12:00:00 AM,12.9,13.4,12.9,13.4,122150,13.4,12.2,12.8,0.6,4.69,0,0,500,13.68,14.5,13.915,null,null,null,-2.971635
DXV,10/13/2009 12:00:00 AM,13,13.1,12.8,12.8,57780,14,12.8,13.4,-0.6,-4.48,0,0,0,13.34,14.32,13.93,12.418,null,null,-4.754871
DXV,10/12/2009 12:00:00 AM,13.4,13.4,13.2,13.4,160670,13.4,12.2,12.8,0.6,4.69,0,0,0,13.24,14.13,13.965,12.484,null,null,-3.003648
DXV,10/9/2009 12:00:00 AM,12.5,12.8,12.5,12.8,94540,12.8,11.6,12.2,0.6,4.92,0,0,0,13.14,13.8,13.94,12.546,null,null,-6.434992
DXV,10/8/2009 12:00:00 AM,12.5,12.8,12.2,12.2,44220,13.1,11.9,12.5,-0.3,-2.4,0,0,0,12.92,13.48,13.855,12.604,False,null,-8.490224
DXV,10/7/2009 12:00:00 AM,12.4,12.9,12.4,12.5,50300,12.9,11.7,12.3,0.2,1.63,0,0,0,12.74,13.21,13.815,12.668,null,null,-7.887771
DXV,10/6/2009 12:00:00 AM,12.4,12.4,12.1,12.3,60670,13,11.8,12.4,-0.1,-0.81,0,0,0,12.64,12.99,13.785,12.72,null,null,-10.66081
DXV,10/5/2009 12:00:00 AM,12.5,12.5,12.3,12.4,44080,13,11.8,12.4,0,0,0,0,0,12.44,12.84,13.73,12.768,null,null,-10.53796
DXV,10/2/2009 12:00:00 AM,12.4,12.6,12.3,12.4,66100,13.5,12.3,12.9,-0.5,-3.88,0,0,0,12.36,12.75,13.655,12.824,null,null,-11.22885
DXV,10/1/2009 12:00:00 AM,13.4,13.4,12.9,12.9,57900,14,12.8,13.4,-0.5,-3.73,0,0,0,12.5,12.71,13.635,12.882,null,null,-6.020321
DXV,9/30/2009 12:00:00 AM,13,13.4,13,13.4,170120,13.4,12.2,12.8,0.6,4.69,0,0,0,12.68,12.71,13.605,12.95,null,null,-4.159879
DXV,9/29/2009 12:00:00 AM,12.7,13,12.6,12.8,72270,13.3,12.1,12.7,0.1,0.79,0,0,5000,12.78,12.71,13.515,12.996,null,null,-9.909236
DXV,9/28/2009 12:00:00 AM,13.1,13.1,12.7,12.7,92480,13.7,12.5,13.1,-0.4,-3.05,0,0,13000,12.84,12.64,13.385,13.03,null,null,-10.56316
DXV,9/25/2009 12:00:00 AM,12.8,13.2,12.8,13.1,24210,13.6,12.4,13,0.1,0.77,0,0,0,12.98,12.67,13.235,13.072,null,null,-8.086792
DXV,9/24/2009 12:00:00 AM,13,13.1,12.6,13,67750,13.8,12.6,13.2,-0.2,-1.52,0,0,0,13,12.75,13.115,13.112,null,null,-15.30828
DXV,9/23/2009 12:00:00 AM,13.8,13.8,13.2,13.2,135820,13.8,12.6,13.2,0,0,0,0,1000,12.96,12.82,13.015,13.146,null,null,47.0638
DXV,9/22/2009 12:00:00 AM,13.4,13.8,13.2,13.2,160720,14.4,13.2,13.8,-0.6,-4.35,0,0,2000,13.04,12.91,12.95,13.17,null,null,-148.9956
DXV,9/21/2009 12:00:00 AM,13.7,13.8,13.6,13.8,191040,13.8,12.6,13.2,0.6,4.55,0,18000,0,13.26,13.05,12.945,13.206,True,null,-166.11
DXV,9/18/2009 12:00:00 AM,13.2,13.5,13.1,13.2,103720,14.2,13,13.6,-0.4,-2.94,0,2000,0,13.28,13.13,12.94,13.23,null,null,108.0207
DXV,9/17/2009 12:00:00 AM,13.7,13.8,13.3,13.6,87740,14.2,13,13.6,0,0,0,0,0,13.4,13.2,12.955,13.272,null,null,59.74562
DXV,9/16/2009 12:00:00 AM,14.1,14.1,13.6,13.6,340190,14.1,12.9,13.5,0.1,0.74,0,0,500,13.48,13.22,12.965,13.302,null,null,43.64844
DXV,9/15/2009 12:00:00 AM,13.5,13.5,13.4,13.5,152620,13.5,12.3,12.9,0.6,4.65,0,0,0,13.54,13.29,13,13.318,null,null,15.77358
DXV,9/14/2009 12:00:00 AM,12.8,13,12.7,12.9,80390,13.2,12,12.6,0.3,2.38,0,0,0,13.36,13.31,12.975,13.32,null,null,-4.046541
DXV,9/11/2009 12:00:00 AM,12.9,12.9,12.6,12.6,89620,13.2,12,12.6,0,0,0,0,0,13.24,13.26,12.965,13.312,null,null,-6.946395
DXV,9/10/2009 12:00:00 AM,12.6,12.9,12.3,12.6,92110,13.2,12,12.6,0,0,0,0,4500,13.04,13.22,12.985,13.316,null,null,-7.955831
DXV,9/9/2009 12:00:00 AM,12.6,13,12.6,12.6,116810,13.5,12.3,12.9,-0.3,-2.33,0,0,100,12.84,13.16,12.99,13.32,null,null,-4.810087
DXV,9/8/2009 12:00:00 AM,12.9,13.1,12.6,12.9,120430,13.5,12.3,12.9,0,0,0,0,0,12.72,13.13,13.02,13.326,null,null,-2.384488
DXV,9/7/2009 12:00:00 AM,12.9,13,12.9,12.9,105250,14.1,12.9,13.5,-0.6,-4.44,0,0,1000,12.72,13.04,13.045,13.33,null,null,-1.587252
DXV,9/4/2009 12:00:00 AM,13.5,14.4,13.5,13.5,241890,14.9,13.5,14.2,-0.7,-4.93,0,0,0,12.9,13.07,13.1,13.34,null,null,8.37961
DXV,9/3/2009 12:00:00 AM,14.2,14.2,13,14.2,654830,14.2,13,13.6,0.6,4.41,0,5100,0,13.22,13.13,13.165,13.36,null,null,6.476599
DXV,9/2/2009 12:00:00 AM,0,0,0,13.6,0,13.6,12.4,13.6,0,0,0,0,0,13.42,13.13,13.175,13.378,null,null,-78.94508
DXV,9/1/2009 12:00:00 AM,13.6,13.6,13.6,13.6,150340,13.6,12.4,13,0.6,4.62,0,0,0,13.56,13.14,13.215,13.4,null,null,17.98967
DXV,8/31/2009 12:00:00 AM,13,13,13,13,92170,13,11.8,12.4,0.6,4.84,0,0,0,13.58,13.15,13.23,13.406,null,null,3.560922
DXV,8/28/2009 12:00:00 AM,12.4,12.4,12.4,12.4,174510,12.4,11.4,11.9,0.5,4.2,0,3000,0,13.36,13.13,13.195,13.388,null,null,-6.16494
DXV,8/27/2009 12:00:00 AM,11.8,11.9,11.8,11.9,217850,11.9,10.9,11.4,0.5,4.39,0,0,0,12.9,13.06,13.14,13.348,null,null,-14.25745
DXV,8/26/2009 12:00:00 AM,10.9,11.4,10.9,11.4,105160,11.4,10.4,10.9,0.5,4.59,0,0,0,12.46,12.94,13.05,13.31,null,null,-25.56811
DXV,8/25/2009 12:00:00 AM,11.1,11.3,10.9,10.9,56500,11.8,10.8,11.3,-0.4,-3.54,0,1000,0,11.92,12.74,12.935,13.27,null,null,-35.7679
DXV,8/24/2009 12:00:00 AM,11,11.3,10.9,11.3,57630,11.6,10.6,11.1,0.2,1.8,0,0,0,11.58,12.58,12.81,13.226,null,null,-45.69325
DXV,8/21/2009 12:00:00 AM,11.2,11.5,11,11.1,97010,11.7,10.7,11.2,-0.1,-0.89,0,300,0,11.32,12.34,12.705,13.17,null,null,-87.38412
DXV,8/20/2009 12:00:00 AM,11.3,11.4,11,11.2,67960,11.5,10.5,11,0.2,1.82,0,0,0,11.18,12.04,12.585,13.128,null,null,-449.7068
DXV,8/19/2009 12:00:00 AM,10.9,11.2,10.9,11,64810,11.4,10.4,10.9,0.1,0.92,0,0,0,11.1,11.78,12.455,13.068,null,null,110.4958
DXV,8/18/2009 12:00:00 AM,10.6,10.9,10.6,10.9,32220,11.4,10.4,10.9,0,0,0,0,500,11.1,11.51,12.325,12.994,null,null,50.04214
DXV,8/17/2009 12:00:00 AM,11,11.2,10.9,10.9,46780,11.8,10.8,11.3,-0.4,-3.54,0,0,0,11.02,11.3,12.225,12.906,null,null,23.92884
DXV,8/14/2009 12:00:00 AM,11.4,11.4,11.2,11.3,58760,11.9,10.9,11.4,-0.1,-0.88,0,0,0,11.06,11.19,12.16,12.81,null,null,11.38043
DXV,8/13/2009 12:00:00 AM,12,12,11.4,11.4,168390,12.4,11.4,11.9,-0.5,-4.2,0,0,0,11.1,11.14,12.1,12.73,null,null,2.442491
DXV,8/12/2009 12:00:00 AM,12.1,12.1,11.7,11.9,192830,12.1,11.1,11.6,0.3,2.59,0,0,0,11.28,11.19,12.065,12.664,null,null,-6.028903
DXV,8/11/2009 12:00:00 AM,11.6,11.6,11.3,11.6,213370,11.6,10.6,11.1,0.5,4.5,0,0,0,11.42,11.26,12,12.606,null,null,3.095336
DXV,8/10/2009 12:00:00 AM,10.9,11.1,10.8,11.1,112060,11.1,10.1,10.6,0.5,4.72,0,0,0,11.46,11.24,11.91,12.55,null,null,15.11751
DXV,8/7/2009 12:00:00 AM,10.8,10.8,10.6,10.6,18500,11.1,10.1,10.6,0,0,0,0,0,11.32,11.19,11.765,12.496,null,null,20.02949
DXV,8/6/2009 12:00:00 AM,10.6,10.9,10.6,10.6,33280,11.2,10.2,10.7,-0.1,-0.93,0,0,0,11.16,11.13,11.585,12.442,null,null,11.88958
DXV,8/5/2009 12:00:00 AM,10.5,10.7,10.5,10.7,32940,11.3,10.3,10.8,-0.1,-0.93,0,0,0,10.92,11.1,11.44,12.388,null,null,8.559951
DXV,8/4/2009 12:00:00 AM,10.9,10.9,10.6,10.8,26000,11.4,10.4,10.9,-0.1,-0.92,0,0,0,10.76,11.09,11.3,12.348,null,null,710.05
DXV,8/3/2009 12:00:00 AM,10.7,11,10.7,10.9,20240,11.5,10.5,11,-0.1,-0.91,0,0,0,10.72,11.09,11.195,12.298,null,False,35.847
DXV,7/31/2009 12:00:00 AM,10.7,11,10.7,11,56540,11.2,10.2,10.7,0.3,2.8,0,0,0,10.8,11.06,11.125,12.262,null,null,17.4075
DXV,7/30/2009 12:00:00 AM,10.5,10.7,10.5,10.7,64800,11.1,10.1,10.6,0.1,0.94,0,0,0,10.82,10.99,11.065,12.232,null,null,29.75305
DXV,7/29/2009 12:00:00 AM,10.3,10.6,10.1,10.6,79910,10.6,9.6,10.1,0.5,4.95,0,0,0,10.8,10.86,11.025,12.194,null,null,45.91452
DXV,7/28/2009 12:00:00 AM,10.4,10.5,10.1,10.1,39730,11,10,10.5,-0.4,-3.81,0,0,0,10.66,10.71,10.985,12.15,null,null,98.52177
DXV,7/27/2009 12:00:00 AM,11.1,11.1,10.5,10.5,45970,11.2,10.2,10.7,-0.2,-1.87,0,0,0,10.58,10.65,10.945,12.112,null,null,94.96439
DXV,7/24/2009 12:00:00 AM,10.7,10.7,10.7,10.7,71560,10.7,9.7,10.2,0.5,4.9,0,0,0,10.52,10.66,10.925,12.078,null,null,-63.94363
DXV,7/23/2009 12:00:00 AM,9.9,10.2,9.9,10.2,27820,10.3,9.5,9.9,0.3,3.03,0,0,0,10.42,10.62,10.875,12.024,null,null,-82.94276
DXV,7/22/2009 12:00:00 AM,10.2,10.2,9.9,9.9,4880,10.5,9.5,10,-0.1,-1,0,0,0,10.28,10.54,10.82,11.954,False,null,-80.77479
DXV,7/21/2009 12:00:00 AM,9.9,10.1,9.9,10,19290,10.3,9.5,9.9,0.1,1.01,0,0,0,10.26,10.46,10.775,11.898,null,null,-71.29768
DXV,7/20/2009 12:00:00 AM,9.7,9.9,9.7,9.9,73040,10.7,9.7,10.2,-0.3,-2.94,0,0,1000,10.14,10.36,10.725,11.842,null,null,-70.90593
DXV,7/17/2009 12:00:00 AM,10.4,10.5,10.2,10.2,15580,10.9,9.9,10.4,-0.2,-1.92,0,0,0,10.04,10.28,10.67,11.784,null,null,-35.05982
DXV,7/16/2009 12:00:00 AM,10.8,10.8,10.4,10.4,18520,11,10,10.5,-0.1,-0.95,0,0,0,10.08,10.25,10.62,11.732,null,null,-11.72783
DXV,7/15/2009 12:00:00 AM,10.5,10.6,10.5,10.5,7690,11,10,10.5,0,0,0,0,0,10.2,10.24,10.55,11.678,null,null,-7.669396
DXV,7/14/2009 12:00:00 AM,10.5,10.5,10.1,10.5,27570,11,10,10.5,0,0,0,0,0,10.3,10.28,10.495,11.624,null,null,-21.76533
DXV,7/13/2009 12:00:00 AM,10.5,10.5,10.2,10.5,26420,11,10,10.5,0,0,0,0,0,10.42,10.28,10.465,11.558,null,null,-12.7518
DXV,7/10/2009 12:00:00 AM,10.7,10.7,10.5,10.5,55790,11,10,10.5,0,0,0,2200,0,10.48,10.26,10.46,11.504,null,null,10.06697
DXV,7/9/2009 12:00:00 AM,10.6,10.7,10.5,10.5,23400,11,10,10.5,0,0,0,500,0,10.5,10.29,10.455,11.442,null,null,6.860292
DXV,7/8/2009 12:00:00 AM,10.1,10.5,10.1,10.5,28690,10.8,9.8,10.3,0.2,1.94,0,0,0,10.5,10.35,10.445,11.38,null,null,-4.415941
DXV,7/7/2009 12:00:00 AM,10.5,10.6,10.2,10.3,41320,11,10,10.5,-0.2,-1.9,0,0,0,10.46,10.38,10.42,11.316,null,null,-2.928746
DXV,7/6/2009 12:00:00 AM,10.3,10.5,10.3,10.5,30570,10.5,9.5,10,0.5,5,0,0,0,10.46,10.44,10.4,11.268,null,null,0.4682487
DXV,7/3/2009 12:00:00 AM,9.5,10,9.5,10,38130,10.5,9.5,10,0,0,0,0,0,10.36,10.42,10.35,11.216,null,null,-18.20386
DXV,7/2/2009 12:00:00 AM,9.6,10.3,9.6,10,62860,10.5,9.5,10,0,0,0,0,0,10.26,10.38,10.315,11.164,null,null,-13.304
DXV,7/1/2009 12:00:00 AM,10,10,10,10,18120,11,10,10.5,-0.5,-4.76,0,0,0,10.16,10.33,10.285,11.112,null,null,-10.83116
DXV,6/30/2009 12:00:00 AM,10.9,11,10.5,10.5,40650,11.5,10.5,11,-0.5,-4.55,0,0,0,10.2,10.33,10.305,11.064,null,null,12.22488
DXV,6/29/2009 12:00:00 AM,11,11.3,10.8,11,25190,11.5,10.5,11,0,0,0,0,0,10.3,10.38,10.33,11.026,null,null,18.40443
DXV,6/26/2009 12:00:00 AM,11,11.2,10.9,11,58240,11.8,10.8,11.3,-0.3,-2.65,0,0,0,10.5,10.43,10.345,10.976,null,null,15.15341
DXV,6/25/2009 12:00:00 AM,11.8,11.8,11.3,11.3,61200,11.8,10.8,11.3,0,0,0,0,0,10.76,10.51,10.4,10.918,null,True,20.95617
DXV,6/24/2009 12:00:00 AM,10.4,11.3,10.4,11.3,56860,11.3,10.3,10.8,0.5,4.63,0,0,0,11.02,10.59,10.47,10.872,null,null,8.661032
DXV,6/23/2009 12:00:00 AM,10.8,10.8,10.8,10.8,22730,11.8,10.8,11.3,-0.5,-4.42,0,0,0,11.08,10.64,10.51,10.816,null,null,4.2998
DXV,6/22/2009 12:00:00 AM,11.3,11.5,11.3,11.3,52960,12.3,11.3,11.8,-0.5,-4.24,0,0,0,11.14,10.72,10.58,10.782,null,null,9.959275
DXV,6/19/2009 12:00:00 AM,12.5,12.5,11.8,11.8,83150,12.7,11.5,12.1,-0.3,-2.48,0,0,100,11.3,10.9,10.66,10.77,null,null,14.5571
DXV,6/18/2009 12:00:00 AM,12.7,13.3,12.1,12.1,130450,13.3,12.1,12.7,-0.6,-4.72,0,0,2000,11.46,11.11,10.745,10.774,null,null,16.14751
DXV,6/17/2009 12:00:00 AM,12.7,12.7,12.7,12.7,33830,13.9,12.7,13.3,-0.6,-4.51,0,0,0,11.74,11.38,10.855,10.8,null,null,15.12465
DXV,6/16/2009 12:00:00 AM,13.3,13.5,13.3,13.3,80800,14.7,13.3,14,-0.7,-5,0,0,0,12.24,11.66,10.995,10.848,True,null,17.48643
DXV,6/15/2009 12:00:00 AM,13.3,14.2,13.3,14,197360,14.7,13.3,14,0,0,0,1000,310,12.78,11.96,11.17,10.902,null,null,17.31903
DXV,6/12/2009 12:00:00 AM,14,14,14,14,74890,14,12.8,13.4,0.6,4.48,0,0,0,13.22,12.26,11.345,10.96,null,null,15.26018
DXV,6/11/2009 12:00:00 AM,13.4,13.4,13.4,13.4,128070,13.4,12.2,12.8,0.6,4.69,0,2000,2000,13.48,12.47,11.49,11.004,null,null,9.964914
DXV,6/10/2009 12:00:00 AM,13.9,13.9,12.7,12.8,473090,13.9,12.7,13.3,-0.5,-3.76,0,0,10000,13.5,12.62,11.605,11.04,null,null,7.438809
DXV,6/9/2009 12:00:00 AM,13.3,13.3,13.3,13.3,88770,13.3,12.1,12.7,0.6,4.72,0,0,0,13.5,12.87,11.755,11.088,null,null,7.151528
DXV,6/8/2009 12:00:00 AM,12.7,12.7,12.7,12.7,3860,12.7,11.5,12.1,0.6,4.96,0,0,0,13.24,13.01,11.865,11.124,null,null,3.716063
DXV,6/5/2009 12:00:00 AM,12.1,12.1,12.1,12.1,31460,12.1,11.1,11.6,0.5,4.31,0,0,0,12.86,13.04,11.97,11.14,null,null,0.7717353
DXV,6/4/2009 12:00:00 AM,11.1,11.6,11.1,11.6,217460,11.6,10.6,11.1,0.5,4.5,0,0,0,12.5,12.99,12.05,11.144,null,null,-2.293335
DXV,6/3/2009 12:00:00 AM,10.8,11.1,10.8,11.1,98850,11.6,10.6,11.1,0,0,0,10000,0,12.16,12.83,12.105,11.128,null,null,-4.304457
DXV,6/2/2009 12:00:00 AM,11.5,11.5,11.1,11.1,173270,11.5,10.5,11,0.1,0.91,0,0,2000,11.72,12.61,12.135,11.118,null,null,-3.669716
DXV,6/1/2009 12:00:00 AM,10.1,11,10.1,11,202780,11,10,10.5,0.5,4.76,0,0,10000,11.38,12.31,12.135,11.116,null,null,-6.170832
DXV,5/29/2009 12:00:00 AM,10.5,10.9,10.5,10.5,83370,11.5,10.5,11,-0.5,-4.55,0,0,0,11.06,11.96,12.11,11.114,null,null,-6.849341
DXV,5/28/2009 12:00:00 AM,11,11.5,11,11,156190,12,11,11.5,-0.5,-4.35,0,0,0,10.94,11.72,12.095,11.122,null,null,-4.710071
DXV,5/27/2009 12:00:00 AM,11.5,11.5,11,11.5,238710,11.5,10.5,11,0.5,4.55,0,0,0,11.02,11.59,12.105,11.138,null,null,-4.131104
DXV,5/26/2009 12:00:00 AM,11,11,10.7,11,113410,11,10,10.5,0.5,4.76,0,0,0,11,11.36,12.115,11.142,null,null,-6.851339
DXV,5/25/2009 12:00:00 AM,10.7,11.2,10.5,11.2,233960,11.2,10.2,10.7,0.5,4.67,0,0,0,11.04,11.21,12.11,11.148,null,null,-6.952662
DXV,5/22/2009 12:00:00 AM,10.7,10.7,10.2,10.7,512370,10.7,9.7,10.2,0.5,4.9,0,2000,10000,11.08,11.07,12.055,11.142,null,null,-10.29465
DXV,5/21/2009 12:00:00 AM,10.2,10.2,10.2,10.2,41560,10.2,9.4,9.8,0.4,4.08,0,0,2000,10.92,10.93,11.96,11.132,null,null,-13.9767
DXV,5/20/2009 12:00:00 AM,9.8,9.8,9.8,9.8,44520,9.8,9,9.4,0.4,4.26,0,0,20000,10.58,10.8,11.815,11.116,null,null,-20.25103
DXV,5/19/2009 12:00:00 AM,9.4,9.4,9.4,9.4,89820,9.4,8.6,9,0.4,4.44,0,0,0,10.26,10.63,11.62,11.102,null,null,-31.58027
DXV,5/18/2009 12:00:00 AM,8.5,9,8.3,9,299270,9,8.2,8.6,0.4,4.65,0,0,3980,9.820001,10.43,11.37,11.072,null,null,-70.36674
DXV,5/15/2009 12:00:00 AM,8.6,8.6,8.6,8.6,20920,8.6,7.8,8.2,0.4,4.88,0,0,0,9.4,10.24,11.1,11.03,null,null,3215.114
DXV,5/14/2009 12:00:00 AM,8.2,8.2,8,8.2,304990,8.2,7.6,7.9,0.3,3.8,0,0,0,8.999999,9.959999,10.84,10.99,null,null,71.30739
DXV,5/13/2009 12:00:00 AM,7.9,7.9,7.9,7.9,66270,7.9,7.3,7.6,0.3,3.95,0,0,0,8.62,9.599999,10.595,10.95,null,null,37.54352
DXV,5/12/2009 12:00:00 AM,7.6,7.6,7.6,7.6,80160,7.6,7,7.3,0.3,4.11,0,21480,0,8.26,9.26,10.31,10.902,null,null,26.67864
DXV,5/11/2009 12:00:00 AM,7.4,7.6,7.3,7.3,70490,7.7,7.1,7.4,-0.1,-1.35,0,0,0,7.92,8.87,10.04,10.85,null,null,19.88847
DXV,5/8/2009 12:00:00 AM,7.4,7.6,7.4,7.4,45500,7.9,7.3,7.6,-0.2,-2.63,0,0,0,7.68,8.54,9.805,10.794,null,null,14.76384
DXV,5/7/2009 12:00:00 AM,7.6,7.7,7.5,7.6,31670,7.7,7.1,7.4,0.2,2.7,0,0,0,7.56,8.280001,9.605,10.738,null,null,11.3335
DXV,5/6/2009 12:00:00 AM,7.6,7.7,7.4,7.4,62630,8,7.4,7.7,-0.3,-3.9,0,0,0,7.46,8.04,9.42,10.676,False,null,10.24746
DXV,5/5/2009 12:00:00 AM,8,8,7.7,7.7,226130,8,7.4,7.7,0,0,0,0,20000,7.48,7.87,9.25,10.62,null,null,7.630185
DXV,5/4/2009 12:00:00 AM,7.7,7.7,7.7,7.7,24920,7.7,7.1,7.4,0.3,4.05,0,0,12000,7.56,7.739999,9.085,10.564,True,null,7.119397
DXV,4/29/2009 12:00:00 AM,7.3,7.4,7.2,7.4,46670,7.4,6.8,7.1,0.3,4.23,0,0,0,7.56,7.62,8.929999,10.502,null,null,8.115687
DXV,4/28/2009 12:00:00 AM,7.2,7.3,7,7.1,32330,7.4,6.8,7.1,0,0,0,0,0,7.460001,7.510001,8.735,10.434,False,null,8.211617
DXV,4/27/2009 12:00:00 AM,7.1,7.3,7.1,7.1,21570,7.4,6.8,7.2,-0.1,-1.39,0,0,0,7.4,7.43,8.515,10.366,null,null,6.925385
DXV,4/24/2009 12:00:00 AM,7.6,7.6,7.2,7.2,27500,7.7,7.1,7.4,-0.2,-2.7,0,0,0,7.3,7.39,8.324999,10.304,null,null,5.108716
DXV,4/23/2009 12:00:00 AM,7.8,7.8,7.4,7.4,45630,8,7.4,7.7,-0.3,-3.9,0,0,0,7.24,7.400001,8.135,10.242,null,null,3.454007
DXV,4/22/2009 12:00:00 AM,7.6,7.7,7.4,7.7,102070,7.7,7.1,7.4,0.3,4.05,0,0,200,7.3,7.43,7.985,10.196,null,null,2.433007
DXV,4/21/2009 12:00:00 AM,7.1,7.4,7.1,7.4,82080,7.7,7.1,7.4,0,0,0,2000,0,7.36,7.41,7.845,10.144,null,null,3.221998
DXV,4/20/2009 12:00:00 AM,7.5,7.5,7.4,7.4,44790,8,7.4,7.7,-0.3,-3.9,0,0,0,7.42,7.409999,7.724999,10.092,True,null,2.009668
DXV,4/17/2009 12:00:00 AM,7.6,7.7,7.2,7.7,107030,7.8,7.2,7.5,0.2,2.67,0,300,0,7.52,7.41,7.64,10.036,null,null,1.022433
DXV,4/16/2009 12:00:00 AM,7.8,7.9,7.4,7.5,110480,8,7.4,7.7,-0.2,-2.6,0,0,0,7.54,7.39,7.565,9.965999,null,null,0.2284971
DXV,4/15/2009 12:00:00 AM,8.3,8.3,7.7,7.7,74950,8.4,7.6,8,-0.3,-3.75,0,0,5000,7.54,7.420001,7.52,9.899999,null,null,-1.938147
DXV,4/14/2009 12:00:00 AM,7.9,8,7.6,8,269610,8,7.4,7.7,0.3,3.9,0,100,50,7.660001,7.510001,7.51,9.833999,null,null,-2.233545
DXV,4/13/2009 12:00:00 AM,7.7,7.7,7.6,7.7,132420,7.7,7.1,7.4,0.3,4.05,0,0,0,7.72,7.57,7.5,9.761999,null,null,-1.096102
DXV,4/10/2009 12:00:00 AM,7.4,7.5,7.3,7.4,105440,7.6,7,7.3,0.1,1.37,0,0,0,7.66,7.59,7.489999,9.693999,null,null,1.241527
DXV,4/9/2009 12:00:00 AM,7.6,7.6,7.3,7.3,45690,7.9,7.3,7.6,-0.3,-3.95,0,0,0,7.62,7.58,7.489999,9.613999,null,null,1.410444
DXV,4/8/2009 12:00:00 AM,7.6,7.9,7.6,7.6,40260,8.2,7.6,7.9,-0.3,-3.8,0,0,0,7.6,7.570001,7.5,9.53,null,null,-3.021742
DXV,4/7/2009 12:00:00 AM,7.3,7.9,7.3,7.9,129200,7.9,7.3,7.6,0.3,3.95,0,0,0,7.579999,7.62,7.514999,9.446,null,null,-4.052125
DXV,4/3/2009 12:00:00 AM,7.6,7.6,7.6,7.6,31310,7.6,7,7.3,0.3,4.11,0,0,0,7.56,7.64,7.524999,9.344,null,null,-2.580717
DXV,4/2/2009 12:00:00 AM,7.2,7.3,7,7.3,138310,7.3,6.7,7,0.3,4.29,0,50,0,7.54,7.6,7.505,9.224,null,null,26.9875
DXV,4/1/2009 12:00:00 AM,6.9,7,6.8,7,45650,7.1,6.5,6.8,0.2,2.94,0,0,0,7.48,7.55,7.47,9.084001,null,null,133.7018
DXV,3/31/2009 12:00:00 AM,6.6,6.8,6.5,6.8,25440,6.9,6.3,6.6,0.2,3.03,0,0,0,7.320001,7.46,7.44,8.940001,null,null,-447.8377
DXV,3/30/2009 12:00:00 AM,6.6,6.7,6.5,6.6,22830,6.9,6.3,6.6,0,0,0,0,0,7.06,7.32,7.414999,8.804,null,null,-107.7491
DXV,3/27/2009 12:00:00 AM,6.7,6.8,6.6,6.6,31830,7,6.4,6.7,-0.1,-1.49,0,0,0,6.86,7.21,7.389999,8.68,null,null,-55.92411
DXV,3/26/2009 12:00:00 AM,6.7,6.8,6.7,6.7,40590,6.9,6.3,6.6,0.1,1.52,0,0,0,6.74,7.14,7.364999,8.548001,null,null,-36.80206
DXV,3/25/2009 12:00:00 AM,6.7,6.7,6.6,6.6,30570,7,6.4,6.7,-0.1,-1.49,0,0,0,6.66,7.07,7.324999,8.426001,null,null,-35.71046
DXV,3/24/2009 12:00:00 AM,6.7,6.7,6.6,6.7,21660,6.7,6.1,6.4,0.3,4.69,0,0,0,6.64,6.98,7.274999,8.318001,null,null,-33.16189
DXV,3/23/2009 12:00:00 AM,6.6,6.6,6.3,6.4,7700,6.9,6.3,6.6,-0.2,-3.03,0,0,0,6.6,6.829999,7.224999,8.214001,null,null,-47.26709
DXV,3/20/2009 12:00:00 AM,0,6.7,6.6,6.6,2920,7,6.4,6.7,-0.1,-1.49,0,0,0,6.6,6.73,7.185,8.124001,null,null,-37.83451
DXV,3/19/2009 12:00:00 AM,6.9,7.1,6.7,6.7,29450,7.3,6.7,7,-0.3,-4.29,0,0,0,6.599999,6.67,7.135,8.035999,null,False,-25.86752
DXV,3/18/2009 12:00:00 AM,6.9,7,6.8,7,82570,7,6.4,6.7,0.3,4.48,0,0,0,6.679999,6.67,7.11,7.956,null,null,-18.16268
DXV,3/17/2009 12:00:00 AM,6.6,6.8,6.6,6.7,16340,6.9,6.3,6.6,0.1,1.52,0,0,0,6.68,6.66,7.06,7.88,null,null,-41.57367
DXV,3/16/2009 12:00:00 AM,6.5,6.6,6.3,6.6,3210,6.8,6.2,6.5,0.1,1.54,0,0,0,6.72,6.66,6.99,7.791999,null,null,-132.5475
DXV,3/13/2009 12:00:00 AM,6.7,6.7,6.5,6.5,2020,6.8,6.2,6.5,0,0,0,820,0,6.7,6.65,6.929999,7.691999,null,null,168.4845
DXV,3/12/2009 12:00:00 AM,6.5,6.8,6.5,6.5,33040,7.1,6.5,6.8,-0.3,-4.41,0,0,0,6.66,6.63,6.885001,7.602,null,null,49.11761
DXV,3/11/2009 12:00:00 AM,6.9,6.9,6.7,6.8,39170,6.9,6.3,6.6,0.2,3.03,0,0,0,6.62,6.65,6.86,7.513999,null,null,10.50392
DXV,3/10/2009 12:00:00 AM,6.3,6.6,6.3,6.6,32470,6.6,6,6.3,0.3,4.76,0,0,0,6.6,6.64,6.81,7.432,null,null,44.3043
DXV,3/9/2009 12:00:00 AM,6.5,6.5,6.2,6.3,9010,6.5,5.9,6.2,0.1,1.61,0,0,0,6.54,6.63,6.73,7.354,null,null,38.48962
DXV,3/6/2009 12:00:00 AM,6.3,6.3,6.2,6.2,14130,6.6,6,6.3,-0.1,-1.59,0,0,0,6.48,6.59,6.66,7.282,False,null,29.4855
DXV,3/5/2009 12:00:00 AM,6.4,6.4,6.3,6.3,6510,6.6,6,6.3,0,0,0,0,0,6.44,6.55,6.609999,7.219999,null,null,15.56448
DXV,3/4/2009 12:00:00 AM,6.2,6.4,6.2,6.3,10580,6.6,6,6.3,0,0,0,0,0,6.34,6.48,6.574999,7.166,null,null,14.97199
DXV,3/3/2009 12:00:00 AM,6.2,6.3,6.2,6.3,6310,6.7,6.1,6.4,-0.1,-1.56,0,0,0,6.28,6.44,6.549999,7.12,null,null,16.30331
DXV,3/2/2009 12:00:00 AM,6.2,6.4,6.1,6.4,27830,6.7,6.1,6.4,0,0,0,0,0,6.3,6.42,6.539999,7.084,null,null,16.05632
DXV,2/27/2009 12:00:00 AM,6,6.5,6,6.4,10180,6.5,5.9,6.2,0.2,3.23,0,0,0,6.34,6.41,6.53,7.054001,null,null,20.16818
DXV,2/26/2009 12:00:00 AM,6.6,6.6,6.2,6.2,77000,6.8,6.2,6.5,-0.3,-4.62,0,0,0,6.32,6.38,6.505,7.026,null,null,22.34708
DXV,2/25/2009 12:00:00 AM,6.5,6.5,6.4,6.5,40470,6.5,5.9,6.2,0.3,4.84,0,0,0,6.36,6.349999,6.499999,7.010001,null,null,7.702695
DXV,2/24/2009 12:00:00 AM,6.2,6.3,6.2,6.2,25720,6.8,6.2,6.5,-0.3,-4.62,0,0,0,6.34,6.31,6.474999,6.986001,null,null,302.2305
DXV,2/23/2009 12:00:00 AM,6.5,6.5,6.5,6.5,20720,7.1,6.5,6.8,-0.3,-4.41,0,0,0,6.36,6.33,6.48,6.964001,null,null,12.80408
DXV,2/20/2009 12:00:00 AM,6.5,6.8,6.5,6.8,16470,7.1,6.5,6.8,0,0,0,0,0,6.44,6.39,6.49,6.952002,null,null,28.51048
DXV,2/19/2009 12:00:00 AM,6.8,6.8,6.8,6.8,4410,6.8,6.2,6.5,0.3,4.62,0,0,0,6.56,6.44,6.495,6.934001,null,null,23.53771
DXV,2/18/2009 12:00:00 AM,6.6,6.6,6.5,6.5,9350,7.1,6.5,6.8,-0.3,-4.41,0,300,0,6.56,6.460001,6.47,6.910001,null,null,2.687339
DXV,2/17/2009 12:00:00 AM,6.9,6.9,6.8,6.8,5870,7.2,6.6,6.9,-0.1,-1.45,0,0,0,6.68,6.510001,6.475001,6.898002,null,null,18.72138
DXV,2/16/2009 12:00:00 AM,6.9,6.9,6.8,6.9,6210,7.3,6.7,7,-0.1,-1.43,0,0,0,6.76,6.56,6.490001,6.894002,null,null,15.76095
DXV,2/13/2009 12:00:00 AM,6.9,7,6.9,7,2100,7.1,6.5,6.8,0.2,2.94,0,0,0,6.8,6.62,6.515001,6.892001,null,null,15.06676
DXV,2/12/2009 12:00:00 AM,6.9,7.1,6.8,6.8,20630,7.2,6.6,6.9,-0.1,-1.45,0,9380,0,6.8,6.68,6.53,6.884001,null,null,10.28705
DXV,2/11/2009 12:00:00 AM,6.8,6.9,6.8,6.9,18970,7.1,6.5,6.8,0.1,1.47,0,0,0,6.88,6.72,6.535001,6.874002,null,null,7.948187
DXV,2/10/2009 12:00:00 AM,6.8,6.9,6.7,6.8,18810,7,6.4,6.7,0.1,1.49,0,0,0,6.88,6.78,6.545001,6.856001,null,null,5.909133
DXV,2/9/2009 12:00:00 AM,6.7,6.7,6.7,6.7,8500,6.7,6.1,6.4,0.3,4.69,0,0,0,6.84,6.8,6.565,6.842001,null,null,3.118602
DXV,2/6/2009 12:00:00 AM,6.1,6.4,6.1,6.4,25800,6.4,5.8,6.1,0.3,4.92,0,5620,0,6.72,6.760001,6.575001,6.822001,null,null,-4.812207
DXV,2/5/2009 12:00:00 AM,6.4,6.4,6.1,6.1,28800,6.7,6.1,6.4,-0.3,-4.69,0,1180,0,6.58,6.69,6.565,6.79,null,null,-6.56323
DXV,2/4/2009 12:00:00 AM,6.7,6.8,6.4,6.4,40070,7,6.4,6.7,-0.3,-4.48,0,15000,0,6.48,6.68,6.570001,6.768001,null,null,-0.4544793
DXV,2/3/2009 12:00:00 AM,7,7,6.7,6.7,21330,7.3,6.7,7,-0.3,-4.29,0,0,0,6.46,6.67,6.59,6.748,null,null,4.038684
DXV,2/2/2009 12:00:00 AM,7,7.1,7,7,1800,7.6,7,7.3,-0.3,-4.11,0,0,0,6.52,6.68,6.62,6.728001,null,null,7.1703
DXV,1/23/2009 12:00:00 AM,7.3,7.3,7,7.3,17990,7.4,6.8,7.1,0.2,2.82,0,0,0,6.7,6.710001,6.665001,6.72,null,null,8.581053
DXV,1/22/2009 12:00:00 AM,6.9,7.1,6.8,7.1,6780,7.4,6.8,7,0.1,1.43,0,0,0,6.9,6.74,6.710001,6.714,null,null,4.46688
DXV,1/21/2009 12:00:00 AM,7.2,7.2,7,7,3530,7.4,6.8,7.1,-0.1,-1.41,0,0,0,7.02,6.750001,6.735002,6.708001,null,null,4.686541
DXV,1/20/2009 12:00:00 AM,7,7.1,6.7,7.1,30510,7.3,6.7,7,0.1,1.43,0,0,0,7.1,6.78,6.780001,6.698,null,null,2.859927
DXV,1/19/2009 12:00:00 AM,7,7,6.9,7,26970,7.5,6.9,7.2,-0.2,-2.78,0,0,0,7.1,6.81,6.805,6.680001,null,null,2.290872
DXV,1/16/2009 12:00:00 AM,7.4,7.4,7.2,7.2,19330,7.7,7.1,7.4,-0.2,-2.7,0,0,0,7.079999,6.89,6.825001,6.672001,null,True,5.568943
DXV,1/15/2009 12:00:00 AM,7.3,7.4,7.3,7.4,6640,7.8,7.2,7.5,-0.1,-1.33,0,0,0,7.14,7.02,6.855,6.674002,null,null,6.285149
DXV,1/14/2009 12:00:00 AM,7.4,7.5,7.3,7.5,7880,7.7,7.1,7.4,0.1,1.35,0,0,0,7.239999,7.129999,6.905,6.684001,True,null,6.605478
DXV,1/13/2009 12:00:00 AM,7.5,7.6,7.4,7.4,24140,7.9,7.3,7.6,-0.2,-2.63,0,0,0,7.3,7.2,6.935,6.696002,null,null,6.200779
DXV,1/12/2009 12:00:00 AM,7.3,7.8,7.3,7.6,88390,7.8,7.2,7.5,0.1,1.33,0,0,0,7.42,7.26,6.97,6.716001,null,null,6.839073
DXV,1/9/2009 12:00:00 AM,7.4,7.5,7.3,7.5,38620,7.5,6.9,7.2,0.3,4.17,0,0,0,7.48,7.28,6.995,6.734001,null,null,4.914775
DXV,1/8/2009 12:00:00 AM,7.3,7.3,7.2,7.2,55050,7.8,7.2,7.5,-0.3,-4,0,0,0,7.44,7.29,7.014999,6.744,null,null,2.544455
DXV,1/7/2009 12:00:00 AM,7.8,7.8,7.5,7.5,116100,8.1,7.5,7.8,-0.3,-3.85,0,0,0,7.44,7.34,7.045001,6.762001,null,null,6.322902
DXV,1/6/2009 12:00:00 AM,7.7,8,7.6,7.8,60450,8.2,7.6,7.9,-0.1,-1.27,0,0,0,7.52,7.41,7.095,6.784,null,null,7.913232
DXV,1/5/2009 12:00:00 AM,7.5,7.9,7.4,7.9,79670,8,7.4,7.7,0.2,2.6,0,0,300,7.58,7.5,7.155,6.814,null,null,6.435924
DXV,1/2/2009 12:00:00 AM,7.7,7.7,7.5,7.7,105070,7.7,7.1,7.4,0.3,4.05,0,0,0,7.62,7.550001,7.22,6.836,null,null,4.724269
DXV,12/31/2008 12:00:00 AM,7.4,7.4,7.1,7.4,111850,7.4,6.8,7.1,0.3,4.23,30000,0,0,7.66,7.55,7.285,6.849999,null,null,0.7849942
DXV,12/30/2008 12:00:00 AM,7.1,7.1,7.1,7.1,49520,7.1,6.5,6.8,0.3,4.41,0,0,0,7.58,7.510001,7.32,6.851999,null,null,-1.523093
DXV,12/29/2008 12:00:00 AM,6.4,6.8,6.4,6.8,83450,6.8,6.2,6.5,0.3,4.62,0,5000,0,7.38,7.45,7.325,6.853999,null,null,-5.710597
DXV,12/26/2008 12:00:00 AM,6.3,6.6,6.3,6.5,16280,6.8,6.2,6.5,0,0,0,300,0,7.1,7.34,7.300001,6.851999,null,null,-7.906056
DXV,12/25/2008 12:00:00 AM,6.5,6.5,6.1,6.5,44360,6.7,6.1,6.4,0.1,1.56,0,0,0,6.86,7.239999,7.26,6.851999,null,null,-9.422445
DXV,12/24/2008 12:00:00 AM,6.1,6.4,5.8,6.4,110310,6.4,5.8,6.1,0.3,4.92,0,0,0,6.66,7.160001,7.225,6.849999,null,False,-12.08712
DXV,12/23/2008 12:00:00 AM,6.3,6.3,6.1,6.1,38740,6.7,6.1,6.4,-0.3,-4.69,0,0,0,6.46,7.02,7.18,6.835999,null,null,-13.58766
DXV,12/22/2008 12:00:00 AM,6.5,6.5,6.3,6.4,31460,6.5,5.9,6.2,0.2,3.23,0,0,0,6.38,6.88,7.145,6.831999,False,null,-11.39464
DXV,12/19/2008 12:00:00 AM,6,6.3,6,6.2,26310,6.4,5.8,6.1,0.1,1.64,0,0,0,6.32,6.71,7.105,6.829999,null,null,-16.31649
DXV,12/18/2008 12:00:00 AM,6.4,6.4,6.1,6.1,13260,6.6,6,6.3,-0.2,-3.17,0,0,0,6.24,6.549999,7.049999,6.827999,null,null,-17.57311
DXV,12/17/2008 12:00:00 AM,6.2,6.3,5.9,6.3,6120,6.5,5.9,6.2,0.1,1.61,0,0,0,6.22,6.44,6.995,6.827999,null,null,-21.40903
DXV,12/16/2008 12:00:00 AM,6.4,6.4,6.2,6.2,21810,6.8,6.2,6.5,-0.3,-4.62,0,0,0,6.24,6.35,6.929999,6.825999,null,null,-23.37301
DXV,12/15/2008 12:00:00 AM,6.5,6.5,6.3,6.5,23190,6.5,5.9,6.2,0.3,4.84,0,0,0,6.26,6.32,6.885001,6.829999,null,null,-22.81039
DXV,12/12/2008 12:00:00 AM,6.1,6.2,6,6.2,15360,6.3,5.7,6,0.2,3.33,0,0,0,6.26,6.29,6.815,6.825999,null,null,-55.38347
DXV,12/11/2008 12:00:00 AM,5.8,6,5.8,6,37080,6.1,5.7,5.9,0.1,1.69,0,0,0,6.24,6.24,6.74,6.817999,null,null,-276.5663
DXV,12/10/2008 12:00:00 AM,6,6.1,5.8,5.9,26390,6.3,5.7,6,-0.1,-1.67,0,0,0,6.16,6.19,6.675,6.811999,null,null,116.5668
DXV,12/9/2008 12:00:00 AM,6.2,6.4,6,6,9980,6.6,6,6.3,-0.3,-4.76,0,0,0,6.12,6.18,6.6,6.801999,null,null,35.77722
DXV,12/8/2008 12:00:00 AM,6.3,6.3,6.2,6.3,13340,6.8,6.2,6.5,-0.2,-3.08,0,0,0,6.08,6.17,6.525,6.803998,null,null,13.40918
DXV,12/5/2008 12:00:00 AM,6.9,6.9,6.5,6.5,12040,7.1,6.5,6.8,-0.3,-4.41,0,0,0,6.14,6.2,6.455,6.803999,null,null,-5.110794
DXV,12/4/2008 12:00:00 AM,7,7,6.8,6.8,15340,7.3,6.7,7,-0.2,-2.86,0,0,0,6.3,6.27,6.41,6.803999,null,null,-13.44061
DXV,12/3/2008 12:00:00 AM,6.7,7.1,6.6,7,18380,7.2,6.6,6.9,0.1,1.45,0,0,0,6.52,6.34,6.39,6.807999,null,null,-15.71037
DXV,12/2/2008 12:00:00 AM,6.8,7.2,6.8,6.9,7170,7.4,6.8,7.1,-0.2,-2.82,0,0,0,6.7,6.410001,6.38,6.815999,null,null,-20.67259
DXV,12/1/2008 12:00:00 AM,7.3,7.3,7.1,7.1,25900,7.4,6.8,7.1,0,0,0,0,0,6.86,6.47,6.395,6.821999,null,null,-35.07968
DXV,11/28/2008 12:00:00 AM,7.1,7.1,7.1,7.1,59570,7.1,6.5,6.8,0.3,4.41,0,0,0,6.98,6.56,6.425,6.825999,null,null,-58.39141
DXV,11/27/2008 12:00:00 AM,6.5,6.8,6.3,6.8,23180,6.8,6.2,6.5,0.3,4.62,0,0,0,6.98,6.64,6.44,6.821999,null,null,-243.7178
DXV,11/26/2008 12:00:00 AM,6.5,6.8,6.5,6.5,27280,7.1,6.5,6.8,-0.3,-4.41,0,0,0,6.88,6.7,6.445,6.816,null,null,23.35274
DXV,11/25/2008 12:00:00 AM,7,7,6.8,6.8,15010,7.3,6.7,7,-0.2,-2.86,0,0,0,6.86,6.78,6.48,6.814,null,null,26.24415
DXV,11/24/2008 12:00:00 AM,7,7,6.7,7,12000,7.3,6.7,7,0,0,0,1000,0,6.839999,6.85,6.51,6.818,null,null,15.75792
DXV,11/21/2008 12:00:00 AM,7,7.2,7,7,37340,7.6,7,7.3,-0.3,-4.11,0,0,0,6.82,6.9,6.55,6.824,null,null,16.02727
DXV,11/20/2008 12:00:00 AM,7.4,7.5,7.3,7.3,33390,7.9,7.3,7.6,-0.3,-3.95,0,2330,0,6.92,6.95,6.61,6.842,null,null,17.79016
DXV,11/19/2008 12:00:00 AM,7.7,7.8,7.6,7.6,12470,8,7.4,7.7,-0.1,-1.3,0,0,0,7.14,7.01,6.675,6.872,null,null,18.22533
DXV,11/18/2008 12:00:00 AM,7.6,7.7,7.5,7.7,23800,8.1,7.5,7.8,-0.1,-1.28,0,2620,0,7.32,7.089999,6.75,6.898,null,null,13.18867
DXV,11/17/2008 12:00:00 AM,8.1,8.1,7.8,7.8,19590,8.5,7.7,8.1,-0.3,-3.7,0,0,0,7.48,7.16,6.815,6.92,null,null,13.70406
DXV,11/14/2008 12:00:00 AM,8.5,8.5,8.1,8.1,10050,8.5,7.7,8.1,0,0,0,0,0,7.7,7.260001,6.910001,6.942,null,null,14.76411
DXV,11/13/2008 12:00:00 AM,8,8.3,8,8.1,12940,8.6,7.8,8.2,-0.1,-1.22,0,10000,0,7.86,7.39,7.015,6.958001,null,null,10.85135
DXV,11/12/2008 12:00:00 AM,7.8,8.2,7.8,8.2,17650,8.6,7.8,8.2,0,0,0,0,0,7.98,7.56,7.130001,6.98,null,null,8.158122
DXV,11/11/2008 12:00:00 AM,8.1,8.3,8.1,8.2,11690,8.9,8.1,8.5,-0.3,-3.53,0,3950,0,8.08,7.7,7.24,7.004,null,null,7.588303
DXV,11/10/2008 12:00:00 AM,8.1,8.5,8.1,8.5,4950,8.7,7.9,8.3,0.2,2.41,0,1000,0,8.219999,7.85,7.350001,7.032001,null,null,7.451016
DXV,11/7/2008 12:00:00 AM,8.3,8.3,8.3,8.3,14560,9.1,8.3,8.7,-0.4,-4.6,0,0,0,8.26,7.98,7.44,7.058,null,null,5.902612
DXV,11/6/2008 12:00:00 AM,8.7,9.2,8.7,8.7,24190,9.5,8.7,9.1,-0.4,-4.4,0,0,0,8.38,8.12,7.535001,7.088,null,null,8.649335
DXV,11/5/2008 12:00:00 AM,9.1,9.1,9,9.1,41360,9.1,8.3,8.7,0.4,4.6,0,0,0,8.559999,8.27,7.64,7.122,null,null,8.875941
DXV,11/4/2008 12:00:00 AM,8.2,8.7,8.2,8.7,15920,8.8,8,8.4,0.3,3.57,0,100,0,8.66,8.370001,7.730001,7.146,null,null,4.915832
DXV,11/3/2008 12:00:00 AM,8.1,8.4,8.1,8.4,10500,8.9,8.1,8.5,-0.1,-1.18,0,0,0,8.639999,8.429999,7.795001,7.166,null,null,3.13532
DXV,10/31/2008 12:00:00 AM,8.4,8.7,8.4,8.5,5780,8.8,8,8.4,0.1,1.19,0,0,0,8.679999,8.469999,7.864999,7.184,null,null,4.149238
DXV,10/30/2008 12:00:00 AM,8,8.4,7.8,8.4,50390,8.4,7.6,8,0.4,5,0,0,0,8.62,8.499999,7.945,7.202,null,null,1.883572
DXV,10/29/2008 12:00:00 AM,8.4,8.4,8,8,27450,8.4,7.6,8,0,0,0,0,0,8.4,8.48,8.02,7.218,null,null,1.070153
DXV,10/28/2008 12:00:00 AM,8,8.2,8,8,27010,8.8,8,8.4,-0.4,-4.76,0,0,0,8.26,8.460001,8.08,7.228,null,null,0.2762418
DXV,10/27/2008 12:00:00 AM,8.4,8.5,8.4,8.4,11330,9.2,8.4,8.8,-0.4,-4.55,0,0,0,8.26,8.45,8.15,7.240001,null,null,1.997602
DXV,10/24/2008 12:00:00 AM,8.9,9.2,8.8,8.8,31980,9.6,8.8,9.2,-0.4,-4.35,0,0,0,8.32,8.499999,8.24,7.258001,null,null,4.37407
DXV,10/23/2008 12:00:00 AM,9.2,9.2,9.2,9.2,29240,10,9.2,9.6,-0.4,-4.17,0,0,0,8.48,8.55,8.335001,7.288001,null,null,5.285679
DXV,10/22/2008 12:00:00 AM,9.7,9.7,9.6,9.6,9470,10.1,9.3,9.7,-0.1,-1.03,0,0,0,8.8,8.6,8.435,7.332001,null,null,7.11982
DXV,10/21/2008 12:00:00 AM,9.7,9.7,9.5,9.7,21570,9.7,8.9,9.3,0.4,4.3,0,0,0,9.139999,8.7,8.535,7.384,null,null,6.493519
DXV,10/20/2008 12:00:00 AM,9.7,9.7,9.3,9.3,15740,9.8,9,9.4,-0.1,-1.06,0,0,0,9.32,8.79,8.61,7.434,null,null,4.802426
DXV,10/17/2008 12:00:00 AM,9.4,9.5,9.4,9.4,8400,9.8,9,9.4,0,0,0,2000,0,9.440001,8.88,8.675,7.492,null,null,4.422007
DXV,10/16/2008 12:00:00 AM,9.4,9.7,9.4,9.4,25720,10.2,9.4,9.8,-0.4,-4.08,0,0,0,9.48,8.98,8.74,7.550001,null,null,4.545276
DXV,10/15/2008 12:00:00 AM,9.8,9.8,9.8,9.8,40780,9.8,9,9.4,0.4,4.26,0,0,0,9.52,9.160001,8.820001,7.618001,null,null,5.881713
DXV,10/14/2008 12:00:00 AM,9.4,9.4,9.4,9.4,1130,9.4,8.6,9,0.4,4.44,0,0,0,9.46,9.3,8.88,7.684,null,null,3.157751
DXV,10/13/2008 12:00:00 AM,8.7,9.3,8.7,9,18430,9.3,8.5,8.9,0.1,1.12,0,0,0,9.4,9.36,8.905,7.736,null,null,0.6264347
DXV,10/10/2008 12:00:00 AM,9.1,9.3,8.9,8.9,60670,9.7,8.9,9.3,-0.4,-4.3,0,0,0,9.3,9.37,8.934999,7.789999,null,null,0.6605682
DXV,10/9/2008 12:00:00 AM,9.4,9.9,9.3,9.3,36980,9.9,9.1,9.5,-0.2,-2.11,0,0,0,9.28,9.379999,8.964999,7.853999,null,null,3.272632
DXV,10/8/2008 12:00:00 AM,9.5,10,9.5,9.5,43790,10.5,9.5,10,-0.5,-5,0,0,0,9.219999,9.37,8.984999,7.917999,null,null,4.23433
DXV,10/7/2008 12:00:00 AM,10,10,10,10,8170,11,10,10.5,-0.5,-4.76,0,0,960,9.339999,9.400001,9.049999,7.993999,null,null,6.345652
DXV,10/6/2008 12:00:00 AM,10.5,10.5,10.5,10.5,20840,11.5,10.5,11,-0.5,-4.55,0,0,13000,9.639999,9.52,9.155,8.073999,null,null,9.024196
DXV,10/3/2008 12:00:00 AM,11,11.3,11,11,23750,12,11,11.5,-0.5,-4.35,0,0,0,10.06,9.68,9.28,8.169999,null,null,11.66057
DXV,10/2/2008 12:00:00 AM,11.8,11.8,11.4,11.5,24500,12,11,11.5,0,0,0,0,0,10.5,9.89,9.435,8.28,null,null,13.00392
DXV,10/1/2008 12:00:00 AM,11.6,11.6,11.1,11.5,49570,11.6,10.6,11.1,0.4,3.6,0,0,0,10.9,10.06,9.610001,8.391999,null,null,10.1789
DXV,9/30/2008 12:00:00 AM,11.1,11.1,11.1,11.1,15280,12.1,11.1,11.6,-0.5,-4.31,0,0,0,11.12,10.23,9.765,8.493999,null,null,7.184062
DXV,9/29/2008 12:00:00 AM,11.1,11.6,10.6,11.6,93880,11.6,10.6,11.1,0.5,4.5,0,0,0,11.34,10.49,9.925,8.6,null,null,6.885418
DXV,9/26/2008 12:00:00 AM,12,12,11.1,11.1,86110,12.1,11.1,11.6,-0.5,-4.31,0,0,0,11.36,10.71,10.04,8.692,null,null,6.571943
DXV,9/25/2008 12:00:00 AM,11.3,11.7,11,11.6,42970,11.8,10.8,11.3,0.3,2.65,0,0,0,11.38,10.94,10.16,8.788,null,True,6.007233
DXV,9/24/2008 12:00:00 AM,11.3,11.4,11.3,11.3,50870,12.3,11.3,11.8,-0.5,-4.24,0,1500,0,11.34,11.12,10.245,8.874,null,null,4.987028
DXV,9/23/2008 12:00:00 AM,11.8,12.5,11.8,11.8,49120,13,11.8,12.4,-0.6,-4.84,0,300,0,11.48,11.3,10.35,8.972,null,null,7.682958
DXV,9/22/2008 12:00:00 AM,12.4,12.4,12.4,12.4,25950,12.4,11.4,11.9,0.5,4.2,0,150,0,11.64,11.49,10.505,9.078,null,null,8.574809
DXV,9/19/2008 12:00:00 AM,10.9,11.9,10.9,11.9,242990,11.9,10.9,11.4,0.5,4.39,0,230,0,11.8,11.58,10.63,9.174,null,null,4.216258
DXV,9/18/2008 12:00:00 AM,11.4,11.4,11.4,11.4,400,12.4,11.4,11.9,-0.5,-4.2,0,0,0,11.76,11.57,10.73,9.266,null,null,3.065153
DXV,9/17/2008 12:00:00 AM,11.9,11.9,11.9,11.9,6810,13.1,11.9,12.5,-0.6,-4.8,0,0,0,11.88,11.61,10.835,9.374001,null,null,4.721532
DXV,9/16/2008 12:00:00 AM,12.5,12.5,12.5,12.5,11240,13.7,12.5,13.1,-0.6,-4.58,0,0,0,12.02,11.75,10.99,9.488001,null,null,6.707347
DXV,9/15/2008 12:00:00 AM,13.1,14.3,13.1,13.1,137760,14.3,13.1,13.7,-0.6,-4.38,0,0,0,12.16,11.9,11.195,9.610001,null,null,9.802128
DXV,9/12/2008 12:00:00 AM,13.7,13.7,13.7,13.7,10410,15.1,13.7,14.4,-0.7,-4.86,0,0,0,12.52,12.16,11.435,9.744,True,null,9.059259
DXV,9/11/2008 12:00:00 AM,14.4,14.4,14.4,14.4,32680,15.8,14.4,15.1,-0.7,-4.64,0,0,0,13.12,12.44,11.69,9.886001,null,null,10.10556
DXV,9/10/2008 12:00:00 AM,15.5,15.5,14.1,15.1,296740,15.5,14.1,14.8,0.3,2.03,0,0,0,13.76,12.82,11.97,10.036,null,null,10.33616
DXV,9/9/2008 12:00:00 AM,14.8,14.8,14.8,14.8,27270,14.8,13.4,14.1,0.7,4.96,0,0,0,14.22,13.12,12.21,10.178,null,null,8.631699
DXV,9/8/2008 12:00:00 AM,14.1,14.1,12.9,14.1,446060,14.1,12.9,13.5,0.6,4.44,0,860,31000,14.42,13.29,12.39,10.304,null,null,4.353248
DXV,9/5/2008 12:00:00 AM,13.5,13.5,13.5,13.5,9740,13.5,12.3,12.9,0.6,4.65,0,0,0,14.38,13.45,12.515,10.412,null,null,3.287653
DXV,9/4/2008 12:00:00 AM,12.9,12.9,12.9,12.9,4250,12.9,11.7,12.3,0.6,4.88,0,0,0,14.08,13.6,12.585,10.508,null,null,1.209768
DXV,9/3/2008 12:00:00 AM,12.3,12.3,12.3,12.3,4700,12.3,11.3,11.8,0.5,4.24,0,0,0,13.52,13.64,12.625,10.59,null,null,-0.786161
DXV,8/29/2008 12:00:00 AM,11.8,11.8,11.8,11.8,37810,11.8,10.8,11.3,0.5,4.42,0,0,0,12.92,13.57,12.66,10.662,null,null,-2.573453
DXV,8/28/2008 12:00:00 AM,11.3,11.3,11.3,11.3,100280,11.3,10.3,10.8,0.5,4.63,0,0,1500,12.36,13.39,12.645,10.718,null,null,-4.518048
DXV,8/27/2008 12:00:00 AM,10.8,10.8,10.8,10.8,11950,10.8,9.8,10.3,0.5,4.85,0,0,0,11.82,13.1,12.63,10.768,null,null,-6.660924
DXV,8/26/2008 12:00:00 AM,10.3,10.3,10.3,10.3,16990,10.3,9.5,9.9,0.4,4.04,0,0,0,11.3,12.69,12.565,10.8,null,null,-9.149617
DXV,8/25/2008 12:00:00 AM,9.9,9.9,9.9,9.9,7150,9.9,9.1,9.5,0.4,4.21,0,0,0,10.82,12.17,12.495,10.816,null,null,-11.75124
DXV,8/22/2008 12:00:00 AM,9.5,9.5,9.5,9.5,35710,9.5,8.7,9.1,0.4,4.4,0,0,0,10.36,11.64,12.38,10.832,null,null,-15.06383
DXV,8/21/2008 12:00:00 AM,9.1,9.1,9,9.1,176810,9.1,8.3,8.7,0.4,4.6,0,100,0,9.92,11.14,12.215,10.846,null,null,-20.14046
DXV,8/20/2008 12:00:00 AM,8.7,9.1,8.7,8.7,73780,9.5,8.7,9.1,-0.4,-4.4,0,0,0,9.499999,10.66,12.055,10.85,null,null,-26.91014
DXV,8/19/2008 12:00:00 AM,8.9,9.2,8.8,9.1,81220,9.6,8.8,9.2,-0.1,-1.09,0,200,0,9.26,10.28,11.94,10.864,null,null,-32.5819
DXV,8/18/2008 12:00:00 AM,8.9,9.4,8.9,9.2,44420,9.5,8.7,9.1,0.1,1.1,0,0,0,9.12,9.970001,11.805,10.888,null,null,-42.50592
DXV,8/15/2008 12:00:00 AM,9.1,9.1,9.1,9.1,28080,9.1,8.7,8.9,0.2,2.25,0,0,0,9.039999,9.700001,11.635,10.91,null,null,-73.96267
DXV,8/14/2008 12:00:00 AM,8.6,8.9,8.5,8.9,88280,8.9,8.5,8.7,0.2,2.3,0,2000,4500,9.000001,9.460001,11.425,10.92,null,null,-570.262
DXV,8/13/2008 12:00:00 AM,8.5,8.7,8.3,8.7,50140,8.7,8.3,8.5,0.2,2.35,0,0,0,9,9.250001,11.175,10.918,null,null,84.35411
DXV,8/12/2008 12:00:00 AM,8.5,8.5,8.5,8.5,57600,8.5,8.1,8.3,0.2,2.41,0,0,2000,8.88,9.070001,10.88,10.904,null,False,36.86432
DXV,8/11/2008 12:00:00 AM,8.3,8.3,8.3,8.3,75660,8.3,7.9,8.1,0.2,2.47,0,0,0,8.7,8.91,10.54,10.878,False,null,22.78862
DXV,8/8/2008 12:00:00 AM,8.1,8.3,8.1,8.1,135990,8.5,8.1,8.3,-0.2,-2.41,0,0,0,8.5,8.77,10.205,10.846,null,null,15.36311
DXV,8/7/2008 12:00:00 AM,8.5,8.5,8.2,8.3,91830,8.5,8.1,8.3,0,0,0,1000,1500,8.38,8.69,9.915,10.826,null,null,9.729437
DXV,8/6/2008 12:00:00 AM,8.3,8.7,8.3,8.3,98740,8.7,8.3,8.5,-0.2,-2.35,0,0,0,8.3,8.65,9.655,10.804,null,null,6.914596
DXV,8/5/2008 12:00:00 AM,8.5,8.5,8.5,8.5,15210,8.9,8.5,8.7,-0.2,-2.3,0,0,0,8.299999,8.589999,9.434999,10.786,null,null,4.977681
DXV,8/4/2008 12:00:00 AM,9,9,8.7,8.7,32640,9.1,8.7,8.9,-0.2,-2.25,0,0,0,8.38,8.54,9.255,10.764,null,null,2.607102
DXV,8/1/2008 12:00:00 AM,8.6,8.9,8.6,8.9,25730,8.9,8.5,8.7,0.2,2.3,0,0,0,8.539999,8.519999,9.109999,10.754,null,null,1.867592
DXV,7/31/2008 12:00:00 AM,8.7,8.9,8.7,8.7,14680,9.1,8.7,8.9,-0.2,-2.25,0,0,0,8.62,8.5,8.98,10.748,null,null,1.408491
DXV,7/30/2008 12:00:00 AM,9,9,8.8,8.9,11180,9.1,8.7,8.9,0,0,0,0,0,8.74,8.52,8.885,10.748,null,null,0.3473621
DXV,7/29/2008 12:00:00 AM,8.8,9,8.8,8.9,53740,9.1,8.7,8.9,0,0,0,0,0,8.820001,8.56,8.815001,10.74,null,null,-0.06003211
DXV,7/28/2008 12:00:00 AM,8.9,9.2,8.9,8.9,44020,9.3,8.9,9.1,-0.2,-2.2,0,0,0,8.859999,8.62,8.765,10.728,null,null,-0.8936118
DXV,7/25/2008 12:00:00 AM,9.1,9.1,9.1,9.1,2590,9.5,9.1,9.3,-0.2,-2.15,0,0,0,8.9,8.720001,8.745001,10.71,null,null,-1.780199
DXV,7/24/2008 12:00:00 AM,9.4,9.7,9.3,9.3,32200,9.7,9.3,9.5,-0.2,-2.11,0,0,2830,9.02,8.82,8.755,10.686,null,null,-4.245158
DXV,7/23/2008 12:00:00 AM,9.6,9.6,9.5,9.5,710,9.9,9.5,9.7,-0.2,-2.06,0,0,0,9.139999,8.94,8.795,10.656,null,null,-5.780083
DXV,7/22/2008 12:00:00 AM,9.7,9.7,9.7,9.7,330,10.1,9.7,9.9,-0.2,-2.02,0,100,0,9.3,9.059999,8.825,10.62,null,null,-8.756232
DXV,7/21/2008 12:00:00 AM,9.9,9.9,9.9,9.9,2410,10.5,9.9,10.2,-0.3,-2.94,0,0,0,9.5,9.18,8.860001,10.588,null,null,-14.39293
DXV,7/18/2008 12:00:00 AM,10.2,10.2,10.2,10.2,12100,10.8,10.2,10.5,-0.3,-2.86,0,0,0,9.719999,9.309999,8.915,10.57,null,null,-28.74922
DXV,7/17/2008 12:00:00 AM,10.6,10.8,10.5,10.5,68970,11.1,10.5,10.8,-0.3,-2.78,0,0,50,9.96,9.49,8.995001,10.548,True,null,-97.01765
DXV,7/16/2008 12:00:00 AM,10.9,10.9,10.5,10.8,64100,10.9,10.3,10.6,0.2,1.89,0,0,0,10.22,9.68,9.1,10.542,null,null,114.3075
DXV,7/15/2008 12:00:00 AM,10.6,10.6,10.6,10.6,10450,10.6,10,10.3,0.3,2.91,0,0,0,10.4,9.85,9.205,10.522,null,True,31.24389
DXV,7/14/2008 12:00:00 AM,10.3,10.3,10.3,10.3,22370,10.3,9.7,10,0.3,3,0,0,10,10.48,9.99,9.305,10.502,null,null,14.08743
DXV,7/11/2008 12:00:00 AM,9.8,10,9.8,10,69470,10,9.6,9.8,0.2,2.04,0,50,0,10.44,10.08,9.4,10.466,null,null,5.975183
DXV,7/10/2008 12:00:00 AM,9.6,9.8,9.6,9.8,24330,9.8,9.4,9.6,0.2,2.08,0,0,0,10.3,10.13,9.474998,10.414,null,null,2.590118
DXV,7/9/2008 12:00:00 AM,9.3,9.6,9.3,9.6,28690,9.6,9.2,9.4,0.2,2.13,0,300,0,10.06,10.14,9.539999,10.368,null,null,0.04983889
DXV,7/8/2008 12:00:00 AM,9.4,9.6,9.4,9.4,28960,9.8,9.4,9.6,-0.2,-2.08,0,500,0,9.82,10.11,9.584998,10.328,null,null,-0.5593794
DXV,7/7/2008 12:00:00 AM,10,10,9.6,9.6,124050,10,9.6,9.8,-0.2,-2.04,0,0,0,9.68,10.08,9.629999,10.282,null,null,0.9258699
DXV,7/4/2008 12:00:00 AM,9.8,9.8,9.8,9.8,21510,9.8,9.4,9.6,0.2,2.08,0,0,0,9.64,10.04,9.674999,10.228,null,False,1.028908
DXV,7/3/2008 12:00:00 AM,9.6,9.6,9.6,9.6,15540,9.6,9.2,9.4,0.2,2.13,0,0,0,9.6,9.950001,9.719999,10.158,null,null,-0.5824071
DXV,7/2/2008 12:00:00 AM,9.4,9.4,9.2,9.4,40750,9.4,9,9.2,0.2,2.17,0,600,0,9.56,9.81,9.745,10.072,null,null,-2.526644
DXV,7/1/2008 12:00:00 AM,8.9,9.2,8.9,9.2,37620,9.2,8.8,9,0.2,2.22,0,0,0,9.52,9.67,9.76,9.967999,null,null,-4.220024
DXV,6/30/2008 12:00:00 AM,8.8,9,8.7,9,44220,9,8.6,8.8,0.2,2.27,0,0,0,9.4,9.54,9.765,9.845999,null,null,-5.779195
DXV,6/27/2008 12:00:00 AM,8.5,8.8,8.5,8.8,55830,8.9,8.5,8.7,0.1,1.15,0,0,0,9.2,9.42,9.75,9.725999,False,null,-7.4925
DXV,6/26/2008 12:00:00 AM,8.3,8.7,8.3,8.7,115180,8.7,8.3,8.5,0.2,2.35,0,0,0,9.02,9.309999,9.719999,9.617999,null,null,-8.962744
DXV,6/25/2008 12:00:00 AM,8.5,8.7,8.5,8.5,72570,8.9,8.5,8.7,-0.2,-2.3,0,0,0,8.84,9.2,9.67,9.517999,null,null,-9.646791
DXV,6/24/2008 12:00:00 AM,8.7,8.9,8.7,8.7,59890,9.1,8.7,8.9,-0.2,-2.25,0,0,0,8.74,9.13,9.620001,9.434,null,null,-8.5433
DXV,6/23/2008 12:00:00 AM,8.9,8.9,8.9,8.9,5220,9.3,8.9,9.1,-0.2,-2.2,0,0,0,8.719999,9.059999,9.570001,9.366,null,null,-7.7855
DXV,6/20/2008 12:00:00 AM,9.1,9.1,9.1,9.1,1540,9.5,9.1,9.3,-0.2,-2.15,0,0,0,8.780001,8.99,9.515001,9.312,null,null,-5.852499
DXV,6/19/2008 12:00:00 AM,9.3,9.3,9.3,9.3,13870,9.7,9.3,9.5,-0.2,-2.11,0,200,0,8.9,8.96,9.455001,9.272,null,null,-3.060347
DXV,6/18/2008 12:00:00 AM,9.5,9.5,9.5,9.5,46290,9.7,9.5,9.6,-0.1,-1.04,0,3330,0,9.1,8.969999,9.390001,9.246,null,null,1.341238
DXV,6/17/2008 12:00:00 AM,9.6,9.6,9.6,9.6,119030,9.6,9.4,9.5,0.1,1.05,0,0,0,9.280001,9.01,9.340001,9.232,null,null,5.832193
DXV,6/16/2008 12:00:00 AM,9.5,9.5,9.5,9.5,50200,9.5,9.3,9.4,0.1,1.06,0,0,0,9.4,9.059999,9.3,9.224,null,null,5.820697
DXV,6/13/2008 12:00:00 AM,9.4,9.5,9.4,9.4,41550,9.6,9.4,9.5,-0.1,-1.05,0,0,0,9.46,9.12,9.27,9.222001,null,null,6.124429
DXV,6/12/2008 12:00:00 AM,9.5,9.5,9.4,9.5,35510,9.6,9.4,9.5,0,0,0,16000,0,9.5,9.2,9.255,9.23,null,null,9.465621
DXV,6/11/2008 12:00:00 AM,9.4,9.6,9.4,9.5,39600,9.6,9.4,9.5,0,0,0,23000,0,9.5,9.3,9.25,9.246001,null,null,11.6635
DXV,6/10/2008 12:00:00 AM,9.5,9.5,9.5,9.5,1430,9.7,9.5,9.6,-0.1,-1.04,0,0,0,9.48,9.38,9.255,9.254001,null,null,10.57171
DXV,6/9/2008 12:00:00 AM,9.6,9.6,9.6,9.6,490,9.8,9.6,9.7,-0.1,-1.03,0,0,0,9.5,9.45,9.255,9.262,null,null,13.04732
DXV,6/6/2008 12:00:00 AM,9.7,9.7,9.7,9.7,1040,9.9,9.7,9.8,-0.1,-1.02,0,10,0,9.559999,9.51,9.249999,9.273999,null,null,15.80045
DXV,6/5/2008 12:00:00 AM,9.8,9.8,9.8,9.8,20,10,9.8,9.9,-0.1,-1.01,0,0,0,9.62,9.559999,9.26,9.292,null,null,17.76789
DXV,6/4/2008 12:00:00 AM,9.9,9.9,9.9,9.9,1460,10.3,9.9,10.1,-0.2,-1.98,0,0,0,9.7,9.6,9.285,9.316,null,null,17.67385
DXV,6/3/2008 12:00:00 AM,10.1,10.1,10.1,10.1,2810,10.5,10.1,10.3,-0.2,-1.94,0,0,0,9.82,9.65,9.33,9.348,null,null,18.30247
DXV,6/3/2008 12:00:00 AM,10.1,10.1,10.1,10.1,2810,10.5,10.1,10.3,-0.2,-1.94,0,0,0,9.92,9.710001,9.385,9.383999,null,null,13.7903
DXV,6/2/2008 12:00:00 AM,10,10.3,10,10.3,190,10.3,10,10.2,0.1,0.98,0,0,0,10.04,9.8,9.46,9.427999,null,null,11.90794
DXV,5/30/2008 12:00:00 AM,10.7,10.7,10.7,10.7,2410,11.4,10.4,10.9,-0.2,-1.83,0,0,0,10.22,9.92,9.559999,9.475999,null,null,15.03414
DXV,5/29/2008 12:00:00 AM,10.9,10.9,10.9,10.9,0,0,0,0,10.9,0,0,0,0,10.42,10.06,9.68,9.527999,null,null,13.30034
DXV,5/29/2008 12:00:00 AM,10.9,10.9,10.9,10.9,0,0,0,0,10.9,0,0,0,0,10.58,10.2,9.79,9.576,null,null,10.28564
DXV,5/28/2008 12:00:00 AM,10.9,10.9,10.9,10.9,0,0,0,0,10.9,0,0,0,0,10.74,10.33,9.89,9.619999,null,null,8.308558
DXV,5/28/2008 12:00:00 AM,10.9,10.9,10.9,10.9,0,0,0,0,10.9,0,0,0,0,10.86,10.45,9.98,9.66,null,null,6.88375
DXV,5/27/2008 12:00:00 AM,10.9,10.9,10.9,10.9,0,0,0,0,10.9,0,0,0,0,10.9,10.56,10.06,9.703999,null,null,5.853091
DXV,5/27/2008 12:00:00 AM,10.9,10.9,10.9,10.9,0,0,0,0,10.9,0,0,0,0,10.9,10.66,10.13,9.743999,null,null,5.091564
DXV,5/26/2008 12:00:00 AM,10.9,10.9,10.9,10.9,50,11.3,10.9,11.1,-0.2,-1.8,0,0,0,10.9,10.74,10.195,9.783999,null,null,4.523615
DXV,5/23/2008 12:00:00 AM,11.1,11.1,11.1,11.1,60,11.5,11.1,11.3,-0.2,-1.77,0,0,0,10.94,10.84,10.275,9.828,null,null,5.198948
DXV,5/22/2008 12:00:00 AM,11.3,11.3,11.3,11.3,1000,11.7,11.3,11.5,-0.2,-1.74,0,0,0,11.02,10.94,10.37,9.872,null,null,5.715539
DXV,5/21/2008 12:00:00 AM,11.5,11.5,11.5,11.5,4380,11.9,11.5,11.7,-0.2,-1.71,0,4000,0,11.14,11.02,10.47,9.916,null,null,6.091512
DXV,5/20/2008 12:00:00 AM,11.7,11.7,11.7,11.7,22430,12.1,11.7,11.9,-0.2,-1.68,0,10000,0,11.3,11.1,10.58,9.96,null,null,6.38454
DXV,5/19/2008 12:00:00 AM,11.9,11.9,11.9,11.9,1870,12.3,11.9,12.1,-0.2,-1.65,0,0,0,11.5,11.2,10.7,10.004,null,null,6.599887
DXV,5/16/2008 12:00:00 AM,12.1,12.1,12.1,12.1,1120,12.5,12.1,12.3,-0.2,-1.63,0,100,0,11.7,11.32,10.825,10.048,null,null,6.729785
DXV,5/15/2008 12:00:00 AM,12.3,12.3,12.3,12.3,90,12.7,12.3,12.5,-0.2,-1.6,0,0,0,11.9,11.46,10.955,10.09,null,null,6.833314
DXV,5/14/2008 12:00:00 AM,12.5,12.5,12.5,12.5,110,12.9,12.5,12.7,-0.2,-1.57,0,0,0,12.1,11.62,11.09,10.13,null,null,6.914286
DXV,5/13/2008 12:00:00 AM,12.7,12.7,12.7,12.7,50,13.1,12.7,12.9,-0.2,-1.55,0,0,0,12.3,11.8,11.23,10.168,null,null,6.972894
DXV,5/12/2008 12:00:00 AM,12.9,12.9,12.9,12.9,100,13.3,12.9,13.1,-0.2,-1.53,0,0,0,12.5,12,11.37,10.214,null,null,7.008403
DXV,5/9/2008 12:00:00 AM,13.1,13.1,13.1,13.1,2870,13.5,13.1,13.3,-0.2,-1.5,0,0,0,12.7,12.2,11.52,10.27,null,null,7.061141
DXV,5/8/2008 12:00:00 AM,13.3,13.3,13.3,13.3,350,13.7,13.3,13.5,-0.2,-1.48,0,0,0,12.9,12.4,11.67,10.336,null,null,7.046325
DXV,5/7/2008 12:00:00 AM,13.5,13.7,13.5,13.5,14180,13.9,13.5,13.7,-0.2,-1.46,0,100,0,13.1,12.6,11.81,10.41,null,null,7.263476
DXV,5/6/2008 12:00:00 AM,13.7,13.7,13.7,13.7,1940,14.1,13.7,13.9,-0.2,-1.44,0,0,0,13.3,12.8,11.95,10.492,null,null,7.071165
DXV,5/5/2008 12:00:00 AM,14.1,14.1,13.9,13.9,7290,14.1,13.7,13.9,0,0,0,0,0,13.5,13,12.1,10.582,null,null,7.407434
DXV,4/29/2008 12:00:00 AM,13.9,13.9,13.7,13.9,76200,13.9,13.5,13.7,0.2,1.46,0,0,0,13.66,13.18,12.25,10.668,null,null,6.199072
DXV,4/28/2008 12:00:00 AM,13.6,13.7,13.6,13.7,9920,13.7,13.3,13.5,0.2,1.48,0,0,0,13.74,13.32,12.39,10.746,null,null,4.978745
DXV,4/25/2008 12:00:00 AM,13.3,13.7,13.3,13.5,6580,13.7,13.3,13.5,0,0,0,0,0,13.74,13.42,12.52,10.824,null,null,3.854589
DXV,4/24/2008 12:00:00 AM,13.5,13.9,13.5,13.5,9140,13.9,13.5,13.7,-0.2,-1.46,0,0,0,13.7,13.5,12.65,10.906,null,null,3.839806
DXV,4/23/2008 12:00:00 AM,14,14.1,13.7,13.7,9430,14.1,13.7,13.9,-0.2,-1.44,0,0,0,13.66,13.58,12.79,10.996,null,null,4.02347
DXV,4/22/2008 12:00:00 AM,13.9,13.9,13.7,13.9,37820,13.9,13.5,13.7,0.2,1.46,0,0,0,13.66,13.66,12.93,11.094,null,null,3.479692
DXV,4/21/2008 12:00:00 AM,13.7,13.7,13.7,13.7,2370,14.1,13.7,13.9,-0.2,-1.44,0,0,0,13.66,13.7,13.05,11.192,null,null,2.553214
DXV,4/18/2008 12:00:00 AM,13.9,13.9,13.9,13.9,6040,14.3,13.9,14.1,-0.2,-1.42,0,200,0,13.74,13.74,13.17,11.296,null,null,2.835331
DXV,4/17/2008 12:00:00 AM,13.7,14.1,13.7,14.1,6090,14.1,13.7,13.9,0.2,1.44,0,0,0,13.86,13.78,13.29,11.408,null,null,2.668267
DXV,4/16/2008 12:00:00 AM,13.9,13.9,13.9,13.9,3240,14.3,13.9,14.1,-0.2,-1.42,0,0,0,13.9,13.78,13.39,11.512,null,null,2.074418
DXV,4/11/2008 12:00:00 AM,14.1,14.1,14.1,14.1,580,14.5,14.1,14.3,-0.2,-1.4,0,0,0,13.94,13.8,13.49,11.616,null,null,2.455179
DXV,4/10/2008 12:00:00 AM,14.5,14.5,14.3,14.3,850,15.22,13.78,14.5,-0.2,-1.38,0,0,0,14.06,13.86,13.59,11.72,null,null,3.081879
DXV,4/9/2008 12:00:00 AM,14.3,14.7,14.3,14.5,11540,14.7,14.3,14.5,0,0,0,3000,0,14.18,13.96,13.69,11.824,null,null,3.228901
DXV,4/8/2008 12:00:00 AM,14.5,14.5,14.3,14.5,52960,14.5,14.1,14.3,0.2,1.4,0,0,0,14.26,14.06,13.78,11.924,null,null,2.668858
DXV,4/7/2008 12:00:00 AM,14.3,14.3,14.3,14.3,10100,14.3,13.9,14.1,0.2,1.42,0,0,0,14.34,14.12,13.85,12.018,null,null,1.908487
DXV,4/4/2008 12:00:00 AM,14.1,14.1,14.1,14.1,10,14.1,13.9,14,0.1,0.71,0,0,0,14.34,14.14,13.9,12.11,null,null,0.9344217
DXV,4/3/2008 12:00:00 AM,14,14,14,14,880,14,13.8,13.9,0.1,0.72,0,0,0,14.28,14.17,13.935,12.202,null,null,0.3767771
DXV,4/2/2008 12:00:00 AM,13.9,13.9,13.9,13.9,100,13.9,13.7,13.8,0.1,0.72,0,0,0,14.16,14.17,13.955,12.29,null,null,-0.1662135
DXV,4/1/2008 12:00:00 AM,13.8,13.8,13.8,13.8,5100,13.8,13.6,13.7,0.1,0.73,0,0,0,14.02,14.14,13.96,12.376,null,null,-0.6895739
DXV,3/31/2008 12:00:00 AM,13.7,13.7,13.7,13.7,1810,13.7,13.5,13.6,0.1,0.74,0,100,0,13.9,14.12,13.95,12.46,null,null,-1.228965
DXV,3/28/2008 12:00:00 AM,13.5,13.6,13.5,13.6,8390,13.6,13.4,13.5,0.1,0.74,0,0,0,13.8,14.07,13.935,12.54,null,null,-1.937378
DXV,3/27/2008 12:00:00 AM,13.4,13.5,13.4,13.5,6130,14.07,12.73,13.4,0.1,0.75,0,0,0,13.7,13.99,13.925,12.616,null,null,-2.56919
DXV,3/26/2008 12:00:00 AM,13.4,14.1,13.4,13.4,13130,14.8,13.4,14.1,-0.7,-4.96,0,0,0,13.6,13.88,13.92,12.688,null,null,-1.723654
DXV,3/25/2008 12:00:00 AM,14.1,14.1,14.1,14.1,1180,15.5,14.1,14.8,-0.7,-4.73,0,0,0,13.66,13.84,13.95,12.772,null,null,1.054183
DXV,3/24/2008 12:00:00 AM,14.8,14.8,14.8,14.8,9910,16.2,14.8,15.5,-0.7,-4.52,0,200,0,13.88,13.89,14.005,12.866,null,null,5.50002
DXV,3/21/2008 12:00:00 AM,15.5,15.5,15.5,15.5,7990,17.1,15.5,16.3,-0.8,-4.91,0,0,0,14.26,14.03,14.085,12.974,null,null,9.829619
DXV,3/20/2008 12:00:00 AM,16.3,17,16.3,16.3,9600,17.9,16.3,17.1,-0.8,-4.68,0,0,0,14.82,14.26,14.215,13.094,null,null,15.60391
DXV,3/19/2008 12:00:00 AM,17.1,18.9,17.1,17.1,59710,18.9,17.1,18,-0.9,-5,0,0,0,15.56,14.58,14.375,13.222,null,null,20.37832
DXV,3/18/2008 12:00:00 AM,18,18,18,18,720,19.8,18,18.9,-0.9,-4.76,0,0,0,16.34,15,14.57,13.364,null,null,18.75111
DXV,3/17/2008 12:00:00 AM,18.9,18.9,18.9,18.9,2500,20.7,18.9,19.8,-0.9,-4.55,0,0,0,17.16,15.52,14.82,13.524,null,null,20.10939
DXV,3/14/2008 12:00:00 AM,19.8,19.8,19.8,19.8,4870,21.8,19.8,20.8,-1,-4.81,0,20,0,18.02,16.14,15.105,13.702,null,null,20.44384
DXV,3/13/2008 12:00:00 AM,20.8,20.8,20.8,20.8,8620,22.89,20.71,21.8,-1,-4.59,0,0,0,18.92,16.87,15.43,13.9,null,null,20.63338
DXV,3/12/2008 12:00:00 AM,21.8,21.8,21.8,21.8,15590,24,21.8,22.9,-1.1,-4.8,0,0,0,19.86,17.71,15.795,14.118,null,null,20.38729
DXV,3/11/2008 12:00:00 AM,22.9,22.9,22.9,22.9,2290,25.3,22.9,24.1,-1.2,-4.98,0,0,0,20.84,18.59,16.215,14.358,null,null,20.07644
DXV,3/10/2008 12:00:00 AM,26.2,26.2,24.1,24.1,17310,26.57,24.04,25.3,-1.2,-4.74,0,0,0,21.88,19.52,16.705,14.622,null,null,21.35628
DXV,3/7/2008 12:00:00 AM,23,25.3,23,25.3,144960,25.3,22.9,24.1,1.2,4.98,0,0,0,22.98,20.5,17.265,14.906,null,null,16.82151
DXV,3/6/2008 12:00:00 AM,25,26.1,23.7,24.1,48880,26.1,23.7,24.9,-0.8,-3.21,0,0,0,23.64,21.28,17.77,15.162,null,null,14.16359
DXV,3/5/2008 12:00:00 AM,24.9,24.9,24.9,24.9,200,27.5,24.9,26.2,-1.3,-4.96,0,0,0,24.26,22.06,18.32,15.43,null,null,12.34982
DXV,3/4/2008 12:00:00 AM,26.2,26.2,26.2,26.2,210,28.8,26.2,27.5,-1.3,-4.73,0,0,0,24.92,22.88,18.94,15.72,null,null,12.4957
DXV,3/3/2008 12:00:00 AM,27.5,27.5,27.5,27.5,20,30.3,27.5,28.9,-1.4,-4.84,0,0,0,25.6,23.74,19.63,16.032,null,null,12.39814
DXV,2/29/2008 12:00:00 AM,28.9,28.9,28.9,28.9,300,31.9,28.9,30.4,-1.5,-4.93,0,0,0,26.32,24.65,20.395,16.368,null,null,12.26183
DXV,2/28/2008 12:00:00 AM,30.5,30.5,30.4,30.4,340,33.6,30.4,32,-1.6,-5,0,100,0,27.58,25.61,21.24,16.73,null,null,12.12437
DXV,2/27/2008 12:00:00 AM,32,32,32,32,220,35.2,32,33.6,-1.6,-4.76,0,0,0,29,26.63,22.17,17.12,null,null,11.86953
