CODE,DATE,CLOSING PRICE,CLOSING PRICE,CLOSING PRICE
NYA,1/9/2004,6526.17,6526.17,6526.17
NYA,1/12/2004,6543.68,6543.68,6543.68
NYA,1/13/2004,6509.45,6509.45,6509.45
NYA,1/14/2004,6559.81,6559.81,6559.81
NYA,1/15/2004,6550.04,6550.04,6550.04
NYA,1/16/2004,6567.68,6567.68,6567.68
NYA,1/20/2004,6599.48,6599.48,6599.48
NYA,1/21/2004,6658.32,6658.32,6658.32
NYA,1/22/2004,6657.09,6657.09,6657.09
NYA,1/23/2004,6626.82,6626.82,6626.82
NYA,1/26/2004,6672.04,6672.04,6672.04
NYA,1/27/2004,6639.78,6639.78,6639.78
NYA,1/28/2004,6555.97,6555.97,6555.97
NYA,1/29/2004,6555.71,6555.71,6555.71
NYA,1/30/2004,6551.63,6551.63,6551.63
NYA,2/2/2004,6568.7,6568.7,6568.7
NYA,2/3/2004,6574.82,6574.82,6574.82
NYA,2/4/2004,6526.1,6526.1,6526.1
NYA,2/5/2004,6544.28,6544.28,6544.28
NYA,2/6/2004,6632.67,6632.67,6632.67
NYA,2/9/2004,6641.82,6641.82,6641.82
NYA,2/10/2004,6677.04,6677.04,6677.04
NYA,2/11/2004,6751.05,6751.05,6751.05
NYA,2/12/2004,6716.19,6716.19,6716.19
NYA,2/13/2004,6691.4,6691.4,6691.4
NYA,2/17/2004,6770.27,6770.27,6770.27
NYA,2/18/2004,6719.14,6719.14,6719.14
NYA,2/19/2004,6715.29,6715.29,6715.29
NYA,2/20/2004,6676.71,6676.71,6676.71
NYA,2/23/2004,6665.5,6665.5,6665.5
NYA,2/24/2004,6654.88,6654.88,6654.88
NYA,2/25/2004,6670.27,6670.27,6670.27
NYA,2/26/2004,6677.66,6677.66,6677.66
NYA,2/27/2004,6692.37,6692.37,6692.37
NYA,3/1/2004,6766.56,6766.56,6766.56
NYA,3/2/2004,6717.13,6717.13,6717.13
NYA,3/3/2004,6718.33,6718.33,6718.33
NYA,3/4/2004,6742.75,6742.75,6742.75
NYA,3/5/2004,6780.03,6780.03,6780.03
NYA,3/8/2004,6741.38,6741.38,6741.38
NYA,3/9/2004,6698.07,6698.07,6698.07
NYA,3/10/2004,6591.72,6591.72,6591.72
NYA,3/11/2004,6480.55,6480.55,6480.55
NYA,3/12/2004,6545.96,6545.96,6545.96
NYA,3/15/2004,6445.12,6445.12,6445.12
NYA,3/16/2004,6489.71,6489.71,6489.71
NYA,3/17/2004,6567.72,6567.72,6567.72
NYA,3/18/2004,6561.17,6561.17,6561.17
NYA,3/19/2004,6501.53,6501.53,6501.53
NYA,3/22/2004,6404.27,6404.27,6404.27
NYA,3/23/2004,6418.32,6418.32,6418.32
NYA,3/24/2004,6375.67,6375.67,6375.67
NYA,3/25/2004,6464.42,6464.42,6464.42
NYA,3/26/2004,6469.57,6469.57,6469.57
NYA,3/29/2004,6553.56,6553.56,6553.56
NYA,3/30/2004,6586.63,6586.63,6586.63
NYA,3/31/2004,6599.06,6599.06,6599.06
NYA,4/1/2004,6644.34,6644.34,6644.34
NYA,4/2/2004,6680.33,6680.33,6680.33
NYA,4/5/2004,6715.09,6715.09,6715.09
NYA,4/6/2004,6694.14,6694.14,6694.14
NYA,4/7/2004,6675.4,6675.4,6675.4
NYA,4/8/2004,6655.71,6655.71,6655.71
NYA,4/12/2004,6683.65,6683.65,6683.65
NYA,4/13/2004,6583.63,6583.63,6583.63
NYA,4/14/2004,6551.17,6551.17,6551.17
NYA,4/15/2004,6569.46,6569.46,6569.46
NYA,4/16/2004,6616.93,6616.93,6616.93
NYA,4/19/2004,6620.05,6620.05,6620.05
NYA,4/20/2004,6527.12,6527.12,6527.12
NYA,4/21/2004,6546.77,6546.77,6546.77
NYA,4/22/2004,6633.3,6633.3,6633.3
NYA,4/23/2004,6616.88,6616.88,6616.88
NYA,4/26/2004,6597.7,6597.7,6597.7
NYA,4/27/2004,6612.7,6612.7,6612.7
NYA,4/28/2004,6500.21,6500.21,6500.21
NYA,4/29/2004,6452.23,6452.23,6452.23
NYA,4/30/2004,6439.42,6439.42,6439.42
NYA,5/3/2004,6488.75,6488.75,6488.75
NYA,5/4/2004,6531.24,6531.24,6531.24
NYA,5/5/2004,6554.02,6554.02,6554.02
NYA,5/6/2004,6483.09,6483.09,6483.09
NYA,5/7/2004,6364.07,6364.07,6364.07
NYA,5/10/2004,6251.82,6251.82,6251.82
NYA,5/11/2004,6300.96,6300.96,6300.96
NYA,5/12/2004,6311.14,6311.14,6311.14
NYA,5/13/2004,6294.58,6294.58,6294.58
NYA,5/14/2004,6293.34,6293.34,6293.34
NYA,5/17/2004,6231.19,6231.19,6231.19
NYA,5/18/2004,6276.53,6276.53,6276.53
NYA,5/19/2004,6287.16,6287.16,6287.16
NYA,5/20/2004,6277.11,6277.11,6277.11
NYA,5/21/2004,6308.12,6308.12,6308.12
NYA,5/24/2004,6334.13,6334.13,6334.13
NYA,5/25/2004,6429.32,6429.32,6429.32
NYA,5/26/2004,6435.14,6435.14,6435.14
NYA,5/27/2004,6492.3,6492.3,6492.3
NYA,5/28/2004,6484.72,6484.72,6484.72
NYA,6/1/2004,6487.25,6487.25,6487.25
NYA,6/2/2004,6506.34,6506.34,6506.34
NYA,6/3/2004,6456.71,6456.71,6456.71
NYA,6/4/2004,6503.88,6503.88,6503.88
NYA,6/7/2004,6610.89,6610.89,6610.89
NYA,6/8/2004,6603.42,6603.42,6603.42
NYA,6/9/2004,6525.52,6525.52,6525.52
NYA,6/10/2004,6556.97,6556.97,6556.97
NYA,6/14/2004,6465.21,6465.21,6465.21
NYA,6/15/2004,6526.03,6526.03,6526.03
NYA,6/16/2004,6535.37,6535.37,6535.37
NYA,6/17/2004,6546.01,6546.01,6546.01
NYA,6/18/2004,6566.58,6566.58,6566.58
NYA,6/21/2004,6545.16,6545.16,6545.16
NYA,6/22/2004,6553.81,6553.81,6553.81
NYA,6/23/2004,6602.34,6602.34,6602.34
NYA,6/24/2004,6597.56,6597.56,6597.56
NYA,6/25/2004,6571.2,6571.2,6571.2
NYA,6/28/2004,6571.58,6571.58,6571.58
NYA,6/29/2004,6574.52,6574.52,6574.52
NYA,6/30/2004,6602.99,6602.99,6602.99
NYA,7/1/2004,6544.76,6544.76,6544.76
NYA,7/2/2004,6542.36,6542.36,6542.36
NYA,7/6/2004,6497.53,6497.53,6497.53
NYA,7/7/2004,6518.71,6518.71,6518.71
NYA,7/8/2004,6473.58,6473.58,6473.58
NYA,7/9/2004,6500.4,6500.4,6500.4
NYA,7/12/2004,6503.78,6503.78,6503.78
NYA,7/13/2004,6504.6,6504.6,6504.6
NYA,7/14/2004,6488.8,6488.8,6488.8
NYA,7/15/2004,6457.12,6457.12,6457.12
NYA,7/16/2004,6456.02,6456.02,6456.02
NYA,7/19/2004,6446.66,6446.66,6446.66
NYA,7/20/2004,6473.03,6473.03,6473.03
NYA,7/21/2004,6390.21,6390.21,6390.21
NYA,7/22/2004,6390.63,6390.63,6390.63
NYA,7/23/2004,6324.1,6324.1,6324.1
NYA,7/26/2004,6297.64,6297.64,6297.64
NYA,7/27/2004,6347.6,6347.6,6347.6
NYA,7/28/2004,6357.77,6357.77,6357.77
NYA,7/29/2004,6394.07,6394.07,6394.07
NYA,7/30/2004,6403.15,6403.15,6403.15
NYA,8/2/2004,6426.4,6426.4,6426.4
NYA,8/3/2004,6402.71,6402.71,6402.71
NYA,8/4/2004,6385.06,6385.06,6385.06
NYA,8/5/2004,6295.1,6295.1,6295.1
NYA,8/6/2004,6225.83,6225.83,6225.83
NYA,8/9/2004,6227.55,6227.55,6227.55
NYA,8/10/2004,6295.11,6295.11,6295.11
NYA,8/11/2004,6278.6,6278.6,6278.6
NYA,8/12/2004,6217.06,6217.06,6217.06
NYA,8/13/2004,6234.84,6234.84,6234.84
NYA,8/16/2004,6315.95,6315.95,6315.95
NYA,8/17/2004,6320.25,6320.25,6320.25
NYA,8/18/2004,6386.73,6386.73,6386.73
NYA,8/19/2004,6372.63,6372.63,6372.63
NYA,8/20/2004,6414.67,6414.67,6414.67
NYA,8/23/2004,6385.44,6385.44,6385.44
NYA,8/24/2004,6382.51,6382.51,6382.51
NYA,8/25/2004,6431.79,6431.79,6431.79
NYA,8/26/2004,6439.79,6439.79,6439.79
NYA,8/27/2004,6455.52,6455.52,6455.52
NYA,8/30/2004,6414.54,6414.54,6414.54
NYA,8/31/2004,6454.22,6454.22,6454.22
NYA,9/1/2004,6469.86,6469.86,6469.86
NYA,9/2/2004,6535.05,6535.05,6535.05
NYA,9/3/2004,6510.44,6510.44,6510.44
NYA,9/7/2004,6555.64,6555.64,6555.64
NYA,9/8/2004,6534.09,6534.09,6534.09
NYA,9/9/2004,6544.31,6544.31,6544.31
NYA,9/10/2004,6568.3,6568.3,6568.3
NYA,9/13/2004,6581.81,6581.81,6581.81
NYA,9/14/2004,6594.21,6594.21,6594.21
NYA,9/15/2004,6546.32,6546.32,6546.32
NYA,9/16/2004,6574.61,6574.61,6574.61
NYA,9/17/2004,6604,6604,6604
NYA,9/20/2004,6565.9,6565.9,6565.9
NYA,9/21/2004,6633.22,6633.22,6633.22
NYA,9/22/2004,6548.56,6548.56,6548.56
NYA,9/23/2004,6521.43,6521.43,6521.43
NYA,9/24/2004,6531.37,6531.37,6531.37
NYA,9/27/2004,6496.37,6496.37,6496.37
NYA,9/28/2004,6543.39,6543.39,6543.39
NYA,9/29/2004,6560.68,6560.68,6560.68
NYA,9/30/2004,6570.25,6570.25,6570.25
NYA,10/1/2004,6663.18,6663.18,6663.18
NYA,10/4/2004,6677.75,6677.75,6677.75
NYA,10/5/2004,6679.25,6679.25,6679.25
NYA,10/6/2004,6717.43,6717.43,6717.43
NYA,10/7/2004,6654.22,6654.22,6654.22
NYA,10/8/2004,6636.42,6636.42,6636.42
NYA,10/11/2004,6643.17,6643.17,6643.17
NYA,10/12/2004,6609.71,6609.71,6609.71
NYA,10/13/2004,6556.53,6556.53,6556.53
NYA,10/14/2004,6516.1,6516.1,6516.1
NYA,10/15/2004,6559.38,6559.38,6559.38
NYA,10/18/2004,6572.37,6572.37,6572.37
NYA,10/19/2004,6530.39,6530.39,6530.39
NYA,10/20/2004,6539.48,6539.48,6539.48
NYA,10/21/2004,6563.49,6563.49,6563.49
NYA,10/22/2004,6521.32,6521.32,6521.32
NYA,10/25/2004,6520.9,6520.9,6520.9
NYA,10/26/2004,6598.45,6598.45,6598.45
NYA,10/27/2004,6665.87,6665.87,6665.87
NYA,10/28/2004,6670.5,6670.5,6670.5
NYA,10/29/2004,6692.71,6692.71,6692.71
NYA,11/1/2004,6699.86,6699.86,6699.86
NYA,11/2/2004,6701.47,6701.47,6701.47
NYA,11/3/2004,6787.4,6787.4,6787.4
NYA,11/4/2004,6885.2,6885.2,6885.2
NYA,11/5/2004,6910.17,6910.17,6910.17
NYA,11/8/2004,6890,6890,6890
NYA,11/9/2004,6886.34,6886.34,6886.34
NYA,11/10/2004,6891.22,6891.22,6891.22
NYA,11/11/2004,6950.97,6950.97,6950.97
NYA,11/12/2004,7014.18,7014.18,7014.18
NYA,11/15/2004,7003.06,7003.06,7003.06
NYA,11/16/2004,6959.3,6959.3,6959.3
NYA,11/17/2004,7013.46,7013.46,7013.46
NYA,11/18/2004,7002.91,7002.91,7002.91
NYA,11/19/2004,6947.19,6947.19,6947.19
NYA,11/22/2004,6979.79,6979.79,6979.79
NYA,11/23/2004,6985.3,6985.3,6985.3
NYA,11/24/2004,7016.35,7016.35,7016.35
NYA,11/26/2004,7046.69,7046.69,7046.69
NYA,11/29/2004,7032.23,7032.23,7032.23
NYA,11/30/2004,7005.72,7005.72,7005.72
NYA,12/1/2004,7097.32,7097.32,7097.32
NYA,12/2/2004,7074.82,7074.82,7074.82
NYA,12/3/2004,7092.62,7092.62,7092.62
NYA,12/6/2004,7082.58,7082.58,7082.58
NYA,12/7/2004,7014.72,7014.72,7014.72
NYA,12/8/2004,7029.97,7029.97,7029.97
NYA,12/9/2004,7048.1,7048.1,7048.1
NYA,12/10/2004,7028.51,7028.51,7028.51
NYA,12/13/2004,7102.41,7102.41,7102.41
NYA,12/14/2004,7124.61,7124.61,7124.61
NYA,12/15/2004,7159.65,7159.65,7159.65
NYA,12/16/2004,7131.98,7131.98,7131.98
NYA,12/17/2004,7098.09,7098.09,7098.09
NYA,12/20/2004,7116.98,7116.98,7116.98
NYA,12/21/2004,7167.03,7167.03,7167.03
NYA,12/22/2004,7190.14,7190.14,7190.14
NYA,12/23/2004,7208.78,7208.78,7208.78
NYA,12/27/2004,7197.27,7197.27,7197.27
NYA,12/28/2004,7245.81,7245.81,7245.81
NYA,12/29/2004,7242.24,7242.24,7242.24
NYA,12/30/2004,7253.56,7253.56,7253.56
NYA,12/31/2004,7250.06,7250.06,7250.06
NYA,1/3/2005,7179.71,7179.71,7179.71
NYA,1/4/2005,7090.52,7090.52,7090.52
NYA,1/5/2005,7055.21,7055.21,7055.21
NYA,1/6/2005,7076.94,7076.94,7076.94
NYA,1/7/2005,7057.51,7057.51,7057.51
NYA,1/10/2005,7081.7,7081.7,7081.7
NYA,1/11/2005,7044.11,7044.11,7044.11
NYA,1/12/2005,7075.64,7075.64,7075.64
NYA,1/13/2005,7028.67,7028.67,7028.67
NYA,1/14/2005,7066.22,7066.22,7066.22
NYA,1/18/2005,7114.53,7114.53,7114.53
NYA,1/19/2005,7059.27,7059.27,7059.27
NYA,1/20/2005,7010.47,7010.47,7010.47
NYA,1/21/2005,6996.56,6996.56,6996.56
NYA,1/24/2005,6984.03,6984.03,6984.03
NYA,1/25/2005,6998.64,6998.64,6998.64
NYA,1/26/2005,7046.4,7046.4,7046.4
NYA,1/27/2005,7048.97,7048.97,7048.97
NYA,1/28/2005,7031.99,7031.99,7031.99
NYA,1/31/2005,7089.83,7089.83,7089.83
NYA,2/1/2005,7146.21,7146.21,7146.21
NYA,2/2/2005,7169.39,7169.39,7169.39
NYA,2/3/2005,7148.32,7148.32,7148.32
NYA,2/4/2005,7217.43,7217.43,7217.43
NYA,2/7/2005,7200.91,7200.91,7200.91
NYA,2/8/2005,7207.45,7207.45,7207.45
NYA,2/9/2005,7161.99,7161.99,7161.99
NYA,2/10/2005,7210.65,7210.65,7210.65
NYA,2/11/2005,7261.64,7261.64,7261.64
NYA,2/14/2005,7280.37,7280.37,7280.37
NYA,2/15/2005,7303.96,7303.96,7303.96
NYA,2/16/2005,7306.76,7306.76,7306.76
NYA,2/17/2005,7272.54,7272.54,7272.54
NYA,2/18/2005,7287.47,7287.47,7287.47
NYA,2/22/2005,7211.17,7211.17,7211.17
NYA,2/23/2005,7243.28,7243.28,7243.28
NYA,2/24/2005,7283.28,7283.28,7283.28
NYA,2/25/2005,7361.89,7361.89,7361.89
NYA,2/28/2005,7321.23,7321.23,7321.23
NYA,3/1/2005,7351.03,7351.03,7351.03
NYA,3/2/2005,7343.14,7343.14,7343.14
NYA,3/3/2005,7357.12,7357.12,7357.12
NYA,3/4/2005,7441.18,7441.18,7441.18
NYA,3/7/2005,7440.31,7440.31,7440.31
NYA,3/8/2005,7426.17,7426.17,7426.17
NYA,3/9/2005,7354.74,7354.74,7354.74
NYA,3/10/2005,7354.98,7354.98,7354.98
NYA,3/11/2005,7330.43,7330.43,7330.43
NYA,3/14/2005,7353.89,7353.89,7353.89
NYA,3/15/2005,7310.41,7310.41,7310.41
NYA,3/16/2005,7264.47,7264.47,7264.47
NYA,3/17/2005,7284.31,7284.31,7284.31
NYA,3/18/2005,7276.84,7276.84,7276.84
NYA,3/21/2005,7229.2,7229.2,7229.2
NYA,3/22/2005,7158.97,7158.97,7158.97
NYA,3/23/2005,7127.18,7127.18,7127.18
NYA,3/24/2005,7128.8,7128.8,7128.8
NYA,3/28/2005,7131.52,7131.52,7131.52
NYA,3/29/2005,7070.53,7070.53,7070.53
NYA,3/30/2005,7158.5,7158.5,7158.5
NYA,3/31/2005,7167.53,7167.53,7167.53
NYA,4/1/2005,7136.36,7136.36,7136.36
NYA,4/4/2005,7137.53,7137.53,7137.53
NYA,4/5/2005,7170.9,7170.9,7170.9
NYA,4/6/2005,7191.18,7191.18,7191.18
NYA,4/7/2005,7227.08,7227.08,7227.08
NYA,4/8/2005,7181.5,7181.5,7181.5
NYA,4/11/2005,7189.42,7189.42,7189.42
NYA,4/12/2005,7208.04,7208.04,7208.04
NYA,4/13/2005,7133.99,7133.99,7133.99
NYA,4/14/2005,7063.74,7063.74,7063.74
NYA,4/15/2005,6958.35,6958.35,6958.35
NYA,4/18/2005,6969.09,6969.09,6969.09
NYA,4/19/2005,7030.74,7030.74,7030.74
NYA,4/20/2005,6937.6,6937.6,6937.6
NYA,4/21/2005,7049.18,7049.18,7049.18
NYA,4/22/2005,7015.85,7015.85,7015.85
NYA,4/25/2005,7071.86,7071.86,7071.86
NYA,4/26/2005,7011.21,7011.21,7011.21
NYA,4/27/2005,7010.21,7010.21,7010.21
NYA,4/28/2005,6935.31,6935.31,6935.31
NYA,4/29/2005,7008.32,7008.32,7008.32
NYA,5/2/2005,7043.01,7043.01,7043.01
NYA,5/3/2005,7032.03,7032.03,7032.03
NYA,5/4/2005,7124.69,7124.69,7124.69
NYA,5/5/2005,7117.29,7117.29,7117.29
NYA,5/6/2005,7110.08,7110.08,7110.08
NYA,5/9/2005,7144.6,7144.6,7144.6
NYA,5/10/2005,7066.81,7066.81,7066.81
NYA,5/11/2005,7079.86,7079.86,7079.86
NYA,5/12/2005,6989.64,6989.64,6989.64
NYA,5/13/2005,6937.69,6937.69,6937.69
NYA,5/16/2005,6996.13,6996.13,6996.13
NYA,5/17/2005,7034.64,7034.64,7034.64
NYA,5/18/2005,7113.12,7113.12,7113.12
NYA,5/19/2005,7140.96,7140.96,7140.96
NYA,5/20/2005,7121.02,7121.02,7121.02
NYA,5/23/2005,7155.95,7155.95,7155.95
NYA,5/24/2005,7153.98,7153.98,7153.98
NYA,5/25/2005,7129.24,7129.24,7129.24
NYA,5/26/2005,7164.47,7164.47,7164.47
NYA,5/27/2005,7184.9,7184.9,7184.9
NYA,5/31/2005,7134.33,7134.33,7134.33
NYA,6/1/2005,7190.65,7190.65,7190.65
NYA,6/2/2005,7206.08,7206.08,7206.08
NYA,6/3/2005,7169.21,7169.21,7169.21
NYA,6/6/2005,7184.49,7184.49,7184.49
NYA,6/7/2005,7199.32,7199.32,7199.32
NYA,6/8/2005,7180.57,7180.57,7180.57
NYA,6/9/2005,7212.13,7212.13,7212.13
NYA,6/10/2005,7200.11,7200.11,7200.11
NYA,6/13/2005,7213.02,7213.02,7213.02
NYA,6/14/2005,7235.14,7235.14,7235.14
NYA,6/15/2005,7256.39,7256.39,7256.39
NYA,6/16/2005,7289.76,7289.76,7289.76
NYA,6/17/2005,7346.32,7346.32,7346.32
NYA,6/20/2005,7325.69,7325.69,7325.69
NYA,6/21/2005,7314.25,7314.25,7314.25
NYA,6/22/2005,7320.09,7320.09,7320.09
NYA,6/23/2005,7246.55,7246.55,7246.55
NYA,6/24/2005,7209.06,7209.06,7209.06
NYA,6/27/2005,7210.32,7210.32,7210.32
NYA,6/28/2005,7267.92,7267.92,7267.92
NYA,6/29/2005,7262.31,7262.31,7262.31
NYA,6/30/2005,7217.78,7217.78,7217.78
NYA,7/1/2005,7245.59,7245.59,7245.59
NYA,7/5/2005,7289.67,7289.67,7289.67
NYA,7/6/2005,7251.87,7251.87,7251.87
NYA,7/7/2005,7254.57,7254.57,7254.57
NYA,7/8/2005,7330.58,7330.58,7330.58
NYA,7/11/2005,7382.5,7382.5,7382.5
NYA,7/12/2005,7411.85,7411.85,7411.85
NYA,7/13/2005,7400.83,7400.83,7400.83
NYA,7/14/2005,7403.4,7403.4,7403.4
NYA,7/15/2005,7403.59,7403.59,7403.59
NYA,7/18/2005,7372.44,7372.44,7372.44
NYA,7/19/2005,7414.57,7414.57,7414.57
NYA,7/20/2005,7453.41,7453.41,7453.41
NYA,7/21/2005,7412.41,7412.41,7412.41
NYA,7/22/2005,7447.16,7447.16,7447.16
NYA,7/25/2005,7423.25,7423.25,7423.25
NYA,7/26/2005,7428.07,7428.07,7428.07
NYA,7/27/2005,7465.44,7465.44,7465.44
NYA,7/28/2005,7516.78,7516.78,7516.78
NYA,7/29/2005,7476.66,7476.66,7476.66
NYA,8/1/2005,7502.1,7502.1,7502.1
NYA,8/2/2005,7556.59,7556.59,7556.59
NYA,8/3/2005,7566.54,7566.54,7566.54
NYA,8/4/2005,7515.18,7515.18,7515.18
NYA,8/5/2005,7453.29,7453.29,7453.29
NYA,8/8/2005,7452.71,7452.71,7452.71
NYA,8/9/2005,7505.58,7505.58,7505.58
NYA,8/10/2005,7528.39,7528.39,7528.39
NYA,8/11/2005,7590.83,7590.83,7590.83
NYA,8/12/2005,7558.33,7558.33,7558.33
NYA,8/15/2005,7564.78,7564.78,7564.78
NYA,8/16/2005,7480.16,7480.16,7480.16
NYA,8/17/2005,7461.77,7461.77,7461.77
NYA,8/18/2005,7433.24,7433.24,7433.24
NYA,8/19/2005,7458.54,7458.54,7458.54
NYA,8/22/2005,7486.54,7486.54,7486.54
NYA,8/23/2005,7453.78,7453.78,7453.78
NYA,8/24/2005,7417.42,7417.42,7417.42
NYA,8/25/2005,7434.58,7434.58,7434.58
NYA,8/26/2005,7379.86,7379.86,7379.86
NYA,8/29/2005,7413.98,7413.98,7413.98
NYA,8/30/2005,7397.06,7397.06,7397.06
NYA,8/31/2005,7496.09,7496.09,7496.09
NYA,9/1/2005,7543.85,7543.85,7543.85
NYA,9/2/2005,7531.13,7531.13,7531.13
NYA,9/6/2005,7618.96,7618.96,7618.96
NYA,9/7/2005,7625.24,7625.24,7625.24
NYA,9/8/2005,7594.64,7594.64,7594.64
NYA,9/9/2005,7663.82,7663.82,7663.82
NYA,9/12/2005,7637.51,7637.51,7637.51
NYA,9/13/2005,7578.25,7578.25,7578.25
NYA,9/14/2005,7577.29,7577.29,7577.29
NYA,9/15/2005,7583.14,7583.14,7583.14
NYA,9/16/2005,7646.29,7646.29,7646.29
NYA,9/19/2005,7611.89,7611.89,7611.89
NYA,9/20/2005,7562.84,7562.84,7562.84
NYA,9/21/2005,7515.02,7515.02,7515.02
NYA,9/22/2005,7519.86,7519.86,7519.86
NYA,9/23/2005,7518.9,7518.9,7518.9
NYA,9/26/2005,7556.45,7556.45,7556.45
NYA,9/27/2005,7548.65,7548.65,7548.65
NYA,9/28/2005,7575.1,7575.1,7575.1
NYA,9/29/2005,7632.5,7632.5,7632.5
NYA,9/30/2005,7632.98,7632.98,7632.98
NYA,10/3/2005,7626.23,7626.23,7626.23
NYA,10/4/2005,7558.1,7558.1,7558.1
NYA,10/5/2005,7436.36,7436.36,7436.36
NYA,10/6/2005,7399.66,7399.66,7399.66
NYA,10/7/2005,7435.19,7435.19,7435.19
NYA,10/10/2005,7385.57,7385.57,7385.57
NYA,10/11/2005,7380.81,7380.81,7380.81
NYA,10/12/2005,7322.74,7322.74,7322.74
NYA,10/13/2005,7293.12,7293.12,7293.12
NYA,10/14/2005,7362.59,7362.59,7362.59
NYA,10/17/2005,7370.84,7370.84,7370.84
NYA,10/18/2005,7277.91,7277.91,7277.91
NYA,10/19/2005,7363.07,7363.07,7363.07
NYA,10/20/2005,7234.09,7234.09,7234.09
NYA,10/21/2005,7254.49,7254.49,7254.49
NYA,10/24/2005,7374.53,7374.53,7374.53
NYA,10/25/2005,7361.84,7361.84,7361.84
NYA,10/26/2005,7334.77,7334.77,7334.77
NYA,10/27/2005,7263.32,7263.32,7263.32
NYA,10/28/2005,7369.55,7369.55,7369.55
NYA,10/31/2005,7433.12,7433.12,7433.12
NYA,11/1/2005,7425.18,7425.18,7425.18
NYA,11/2/2005,7509.82,7509.82,7509.82
NYA,11/3/2005,7534.81,7534.81,7534.81
NYA,11/4/2005,7507.56,7507.56,7507.56
NYA,11/7/2005,7519.42,7519.42,7519.42
NYA,11/8/2005,7489.72,7489.72,7489.72
NYA,11/9/2005,7500.99,7500.99,7500.99
NYA,11/10/2005,7530.13,7530.13,7530.13
NYA,11/11/2005,7561.4,7561.4,7561.4
NYA,11/14/2005,7549.17,7549.17,7549.17
NYA,11/15/2005,7509.38,7509.38,7509.38
NYA,11/16/2005,7518.98,7518.98,7518.98
NYA,11/17/2005,7601.12,7601.12,7601.12
NYA,11/18/2005,7634.58,7634.58,7634.58
NYA,11/21/2005,7676.64,7676.64,7676.64
NYA,11/22/2005,7715.35,7715.35,7715.35
NYA,11/23/2005,7743.34,7743.34,7743.34
NYA,11/25/2005,7747.52,7747.52,7747.52
NYA,11/28/2005,7687.42,7687.42,7687.42
NYA,11/29/2005,7692.99,7692.99,7692.99
NYA,11/30/2005,7645.28,7645.28,7645.28
NYA,12/1/2005,7756.54,7756.54,7756.54
NYA,12/2/2005,7760.85,7760.85,7760.85
NYA,12/5/2005,7759.24,7759.24,7759.24
NYA,12/6/2005,7775.85,7775.85,7775.85
NYA,12/7/2005,7731.28,7731.28,7731.28
NYA,12/8/2005,7743.43,7743.43,7743.43
NYA,12/9/2005,7762.6,7762.6,7762.6
NYA,12/12/2005,7790.99,7790.99,7790.99
NYA,12/13/2005,7825,7825,7825
NYA,12/14/2005,7852.18,7852.18,7852.18
NYA,12/15/2005,7815.71,7815.71,7815.71
NYA,12/16/2005,7814,7814,7814
NYA,12/19/2005,7778.59,7778.59,7778.59
NYA,12/20/2005,7777.27,7777.27,7777.27
NYA,12/21/2005,7806.75,7806.75,7806.75
NYA,12/22/2005,7833.77,7833.77,7833.77
NYA,12/23/2005,7841.9,7841.9,7841.9
NYA,12/27/2005,7767.85,7767.85,7767.85
NYA,12/28/2005,7795.76,7795.76,7795.76
NYA,12/29/2005,7788.14,7788.14,7788.14
NYA,12/30/2005,7753.95,7753.95,7753.95
NYA,1/3/2006,7912.41,7912.41,7912.41
NYA,1/4/2006,7962.94,7962.94,7962.94
NYA,1/5/2006,7944.06,7944.06,7944.06
NYA,1/6/2006,8031.66,8031.66,8031.66
NYA,1/9/2006,8053.42,8053.42,8053.42
NYA,1/10/2006,8030.59,8030.59,8030.59
NYA,1/11/2006,8063.51,8063.51,8063.51
NYA,1/12/2006,8008.09,8008.09,8008.09
NYA,1/13/2006,8025.94,8025.94,8025.94
NYA,1/17/2006,7992.6,7992.6,7992.6
NYA,1/18/2006,7953.01,7953.01,7953.01
NYA,1/19/2006,8018.22,8018.22,8018.22
NYA,1/20/2006,7902.27,7902.27,7902.27
NYA,1/23/2006,7953.92,7953.92,7953.92
NYA,1/24/2006,7973.02,7973.02,7973.02
NYA,1/25/2006,7969.49,7969.49,7969.49
NYA,1/26/2006,8044,8044,8044
NYA,1/27/2006,8096.14,8096.14,8096.14
NYA,1/30/2006,8105.25,8105.25,8105.25
NYA,1/31/2006,8106.55,8106.55,8106.55
NYA,2/1/2006,8112.22,8112.22,8112.22
NYA,2/2/2006,8038,8038,8038
NYA,2/3/2006,8001.4,8001.4,8001.4
NYA,2/6/2006,8019.87,8019.87,8019.87
NYA,2/7/2006,7932.5,7932.5,7932.5
NYA,2/8/2006,7974.91,7974.91,7974.91
NYA,2/9/2006,7980.17,7980.17,7980.17
NYA,2/10/2006,7980,7980,7980
NYA,2/13/2006,7947.8,7947.8,7947.8
NYA,2/14/2006,8021.57,8021.57,8021.57
NYA,2/15/2006,8019.76,8019.76,8019.76
NYA,2/16/2006,8086.74,8086.74,8086.74
NYA,2/17/2006,8092.42,8092.42,8092.42
NYA,2/21/2006,8082.66,8082.66,8082.66
NYA,2/22/2006,8128.2,8128.2,8128.2
NYA,2/23/2006,8107.76,8107.76,8107.76
NYA,2/24/2006,8126.03,8126.03,8126.03
NYA,2/27/2006,8139.67,8139.67,8139.67
NYA,2/28/2006,8060.61,8060.61,8060.61
NYA,3/1/2006,8130.63,8130.63,8130.63
NYA,3/2/2006,8126.53,8126.53,8126.53
NYA,3/3/2006,8119.91,8119.91,8119.91
NYA,3/6/2006,8067.44,8067.44,8067.44
NYA,3/7/2006,8017.36,8017.36,8017.36
NYA,3/8/2006,8026.09,8026.09,8026.09
NYA,3/9/2006,8007.83,8007.83,8007.83
NYA,3/10/2006,8079.24,8079.24,8079.24
NYA,3/13/2006,8114.11,8114.11,8114.11
NYA,3/14/2006,8197.6,8197.6,8197.6
NYA,3/15/2006,8236.69,8236.69,8236.69
NYA,3/16/2006,8261.92,8261.92,8261.92
NYA,3/17/2006,8271.61,8271.61,8271.61
NYA,3/20/2006,8255.64,8255.64,8255.64
NYA,3/21/2006,8199.84,8199.84,8199.84
NYA,3/22/2006,8255.88,8255.88,8255.88
NYA,3/23/2006,8227.04,8227.04,8227.04
NYA,3/24/2006,8252.39,8252.39,8252.39
NYA,3/27/2006,8232.02,8232.02,8232.02
NYA,3/28/2006,8175.72,8175.72,8175.72
NYA,3/29/2006,8249.38,8249.38,8249.38
NYA,3/30/2006,8271.79,8271.79,8271.79
NYA,3/31/2006,8233.2,8233.2,8233.2
NYA,4/3/2006,8269.65,8269.65,8269.65
NYA,4/4/2006,8324.75,8324.75,8324.75
NYA,4/5/2006,8369.17,8369.17,8369.17
NYA,4/6/2006,8359.82,8359.82,8359.82
NYA,4/7/2006,8270.65,8270.65,8270.65
NYA,4/10/2006,8283.08,8283.08,8283.08
NYA,4/11/2006,8214.46,8214.46,8214.46
NYA,4/12/2006,8220.55,8220.55,8220.55
NYA,4/13/2006,8227.95,8227.95,8227.95
NYA,4/17/2006,8242.15,8242.15,8242.15
NYA,4/18/2006,8389.44,8389.44,8389.44
NYA,4/19/2006,8431.25,8431.25,8431.25
NYA,4/20/2006,8422.13,8422.13,8422.13
NYA,4/21/2006,8461.06,8461.06,8461.06
NYA,4/24/2006,8440.59,8440.59,8440.59
NYA,4/25/2006,8405.92,8405.92,8405.92
NYA,4/26/2006,8429.86,8429.86,8429.86
NYA,4/27/2006,8440.5,8440.5,8440.5
NYA,4/28/2006,8471.43,8471.43,8471.43
NYA,5/1/2006,8461.75,8461.75,8461.75
NYA,5/2/2006,8541.8,8541.8,8541.8
NYA,5/3/2006,8497.23,8497.23,8497.23
NYA,5/4/2006,8531.61,8531.61,8531.61
NYA,5/5/2006,8632.94,8632.94,8632.94
NYA,5/8/2006,8623.22,8623.22,8623.22
NYA,5/9/2006,8646.96,8646.96,8646.96
NYA,5/10/2006,8631.59,8631.59,8631.59
NYA,5/11/2006,8526.74,8526.74,8526.74
NYA,5/12/2006,8411.26,8411.26,8411.26
NYA,5/15/2006,8378.21,8378.21,8378.21
NYA,5/16/2006,8387.57,8387.57,8387.57
NYA,5/17/2006,8199.38,8199.38,8199.38
NYA,5/18/2006,8148.18,8148.18,8148.18
NYA,5/19/2006,8176.06,8176.06,8176.06
NYA,5/22/2006,8094.8,8094.8,8094.8
NYA,5/23/2006,8094.96,8094.96,8094.96
NYA,5/24/2006,8062.93,8062.93,8062.93
NYA,5/25/2006,8187.4,8187.4,8187.4
NYA,5/26/2006,8241.15,8241.15,8241.15
NYA,5/30/2006,8110.99,8110.99,8110.99
NYA,5/31/2006,8189.11,8189.11,8189.11
NYA,6/1/2006,8270.88,8270.88,8270.88
NYA,6/2/2006,8305.25,8305.25,8305.25
NYA,6/5/2006,8145.53,8145.53,8145.53
NYA,6/6/2006,8100.71,8100.71,8100.71
NYA,6/7/2006,8037.06,8037.06,8037.06
NYA,6/8/2006,7992.49,7992.49,7992.49
NYA,6/9/2006,7965.32,7965.32,7965.32
NYA,6/12/2006,7855.44,7855.44,7855.44
NYA,6/13/2006,7719.78,7719.78,7719.78
NYA,6/14/2006,7780.33,7780.33,7780.33
NYA,6/15/2006,7976.45,7976.45,7976.45
NYA,6/16/2006,7933.86,7933.86,7933.86
NYA,6/19/2006,7850.23,7850.23,7850.23
NYA,6/20/2006,7860.36,7860.36,7860.36
NYA,6/21/2006,7953.46,7953.46,7953.46
NYA,6/22/2006,7920.32,7920.32,7920.32
NYA,6/23/2006,7924.62,7924.62,7924.62
NYA,6/26/2006,7966.79,7966.79,7966.79
NYA,6/27/2006,7886.48,7886.48,7886.48
NYA,6/28/2006,7929.7,7929.7,7929.7
NYA,6/29/2006,8138.86,8138.86,8138.86
NYA,6/30/2006,8169.07,8169.07,8169.07
NYA,7/3/2006,8241.51,8241.51,8241.51
NYA,7/5/2006,8163.94,8163.94,8163.94
NYA,7/6/2006,8197.84,8197.84,8197.84
NYA,7/7/2006,8155.05,8155.05,8155.05
NYA,7/10/2006,8175.18,8175.18,8175.18
NYA,7/11/2006,8206.28,8206.28,8206.28
NYA,7/12/2006,8113.18,8113.18,8113.18
NYA,7/13/2006,7991.85,7991.85,7991.85
NYA,7/14/2006,7950.07,7950.07,7950.07
NYA,7/17/2006,7892.87,7892.87,7892.87
NYA,7/18/2006,7898.36,7898.36,7898.36
NYA,7/19/2006,8076.65,8076.65,8076.65
NYA,7/20/2006,8007.53,8007.53,8007.53
NYA,7/21/2006,7953.14,7953.14,7953.14
NYA,7/24/2006,8099.94,8099.94,8099.94
NYA,7/25/2006,8149.77,8149.77,8149.77
NYA,7/26/2006,8164.26,8164.26,8164.26
NYA,7/27/2006,8144.86,8144.86,8144.86
NYA,7/28/2006,8254.98,8254.98,8254.98
NYA,7/31/2006,8242.12,8242.12,8242.12
NYA,8/1/2006,8206.1,8206.1,8206.1
NYA,8/2/2006,8259.91,8259.91,8259.91
NYA,8/3/2006,8262.44,8262.44,8262.44
NYA,8/4/2006,8270.92,8270.92,8270.92
NYA,8/7/2006,8238.53,8238.53,8238.53
NYA,8/8/2006,8210.19,8210.19,8210.19
NYA,8/9/2006,8192.63,8192.63,8192.63
NYA,8/10/2006,8209.78,8209.78,8209.78
NYA,8/11/2006,8163.28,8163.28,8163.28
NYA,8/14/2006,8169.68,8169.68,8169.68
NYA,8/15/2006,8296.02,8296.02,8296.02
NYA,8/16/2006,8357.4,8357.4,8357.4
NYA,8/17/2006,8354.07,8354.07,8354.07
NYA,8/18/2006,8379.93,8379.93,8379.93
NYA,8/21/2006,8361.7,8361.7,8361.7
NYA,8/22/2006,8364.24,8364.24,8364.24
NYA,8/23/2006,8320.19,8320.19,8320.19
NYA,8/24/2006,8327.57,8327.57,8327.57
NYA,8/25/2006,8318.03,8318.03,8318.03
NYA,8/28/2006,8359.18,8359.18,8359.18
NYA,8/29/2006,8383.64,8383.64,8383.64
NYA,8/30/2006,8388.38,8388.38,8388.38
NYA,8/31/2006,8388.56,8388.56,8388.56
NYA,9/1/2006,8435.75,8435.75,8435.75
NYA,9/5/2006,8452.96,8452.96,8452.96
NYA,9/6/2006,8345.22,8345.22,8345.22
NYA,9/7/2006,8287.81,8287.81,8287.81
NYA,9/8/2006,8294.64,8294.64,8294.64
NYA,9/11/2006,8262.17,8262.17,8262.17
NYA,9/12/2006,8348.32,8348.32,8348.32
NYA,9/13/2006,8382.7,8382.7,8382.7
NYA,9/14/2006,8357.81,8357.81,8357.81
NYA,9/15/2006,8363.45,8363.45,8363.45
NYA,9/18/2006,8390.47,8390.47,8390.47
NYA,9/19/2006,8347.57,8347.57,8347.57
NYA,9/20/2006,8391.84,8391.84,8391.84
NYA,9/21/2006,8373.31,8373.31,8373.31
NYA,9/22/2006,8344.67,8344.67,8344.67
NYA,9/25/2006,8398.38,8398.38,8398.38
NYA,9/26/2006,8451.79,8451.79,8451.79
NYA,9/27/2006,8476.51,8476.51,8476.51
NYA,9/28/2006,8490.68,8490.68,8490.68
NYA,9/29/2006,8469.65,8469.65,8469.65
NYA,10/2/2006,8461.38,8461.38,8461.38
NYA,10/3/2006,8447.83,8447.83,8447.83
NYA,10/4/2006,8538.67,8538.67,8538.67
NYA,10/5/2006,8570.48,8570.48,8570.48
NYA,10/6/2006,8534.32,8534.32,8534.32
NYA,10/9/2006,8538.4,8538.4,8538.4
NYA,10/10/2006,8563.6,8563.6,8563.6
NYA,10/11/2006,8540.64,8540.64,8540.64
NYA,10/12/2006,8626.86,8626.86,8626.86
NYA,10/13/2006,8645.5,8645.5,8645.5
NYA,10/16/2006,8692.46,8692.46,8692.46
NYA,10/17/2006,8646.45,8646.45,8646.45
NYA,10/18/2006,8663.54,8663.54,8663.54
NYA,10/19/2006,8700.81,8700.81,8700.81
NYA,10/20/2006,8702.03,8702.03,8702.03
NYA,10/23/2006,8736.59,8736.59,8736.59
NYA,10/24/2006,8750.07,8750.07,8750.07
NYA,10/25/2006,8795.76,8795.76,8795.76
NYA,10/26/2006,8845.32,8845.32,8845.32
NYA,10/27/2006,8779.87,8779.87,8779.87
NYA,10/30/2006,8766.78,8766.78,8766.78
NYA,10/31/2006,8774.98,8774.98,8774.98
NYA,11/1/2006,8718.14,8718.14,8718.14
NYA,11/2/2006,8722.57,8722.57,8722.57
NYA,11/3/2006,8716.76,8716.76,8716.76
NYA,11/6/2006,8819.62,8819.62,8819.62
NYA,11/7/2006,8835.22,8835.22,8835.22
NYA,11/8/2006,8857.55,8857.55,8857.55
NYA,11/9/2006,8813.73,8813.73,8813.73
NYA,11/10/2006,8827.98,8827.98,8827.98
NYA,11/13/2006,8823.98,8823.98,8823.98
NYA,11/14/2006,8880.47,8880.47,8880.47
NYA,11/15/2006,8901.55,8901.55,8901.55
NYA,11/16/2006,8894.48,8894.48,8894.48
NYA,11/17/2006,8897.17,8897.17,8897.17
NYA,11/20/2006,8884.17,8884.17,8884.17
NYA,11/21/2006,8918.08,8918.08,8918.08
NYA,11/22/2006,8948.94,8948.94,8948.94
NYA,11/24/2006,8933.43,8933.43,8933.43
NYA,11/27/2006,8820.59,8820.59,8820.59
NYA,11/28/2006,8851.64,8851.64,8851.64
NYA,11/29/2006,8947.17,8947.17,8947.17
NYA,11/30/2006,8969,8969,8969
NYA,12/1/2006,8949.07,8949.07,8949.07
NYA,12/4/2006,9019.03,9019.03,9019.03
NYA,12/5/2006,9064.93,9064.93,9064.93
NYA,12/6/2006,9047.76,9047.76,9047.76
NYA,12/7/2006,9041.98,9041.98,9041.98
NYA,12/8/2006,9042.19,9042.19,9042.19
NYA,12/11/2006,9064.69,9064.69,9064.69
NYA,12/12/2006,9059.26,9059.26,9059.26
NYA,12/13/2006,9082.13,9082.13,9082.13
NYA,12/14/2006,9147.2,9147.2,9147.2
NYA,12/15/2006,9140.39,9140.39,9140.39
NYA,12/18/2006,9105.05,9105.05,9105.05
NYA,12/19/2006,9139.44,9139.44,9139.44
NYA,12/20/2006,9128.88,9128.88,9128.88
NYA,12/21/2006,9103.45,9103.45,9103.45
NYA,12/22/2006,9062.13,9062.13,9062.13
NYA,12/26/2006,9102.25,9102.25,9102.25
NYA,12/27/2006,9179.4,9179.4,9179.4
NYA,12/28/2006,9172.76,9172.76,9172.76
NYA,12/29/2006,9139.02,9139.02,9139.02
NYA,1/3/2007,9132.22,9132.22,9132.22
NYA,1/4/2007,9113.16,9113.16,9113.16
NYA,1/5/2007,9025.04,9025.04,9025.04
NYA,1/8/2007,9041.12,9041.12,9041.12
NYA,1/9/2007,9023.9,9023.9,9023.9
NYA,1/10/2007,9003.12,9003.12,9003.12
NYA,1/11/2007,9063.09,9063.09,9063.09
NYA,1/12/2007,9139.94,9139.94,9139.94
NYA,1/16/2007,9139.56,9139.56,9139.56
NYA,1/17/2007,9146.26,9146.26,9146.26
NYA,1/18/2007,9125.38,9125.38,9125.38
NYA,1/19/2007,9179.53,9179.53,9179.53
NYA,1/22/2007,9130.92,9130.92,9130.92
NYA,1/23/2007,9199.73,9199.73,9199.73
NYA,1/24/2007,9268.49,9268.49,9268.49
NYA,1/25/2007,9154.66,9154.66,9154.66
NYA,1/26/2007,9154.1,9154.1,9154.1
NYA,1/29/2007,9139.55,9139.55,9139.55
NYA,1/30/2007,9206.39,9206.39,9206.39
NYA,1/31/2007,9254.73,9254.73,9254.73
NYA,2/1/2007,9327.69,9327.69,9327.69
NYA,2/2/2007,9325.24,9325.24,9325.24
NYA,2/5/2007,9313.21,9313.21,9313.21
NYA,2/6/2007,9345.25,9345.25,9345.25
NYA,2/7/2007,9353.62,9353.62,9353.62
NYA,2/8/2007,9345.54,9345.54,9345.54
NYA,2/9/2007,9291.65,9291.65,9291.65
NYA,2/12/2007,9258.32,9258.32,9258.32
NYA,2/13/2007,9351.35,9351.35,9351.35
NYA,2/14/2007,9427.31,9427.31,9427.31
NYA,2/15/2007,9434.96,9434.96,9434.96
NYA,2/16/2007,9433.42,9433.42,9433.42
NYA,2/20/2007,9453.93,9453.93,9453.93
NYA,2/21/2007,9433.53,9433.53,9433.53
NYA,2/22/2007,9433.06,9433.06,9433.06
NYA,2/23/2007,9420.2,9420.2,9420.2
NYA,2/26/2007,9421.44,9421.44,9421.44
NYA,2/27/2007,9079.41,9079.41,9079.41
NYA,2/28/2007,9124.54,9124.54,9124.54
NYA,3/1/2007,9074.27,9074.27,9074.27
NYA,3/2/2007,8957.97,8957.97,8957.97
NYA,3/5/2007,8837.97,8837.97,8837.97
NYA,3/6/2007,9006.01,9006.01,9006.01
NYA,3/7/2007,8999.2,8999.2,8999.2
NYA,3/8/2007,9078.65,9078.65,9078.65
NYA,3/9/2007,9094.99,9094.99,9094.99
NYA,3/12/2007,9120.93,9120.93,9120.93
NYA,3/13/2007,8926.88,8926.88,8926.88
NYA,3/14/2007,8958.61,8958.61,8958.61
NYA,3/15/2007,9005.25,9005.25,9005.25
NYA,3/16/2007,8983.01,8983.01,8983.01
NYA,3/19/2007,9091,9091,9091
NYA,3/20/2007,9158.27,9158.27,9158.27
NYA,3/21/2007,9317.73,9317.73,9317.73
NYA,3/22/2007,9313.82,9313.82,9313.82
NYA,3/23/2007,9338.4,9338.4,9338.4
NYA,3/26/2007,9341.36,9341.36,9341.36
NYA,3/27/2007,9288.79,9288.79,9288.79
NYA,3/28/2007,9218.53,9218.53,9218.53
NYA,3/29/2007,9279.08,9279.08,9279.08
NYA,3/30/2007,9261.82,9261.82,9261.82
NYA,4/2/2007,9305.55,9305.55,9305.55
NYA,4/3/2007,9381.46,9381.46,9381.46
NYA,4/4/2007,9398.56,9398.56,9398.56
NYA,4/5/2007,9426.57,9426.57,9426.57
NYA,4/9/2007,9429.21,9429.21,9429.21
NYA,4/10/2007,9468.7,9468.7,9468.7
NYA,4/11/2007,9413.63,9413.63,9413.63
NYA,4/12/2007,9477.76,9477.76,9477.76
NYA,4/13/2007,9522.86,9522.86,9522.86
NYA,4/16/2007,9625.53,9625.53,9625.53
NYA,4/17/2007,9631.69,9631.69,9631.69
NYA,4/18/2007,9634.87,9634.87,9634.87
NYA,4/19/2007,9601.69,9601.69,9601.69
NYA,4/20/2007,9697.34,9697.34,9697.34
NYA,4/23/2007,9660.56,9660.56,9660.56
NYA,4/24/2007,9648.5,9648.5,9648.5
NYA,4/25/2007,9746.57,9746.57,9746.57
NYA,4/26/2007,9715.49,9715.49,9715.49
NYA,4/27/2007,9705.36,9705.36,9705.36
NYA,4/30/2007,9627.73,9627.73,9627.73
NYA,5/1/2007,9639.79,9639.79,9639.79
NYA,5/2/2007,9718,9718,9718
NYA,5/3/2007,9753.94,9753.94,9753.94
NYA,5/4/2007,9793,9793,9793
NYA,5/7/2007,9825.09,9825.09,9825.09
NYA,5/8/2007,9788.03,9788.03,9788.03
NYA,5/9/2007,9827.93,9827.93,9827.93
NYA,5/10/2007,9669.37,9669.37,9669.37
NYA,5/11/2007,9787.03,9787.03,9787.03
NYA,5/14/2007,9765.38,9765.38,9765.38
NYA,5/15/2007,9764.73,9764.73,9764.73
NYA,5/16/2007,9825.43,9825.43,9825.43
NYA,5/17/2007,9818.98,9818.98,9818.98
NYA,5/18/2007,9893.74,9893.74,9893.74
NYA,5/21/2007,9897.46,9897.46,9897.46
NYA,5/22/2007,9900.96,9900.96,9900.96
NYA,5/23/2007,9913.66,9913.66,9913.66
NYA,5/24/2007,9812.51,9812.51,9812.51
NYA,5/25/2007,9876.11,9876.11,9876.11
NYA,5/29/2007,9892.49,9892.49,9892.49
NYA,5/30/2007,9963.61,9963.61,9963.61
NYA,5/31/2007,9978.64,9978.64,9978.64
NYA,6/1/2007,10042.6,10042.6,10042.6
NYA,6/4/2007,10064.05,10064.05,10064.05
NYA,6/5/2007,10001.47,10001.47,10001.47
NYA,6/6/2007,9895.01,9895.01,9895.01
NYA,6/7/2007,9720.94,9720.94,9720.94
NYA,6/8/2007,9826.07,9826.07,9826.07
NYA,6/11/2007,9841.73,9841.73,9841.73
NYA,6/12/2007,9724.49,9724.49,9724.49
NYA,6/13/2007,9863.5,9863.5,9863.5
NYA,6/14/2007,9926.79,9926.79,9926.79
NYA,6/15/2007,10013.93,10013.93,10013.93
NYA,6/18/2007,10005.47,10005.47,10005.47
NYA,6/19/2007,10026.52,10026.52,10026.52
NYA,6/20/2007,9905.08,9905.08,9905.08
NYA,6/21/2007,9960.79,9960.79,9960.79
NYA,6/22/2007,9848.97,9848.97,9848.97
NYA,6/25/2007,9807.18,9807.18,9807.18
NYA,6/26/2007,9774.29,9774.29,9774.29
NYA,6/27/2007,9848.91,9848.91,9848.91
NYA,6/28/2007,9865.77,9865.77,9865.77
NYA,6/29/2007,9873.02,9873.02,9873.02
NYA,7/2/2007,9997.43,9997.43,9997.43
NYA,7/3/2007,10032.61,10032.61,10032.61
NYA,7/5/2007,10026.24,10026.24,10026.24
NYA,7/6/2007,10075.39,10075.39,10075.39
NYA,7/9/2007,10099.6,10099.6,10099.6
NYA,7/10/2007,9953.57,9953.57,9953.57
NYA,7/11/2007,10014.68,10014.68,10014.68
NYA,7/12/2007,10197.69,10197.69,10197.69
NYA,7/13/2007,10220.67,10220.67,10220.67
NYA,7/16/2007,10188.18,10188.18,10188.18
NYA,7/17/2007,10170.36,10170.36,10170.36
NYA,7/18/2007,10148.28,10148.28,10148.28
NYA,7/19/2007,10194.01,10194.01,10194.01
NYA,7/20/2007,10072.93,10072.93,10072.93
NYA,7/23/2007,10121.58,10121.58,10121.58
NYA,7/24/2007,9909.95,9909.95,9909.95
NYA,7/25/2007,9930.36,9930.36,9930.36
NYA,7/26/2007,9654.38,9654.38,9654.38
NYA,7/27/2007,9508.23,9508.23,9508.23
NYA,7/30/2007,9623.18,9623.18,9623.18
NYA,7/31/2007,9554.5,9554.5,9554.5
NYA,8/1/2007,9573.05,9573.05,9573.05
NYA,8/2/2007,9619.33,9619.33,9619.33
NYA,8/3/2007,9370.6,9370.6,9370.6
NYA,8/6/2007,9553.77,9553.77,9553.77
NYA,8/7/2007,9606.07,9606.07,9606.07
NYA,8/8/2007,9746.2,9746.2,9746.2
NYA,8/9/2007,9449.31,9449.31,9449.31
NYA,8/10/2007,9435.04,9435.04,9435.04
NYA,8/13/2007,9428.86,9428.86,9428.86
NYA,8/14/2007,9254.27,9254.27,9254.27
NYA,8/15/2007,9089.04,9089.04,9089.04
NYA,8/16/2007,9087.1,9087.1,9087.1
NYA,8/17/2007,9314.99,9314.99,9314.99
NYA,8/20/2007,9326.21,9326.21,9326.21
NYA,8/21/2007,9332.54,9332.54,9332.54
NYA,8/22/2007,9477.13,9477.13,9477.13
NYA,8/23/2007,9478.62,9478.62,9478.62
NYA,8/24/2007,9607.04,9607.04,9607.04
NYA,8/27/2007,9528.93,9528.93,9528.93
NYA,8/28/2007,9289.49,9289.49,9289.49
NYA,8/29/2007,9508.92,9508.92,9508.92
NYA,8/30/2007,9456.64,9456.64,9456.64
NYA,8/31/2007,9596.98,9596.98,9596.98
NYA,9/4/2007,9698.68,9698.68,9698.68
NYA,9/5/2007,9583.17,9583.17,9583.17
NYA,9/6/2007,9637.55,9637.55,9637.55
NYA,9/7/2007,9486.44,9486.44,9486.44
NYA,9/10/2007,9457.64,9457.64,9457.64
NYA,9/11/2007,9597.61,9597.61,9597.61
NYA,9/12/2007,9598.73,9598.73,9598.73
NYA,9/13/2007,9678.12,9678.12,9678.12
NYA,9/14/2007,9673.65,9673.65,9673.65
NYA,9/17/2007,9607.75,9607.75,9607.75
NYA,9/18/2007,9909.03,9909.03,9909.03
NYA,9/19/2007,9970.9,9970.9,9970.9
NYA,9/20/2007,9936.47,9936.47,9936.47
NYA,9/21/2007,9981.83,9981.83,9981.83
NYA,9/24/2007,9946.42,9946.42,9946.42
NYA,9/25/2007,9933.82,9933.82,9933.82
NYA,9/26/2007,9980.12,9980.12,9980.12
NYA,9/27/2007,10056.95,10056.95,10056.95
NYA,9/28/2007,10039.28,10039.28,10039.28
NYA,10/1/2007,10184.5,10184.5,10184.5
NYA,10/2/2007,10175.84,10175.84,10175.84
NYA,10/3/2007,10101.03,10101.03,10101.03
NYA,10/4/2007,10142.93,10142.93,10142.93
NYA,10/5/2007,10247.93,10247.93,10247.93
NYA,10/8/2007,10186.43,10186.43,10186.43
NYA,10/9/2007,10280.31,10280.31,10280.31
NYA,10/10/2007,10264.5,10264.5,10264.5
NYA,10/11/2007,10245.25,10245.25,10245.25
NYA,10/12/2007,10301.49,10301.49,10301.49
NYA,10/15/2007,10216.29,10216.29,10216.29
NYA,10/16/2007,10125.4,10125.4,10125.4
NYA,10/17/2007,10165.3,10165.3,10165.3
NYA,10/18/2007,10174.61,10174.61,10174.61
NYA,10/19/2007,9920.27,9920.27,9920.27
NYA,10/22/2007,9930.78,9930.78,9930.78
NYA,10/23/2007,10040.99,10040.99,10040.99
NYA,10/24/2007,10009.3,10009.3,10009.3
NYA,10/25/2007,10029.55,10029.55,10029.55
NYA,10/26/2007,10189.13,10189.13,10189.13
NYA,10/29/2007,10256.22,10256.22,10256.22
NYA,10/30/2007,10164.97,10164.97,10164.97
NYA,10/31/2007,10311.61,10311.61,10311.61
NYA,11/1/2007,10022.08,10022.08,10022.08
NYA,11/2/2007,10052.26,10052.26,10052.26
NYA,11/5/2007,9958.82,9958.82,9958.82
NYA,11/6/2007,10102.41,10102.41,10102.41
NYA,11/7/2007,9830.15,9830.15,9830.15
NYA,11/8/2007,9877.47,9877.47,9877.47
NYA,11/9/2007,9733.34,9733.34,9733.34
NYA,11/12/2007,9569.97,9569.97,9569.97
NYA,11/13/2007,9860.98,9860.98,9860.98
NYA,11/14/2007,9809.15,9809.15,9809.15
NYA,11/15/2007,9652.52,9652.52,9652.52
NYA,11/16/2007,9701.38,9701.38,9701.38
NYA,11/19/2007,9497.33,9497.33,9497.33
NYA,11/20/2007,9575.29,9575.29,9575.29
NYA,11/21/2007,9405.22,9405.22,9405.22
NYA,11/23/2007,9582.98,9582.98,9582.98
NYA,11/26/2007,9389.5,9389.5,9389.5
NYA,11/27/2007,9521.76,9521.76,9521.76
NYA,11/28/2007,9791.05,9791.05,9791.05
NYA,11/29/2007,9773.57,9773.57,9773.57
NYA,11/30/2007,9856.85,9856.85,9856.85
NYA,12/3/2007,9811.86,9811.86,9811.86
NYA,12/4/2007,9748.38,9748.38,9748.38
NYA,12/5/2007,9887.6,9887.6,9887.6
NYA,12/6/2007,10030.15,10030.15,10030.15
NYA,12/7/2007,10023.58,10023.58,10023.58
NYA,12/10/2007,10104.42,10104.42,10104.42
NYA,12/11/2007,9838.26,9838.26,9838.26
NYA,12/12/2007,9921.64,9921.64,9921.64
NYA,12/13/2007,9864.28,9864.28,9864.28
NYA,12/14/2007,9698.37,9698.37,9698.37
NYA,12/17/2007,9528.67,9528.67,9528.67
NYA,12/18/2007,9602.55,9602.55,9602.55
NYA,12/19/2007,9586.07,9586.07,9586.07
NYA,12/20/2007,9622.27,9622.27,9622.27
NYA,12/21/2007,9787.93,9787.93,9787.93
NYA,12/24/2007,9873.48,9873.48,9873.48
NYA,12/26/2007,9894.15,9894.15,9894.15
NYA,12/27/2007,9779.3,9779.3,9779.3
NYA,12/28/2007,9803.89,9803.89,9803.89
NYA,12/31/2007,9740.32,9740.32,9740.32