8/6/2010,32.5,31.7,31.8
8/5/2010,32.5,32.1,32.5
8/4/2010,33,32.5,32.5
8/3/2010,32.8,32.6,32.7
8/2/2010,33.9,32.6,32.6
7/30/2010,33.5,33,33.5
7/29/2010,34,34,34
7/28/2010,33.7,32.9,32.9
7/27/2010,33.1,33,33
7/26/2010,33.2,33,33.1
7/23/2010,34.4,33.4,33.4
7/22/2010,33.4,33,33
7/21/2010,33.6,33.4,33.4
7/20/2010,33.7,33.6,33.6
7/19/2010,33.6,33.4,33.6
7/16/2010,34,33.8,33.8
7/15/2010,34.1,34.1,34.1
7/14/2010,34.2,34,34.1
7/13/2010,34,33.7,33.9
7/12/2010,33.8,33.2,33.8
7/9/2010,33.9,33.5,33.9
7/8/2010,34.3,33.5,33.5
7/7/2010,34.2,33.5,34.2
7/6/2010,33.7,33.5,33.5
7/5/2010,33.7,33.4,33.7
7/2/2010,34.9,33.5,33.7
7/1/2010,34.5,33.5,33.5
6/30/2010,33.9,32.9,33.9
6/29/2010,34,33.8,33.8
6/28/2010,34.1,33.7,33.7
6/25/2010,33.7,33.7,33.7
6/24/2010,34.5,34.4,34.5
6/23/2010,35,33.9,33.9
6/22/2010,34.5,34.2,34.5
6/21/2010,35.9,34.5,35.2
6/18/2010,34.9,34.4,34.9
6/17/2010,34.8,34.2,34.5
6/16/2010,35,33.8,34.3
6/15/2010,34.3,33.7,33.7
6/14/2010,34.5,34.3,34.3
6/11/2010,35.4,34.3,34.4
6/10/2010,34.8,34,34.2
6/9/2010,34.6,34,34
6/8/2010,34.4,33,34
6/7/2010,34.9,33.5,34
6/4/2010,35,34.7,34.9
6/3/2010,35.6,34.8,34.8
6/2/2010,35.5,34.8,34.8
6/1/2010,35,34.3,34.8
5/31/2010,35,34.6,34.8
5/28/2010,35.9,35,35.3
5/27/2010,35,34.5,34.5
5/26/2010,35.5,34.5,35.3
5/25/2010,34.8,33.9,33.9
5/24/2010,34.8,34,34.8
5/21/2010,34.3,34,34
5/20/2010,36,34.5,35
5/19/2010,35.5,34.8,34.8
5/18/2010,36.1,35.3,36
5/17/2010,36.4,36,36
5/14/2010,37.2,35.8,37.2
5/13/2010,37,35.7,36.5
5/12/2010,36.4,35.7,35.7
5/11/2010,38.4,36.8,37
5/10/2010,37.5,36.8,37
5/7/2010,39,38.2,38.3
5/6/2010,40.2,39.3,40
5/5/2010,40.5,38.6,40
5/4/2010,38.6,37.2,38.6
4/29/2010,37.5,36.2,37.2
4/28/2010,38.3,36.2,36.2
4/27/2010,38.3,36.4,38
4/26/2010,39.4,37.2,38.3
4/22/2010,37.6,36.4,37.6
4/21/2010,38,37.2,37.5
4/20/2010,37.5,36.4,37.5
4/19/2010,36.5,35,36.5
4/16/2010,35.9,35.3,35.3
4/15/2010,35.8,35,35.5
4/14/2010,35.2,35,35.2
4/13/2010,35.5,35,35
4/12/2010,35.3,35,35
4/9/2010,35.3,35.1,35.2
4/8/2010,35.4,35.1,35.1
4/7/2010,35.8,35.3,35.4
4/6/2010,36.9,35.7,35.7
4/5/2010,37,36.3,36.3
4/2/2010,37.1,36,37
4/1/2010,36.9,35.6,36.7
3/31/2010,35.5,34.8,35.2
3/30/2010,36,34.7,34.8
3/29/2010,34.7,34.3,34.7
3/26/2010,34,33.1,33.1
3/25/2010,34.4,33.4,33.6
3/24/2010,35.2,34.2,34.6
3/23/2010,35.2,34.5,34.5
3/22/2010,35.1,34.9,35
3/19/2010,35.5,35,35
3/18/2010,35.7,35,35.2
3/17/2010,35.6,34.6,34.9
3/16/2010,35.2,35,35
3/15/2010,35.3,34.6,35.3
3/12/2010,35.5,35.1,35.3
3/11/2010,35.8,35.1,35.4
3/10/2010,36,35.5,35.6
3/9/2010,36.5,34.6,36
3/8/2010,35,34.8,35
3/5/2010,34.8,34.4,34.7
3/4/2010,34.9,34.4,34.4
3/3/2010,34.5,34,34.4
3/2/2010,34.9,34.1,34.1
3/1/2010,34.9,34,34.9
2/26/2010,34.6,34,34.6
2/25/2010,34,33.1,33.9
2/24/2010,33.7,32.5,33.1
2/23/2010,34.4,33,33.5
2/22/2010,34.9,34.5,34.5
2/12/2010,35.1,34,34.5
2/11/2010,34.2,33,33.5
2/10/2010,33.9,31.2,33.7
2/9/2010,32.8,32.5,32.5
2/8/2010,33,32.5,33
2/5/2010,34.1,33,33.8
2/4/2010,34,33.3,34
2/3/2010,33.5,33.4,33.4
2/2/2010,33.3,32.5,33
2/1/2010,34.2,33.3,33.3
1/29/2010,34,31.5,34
1/28/2010,34.9,32.8,32.8
1/27/2010,35,33.1,34
1/26/2010,35.2,34,35
1/25/2010,34.3,33,34
1/22/2010,35,32.3,34
1/21/2010,35,34,34
1/20/2010,36,34.5,35
1/19/2010,35.8,33.1,35.3
1/18/2010,35,34.1,34.3
1/15/2010,36,35,35.3
1/14/2010,36.8,35.9,36
1/13/2010,35.9,34.5,35.9
1/12/2010,37.2,36.2,36.2
1/11/2010,39.9,36.8,38.1
1/8/2010,38.1,38.1,38.1
1/7/2010,36.3,36.3,36.3
1/6/2010,34.7,34,34.6
1/5/2010,36,34.2,34.5
1/4/2010,34.8,33.2,34.8
12/31/2009,35.8,33.2,33.2
12/30/2009,35.5,33.9,34.9
12/29/2009,35.6,34.8,34.9
12/28/2009,36.2,35,35.3
12/25/2009,36.2,35.1,36.1
12/24/2009,34.6,33.8,34.6
12/23/2009,35.2,33.8,33.8
12/22/2009,36.2,35,35
12/21/2009,34.6,32.9,34.6
12/18/2009,33,31.7,33
12/17/2009,31.7,30.4,31.5
12/16/2009,33.4,31.8,31.8
12/15/2009,33.4,31.8,33.4
12/14/2009,31.9,29.3,31.9
12/11/2009,31.9,30.4,30.4
12/10/2009,32,31.7,31.9
12/9/2009,32,30.7,32
12/8/2009,32.4,31.1,32.3
12/7/2009,32.5,31.5,32.3
12/4/2009,32.4,31.6,32.2
12/3/2009,32,30.6,32
12/2/2009,32.6,31,31
12/1/2009,33.7,32.6,32.6
11/30/2009,32.7,32,32.5
11/27/2009,32.4,29.5,32
11/26/2009,31.7,30.9,30.9
11/25/2009,33.3,32.5,32.5
11/24/2009,35.8,34.1,34.2
11/23/2009,37.5,35.8,35.8
11/20/2009,38,36,37.6
11/19/2009,37,35,37
11/18/2009,36,35,35.3
11/17/2009,35.9,35.8,35.9
11/16/2009,34.2,32.6,34.2
11/13/2009,33.7,31.8,32.6
11/12/2009,33.6,32.7,33
11/11/2009,32.4,30,32.4
11/10/2009,32.2,31,31.5
11/9/2009,34.3,31.4,31.5
11/6/2009,34.1,32.7,32.7
11/5/2009,32.7,31.2,32.7
11/4/2009,32.5,30.8,31.2
11/3/2009,32.5,32.3,32.3
11/2/2009,35,34,34
10/30/2009,36.2,35,35.7
10/29/2009,36,34.8,35.6
10/28/2009,36.8,35.1,36.6
10/27/2009,36.3,35.1,35.1
10/26/2009,37.5,35.7,36.9
10/23/2009,39,37,37
10/22/2009,38.2,37.5,37.8
10/21/2009,38.4,37,38.2
10/20/2009,38.6,37.5,38.1
10/19/2009,39,37.6,37.6
10/16/2009,40,37.7,39
10/15/2009,40.7,37,38.6
10/14/2009,38.9,36.1,38.8
10/13/2009,37.4,35.8,37.4
10/12/2009,35.7,35.7,35.7
10/9/2009,34,33.1,34
10/8/2009,32.4,31,32.4
10/7/2009,31.8,30.3,31.8
10/6/2009,31.4,30.3,30.3
10/5/2009,31.9,30.5,30.5
10/2/2009,31.7,30.5,31.7
10/1/2009,33.5,32.1,32.1
9/30/2009,34.6,33.5,33.7
9/29/2009,33,32,33
9/28/2009,32.3,30.4,31.5
9/25/2009,32.5,31.4,32
9/24/2009,32.5,31.5,31.7
9/23/2009,34.5,32.5,32.5
9/22/2009,34.1,32.6,33.5
9/21/2009,32.5,32.4,32.5
9/18/2009,31.1,29.8,31
9/17/2009,30.1,29.2,29.9
9/16/2009,29.8,28.6,28.9
9/15/2009,29.7,28.8,29
9/14/2009,30.5,29.5,29.9
9/11/2009,30.5,29.2,30.1
9/10/2009,29.6,28.9,29.1
9/9/2009,30,29.1,29.6
9/8/2009,30,29.1,29.6
9/7/2009,29.5,28.7,28.8
9/4/2009,32.9,30.2,30.2
9/3/2009,31.7,29.3,31.7
9/2/2009,0,0,30.2
9/1/2009,30.2,28.5,30.2
8/31/2009,28.8,28.2,28.8
8/28/2009,27.5,27.5,27.5
8/27/2009,26.2,25,26.2
8/26/2009,25.7,24.8,25
8/25/2009,26.9,25.6,25.7
8/24/2009,27.4,25.8,26.9
8/21/2009,26.1,24.9,26.1
8/20/2009,24.9,23.9,24.9
8/19/2009,23.9,23.5,23.8
8/18/2009,23.5,23,23.5
8/17/2009,23.5,22.9,23.2
8/14/2009,23,22.2,22.9
8/13/2009,24,22.9,22.9
8/12/2009,24.4,23,23.8
8/11/2009,23.3,23.3,23.3
8/10/2009,22.2,22.2,22.2
8/7/2009,21.5,20.6,21.2
8/6/2009,21,20.5,21
8/5/2009,20.8,20.4,20.5
8/4/2009,20.9,20.4,20.8
8/3/2009,20.2,20,20.2
7/31/2009,19.9,19.6,19.8
7/30/2009,19.4,19,19.2
7/29/2009,20.4,19.4,19.6
7/28/2009,21,20,20
7/27/2009,21.3,20,21
7/24/2009,20.4,20.4,20.4
7/23/2009,19.5,18.8,19.5
7/22/2009,19.5,19,19.1
7/21/2009,19.5,19,19.2
7/20/2009,19.5,19,19
7/17/2009,20.2,19.5,19.9
7/16/2009,20.3,19.9,20
7/15/2009,19.8,19.2,19.4
7/14/2009,20,19,19.1
7/13/2009,20.6,20,20
7/10/2009,21.5,20.8,21
7/9/2009,22,21.3,21.5
7/8/2009,21.8,21.3,21.5
7/7/2009,22,21.4,21.7
7/6/2009,21.7,20.7,21.7
7/3/2009,21,20.1,20.7
7/2/2009,21.5,20.4,21
7/1/2009,21,20.9,20.9
6/30/2009,22.4,21.9,21.9
6/29/2009,23,21.5,23
6/26/2009,22.5,21.3,22.5
6/25/2009,23.2,21.4,21.5
6/24/2009,22.4,22.4,22.4
6/23/2009,22.4,21.4,21.4
6/22/2009,22.6,22.5,22.5
6/19/2009,24.7,23.5,23.6
6/18/2009,25.2,24.6,24.7
6/17/2009,24.6,22.4,24.6
6/16/2009,23.5,23.5,23.5
6/15/2009,24.9,24.7,24.7
6/12/2009,27.6,25.8,26
6/11/2009,26.5,26.3,26.8
6/10/2009,27.6,27.6,27.6
6/9/2009,29.2,28.1,29
6/8/2009,29.5,29,29.5
6/5/2009,28.1,28.1,28.1
6/4/2009,26.8,26.5,26.8
6/3/2009,25.6,25.2,25.6
6/2/2009,24.4,24.4,24.4
6/1/2009,23.3,22.6,23.3
5/29/2009,22.7,21.2,22.2
5/28/2009,22.3,22.2,22.2
5/27/2009,24.8,23.3,23.3
5/26/2009,24.5,23.5,24.5
5/25/2009,23.4,23.3,23.4
5/22/2009,22.3,21.3,22.3
5/21/2009,21.3,20.3,21.3
5/20/2009,20.3,19.5,20.3
5/19/2009,20.2,19.7,19.9
5/18/2009,20,19.4,19.9
5/15/2009,20,19.6,20
5/14/2009,19.6,19,19.5
5/13/2009,20.2,19.4,19.7
5/12/2009,19.6,18.9,19.6
5/11/2009,20,19.3,19.4
5/8/2009,21,20.1,20.2
5/7/2009,20.7,20.2,20.7
5/6/2009,21,19.7,19.8
5/5/2009,20.4,20.4,20.4
5/4/2009,19.5,19.5,19.5
4/29/2009,18.6,18.5,18.6
4/28/2009,17.8,16.6,17.8
4/27/2009,17.4,16.8,17
4/24/2009,17.9,17,17
4/23/2009,17.4,16.9,17.4
4/22/2009,16.6,16.3,16.6
4/21/2009,15.9,15.9,15.9
4/20/2009,16.7,16.7,16.7
4/17/2009,18,17.5,17.5
4/16/2009,19.3,18.4,18.4
4/15/2009,19.6,19.3,19.3
4/14/2009,21.1,19.8,20.7
4/13/2009,20.8,20.6,20.8
4/10/2009,19.9,19.8,19.9
4/9/2009,19,18.5,19
4/8/2009,19,18.5,18.9
4/7/2009,18.1,18.1,18.1
4/3/2009,17.3,17.3,17.3
4/2/2009,16.5,16.2,16.5
4/1/2009,15.9,15.7,15.8
3/31/2009,16,15.3,15.3
3/30/2009,16,15.6,15.6
3/27/2009,17,16.1,16.2
3/26/2009,17.2,16.9,16.9
3/25/2009,17,16.2,17
3/24/2009,16.4,16.2,16.4
3/23/2009,16.5,15.7,15.7
3/20/2009,16.7,15.9,16.5
3/19/2009,17,16.4,16.5
3/18/2009,16.5,16.5,16.5
3/17/2009,15.8,15.7,15.8
3/16/2009,15.1,14.9,15.1
3/13/2009,14.6,14.4,14.4
3/12/2009,14.7,14,14.1
3/11/2009,14.5,14.5,14.5
3/10/2009,14.2,13.9,13.9
3/9/2009,14.5,13.8,14.2
3/6/2009,15.1,14.5,14.5
3/5/2009,15.4,14.7,15.1
3/4/2009,14.7,14.2,14.7
3/3/2009,14,12.9,14
3/2/2009,13.4,12.5,13.4
2/27/2009,12.8,12.2,12.8
2/26/2009,12.2,12,12.2
2/25/2009,11.9,11.6,11.9
2/24/2009,11.5,11.4,11.4
2/23/2009,12,11.8,11.8
2/20/2009,12.5,12.3,12.3
2/19/2009,12.3,12.1,12.3
2/18/2009,12.5,12.3,12.3
2/17/2009,12.7,12.5,12.5
2/16/2009,13.2,13,13
2/13/2009,13.2,13.1,13.1
2/12/2009,14,13.3,13.3
2/11/2009,14,13.5,14
2/10/2009,14.5,14,14
2/9/2009,14.4,14,14.2
2/6/2009,14.4,13.5,14.4
2/5/2009,14,13.7,13.8
2/4/2009,14.4,14,14
2/3/2009,14.5,14.3,14.3
2/2/2009,15,14.8,14.8
1/23/2009,15.2,14.9,15
1/22/2009,14.8,14.7,14.8
1/21/2009,14.8,14.7,14.7
1/20/2009,14.9,14.7,14.7
1/19/2009,14.9,14.3,14.9
1/16/2009,14.7,14.5,14.5
1/15/2009,14.6,14.5,14.6
1/14/2009,14.6,14.3,14.6
1/13/2009,15,14.5,14.5
1/12/2009,15,14.9,14.9
1/9/2009,15.2,15,15
1/8/2009,15,14.8,15
1/7/2009,15.3,15.1,15.1
1/6/2009,15.5,15,15
1/5/2009,15,14.7,15
1/2/2009,15,15,15
12/31/2008,15.5,14.7,15
12/30/2008,15.1,14.7,15.1
12/29/2008,15.1,13.8,14.7
12/26/2008,15.3,15,15.1
12/25/2008,15.4,14.9,15.2
12/24/2008,15.3,15.1,15.1
12/23/2008,15.5,15,15
12/22/2008,15.9,15.2,15.3
12/19/2008,16,15.6,15.6
12/18/2008,15.9,15.4,15.7
12/17/2008,15.7,15.2,15.7
12/16/2008,15.9,15.2,15.2
12/15/2008,15.7,15.4,15.7
12/12/2008,15.2,14.3,15
12/11/2008,14.8,14.2,14.5
12/10/2008,14.6,14.2,14.6
12/9/2008,15.2,14.3,14.6
12/8/2008,15.1,14.9,14.9
12/5/2008,15.5,15.3,15.5
12/4/2008,15.7,15.3,15.3
12/3/2008,15.3,15,15.3
12/2/2008,16.3,15.3,15.3
12/1/2008,16.5,15.7,15.7
11/28/2008,16.4,15.9,16
11/27/2008,15.9,15.5,15.9
11/26/2008,16.5,16.3,16.3
11/25/2008,16.8,16.2,16.3
11/24/2008,17,16.3,16.3
11/21/2008,16.6,16,16.5
11/20/2008,16.9,16.3,16.5
11/19/2008,17.3,16.9,17
11/18/2008,17,16.5,16.9
11/17/2008,17.2,16.4,16.8
11/14/2008,17.8,17,17.1
11/13/2008,17,16,17
11/12/2008,16.7,16.5,16.5
11/11/2008,17.5,17.3,17.3
11/10/2008,18.2,17.5,18.2
11/7/2008,18.3,17.7,18.1
11/6/2008,19.2,18.6,18.6
11/5/2008,19.5,19,19.5
11/4/2008,18.7,17.5,18.7
11/3/2008,18,17.9,17.9
10/31/2008,18.1,17.9,18
10/30/2008,18.7,18,18.1
10/29/2008,17.9,17.9,17.9
10/28/2008,17.3,17.1,17.1
10/27/2008,18,18,18
10/24/2008,19.8,18.9,18.9
10/23/2008,20.4,19.8,19.8
10/22/2008,21,20.6,20.8
10/21/2008,21,20.1,21
10/20/2008,21.8,20.6,20.6
10/17/2008,21.5,20.6,21.3
10/16/2008,22,21.5,21.5
10/15/2008,22.7,21,22.6
10/14/2008,21.9,21.9,21.9
10/13/2008,21.8,20.9,20.9
10/10/2008,22.9,21.9,21.9
10/9/2008,23.5,22,22.9
10/8/2008,23,22,23
10/7/2008,23.3,22.8,22.8
10/6/2008,24,23.8,24
10/3/2008,25.2,24.4,25
10/2/2008,25.2,24.6,25.2
10/1/2008,25,24.1,24.5
9/30/2008,24.7,24.7,24.7
9/29/2008,26.1,25.1,26
9/26/2008,27.2,26,26.1
9/25/2008,26,25.5,26
9/24/2008,26,24.3,25.4
9/23/2008,27.2,25.2,25.2
9/22/2008,26.5,26.5,26.5
9/19/2008,25.3,25.3,25.3
9/18/2008,24.1,24.1,24.1
9/17/2008,25.5,25.3,25.3
9/16/2008,26.9,26.6,26.6
9/15/2008,28,26.2,28
9/12/2008,26.7,26.7,26.7
9/11/2008,29,28.1,28.1
9/10/2008,31.5,28.8,29.5
9/9/2008,32,30.2,30.2
9/8/2008,31.5,30.4,30.8
9/5/2008,32,31.2,32
9/4/2008,30.5,30.5,30.5
9/3/2008,29.1,29.1,29.1
8/29/2008,28.6,27.1,27.8
8/28/2008,31.2,28.5,28.5
8/27/2008,30,30,30
8/26/2008,28.6,28.6,28.6
8/25/2008,27.3,26.8,27.3
8/22/2008,27,25,26
8/21/2008,26.2,25,26.2
8/20/2008,26,24.7,25
8/19/2008,27.8,25.8,26
8/18/2008,27.1,27.1,27.1
8/15/2008,25.9,25.9,25.9
8/14/2008,25.2,25,25.2
8/13/2008,24.5,23.8,24.5
8/12/2008,23.8,23.8,23.8
8/11/2008,23.2,23.2,23.2
8/8/2008,22.9,22.5,22.6
8/7/2008,22.6,22.1,22.5
8/6/2008,22.5,21.5,22
8/5/2008,21.9,21.9,21.9
8/4/2008,23,22.5,22.5
8/1/2008,23.5,23,23.1
7/31/2008,23,22.1,23
7/30/2008,23,22.7,22.7
7/29/2008,24.7,23.3,23.3
7/28/2008,24,24,24
7/25/2008,24.7,24.7,24.7
7/24/2008,25.4,25.4,25.4
7/23/2008,26.1,26.1,26.1
7/22/2008,26.9,26.9,26.9
7/21/2008,27.7,27.7,27.7
7/18/2008,28.5,28.5,28.5
7/17/2008,30.2,29.3,29.3
7/16/2008,30.3,30.1,30.2
7/15/2008,32,30.8,31
7/14/2008,31.7,30,31.7
7/11/2008,31.1,30,30.8
7/10/2008,30.2,30.2,30.2
7/9/2008,31.1,31.1,31.1
7/8/2008,32,32,32
7/7/2008,34.5,32.9,32.9
7/4/2008,33.9,33.9,33.9
7/3/2008,33,33,33
7/2/2008,32.1,32,32.1
7/1/2008,31.2,31.2,31.2
6/30/2008,30.3,30.3,30.3
6/27/2008,29.5,29.4,29.5
6/26/2008,28.7,27.9,28.7
6/25/2008,27.9,27.9,27.9
6/24/2008,27.1,27.1,27.1
6/23/2008,26.4,26.4,26.4
6/20/2008,25.7,25.6,25.7
6/19/2008,25,23.8,25
6/18/2008,25.1,24.3,24.3
6/17/2008,24.7,24.7,24.7
6/16/2008,24.3,24.3,24.3
6/13/2008,23.9,23.9,23.9
6/12/2008,23.5,23.5,23.5
6/11/2008,23.1,23.1,23.1
6/10/2008,22.7,22.7,22.7
6/9/2008,22.3,21.9,22.3
6/6/2008,21.9,21.1,21.9
6/5/2008,21.6,21.5,21.5
6/4/2008,21.9,21.9,21.9
6/3/2008,22.3,22.3,22.3
6/2/2008,22.8,22.7,22.7
5/30/2008,23.1,23.1,23.1
5/29/2008,23.5,23.5,23.5
5/29/2008,23.5,23.5,23.5
5/28/2008,23.5,23.5,23.5
5/28/2008,23.5,23.5,23.5
5/27/2008,23.5,23.5,23.5
5/27/2008,23.5,23.5,23.5
5/26/2008,23.5,23.5,23.5
5/23/2008,23.9,23.9,23.9
5/22/2008,24.3,24.3,24.3
5/21/2008,24.7,24.7,24.7
5/20/2008,25.2,25.2,25.2
5/19/2008,25.7,25.7,25.7
5/16/2008,26.2,26.2,26.2
5/15/2008,26.9,26.7,26.7
5/14/2008,27.2,27.2,27.2
5/13/2008,27.7,27.7,27.7
5/12/2008,28.2,28.2,28.2
5/9/2008,28.7,28.7,28.7
5/8/2008,29.2,29.2,29.2
5/7/2008,29.7,29.7,29.7
5/6/2008,30.3,30.3,30.3
5/5/2008,30.9,30.9,30.9
4/29/2008,32.7,31.5,31.5
4/28/2008,32.7,32.1,32.1
4/25/2008,32.7,32.7,32.7
4/24/2008,33.3,33.3,33.3
4/23/2008,33.9,33.9,33.9
4/22/2008,34.5,34.5,34.5
4/21/2008,35.2,35.2,35.2
4/18/2008,35.9,35.9,35.9
4/17/2008,36.6,35.2,36.6
4/16/2008,35.9,35.9,35.9
4/11/2008,36.6,36.6,36.6
4/10/2008,37.3,37.3,37.3
4/9/2008,38.5,38,38
4/8/2008,39,38,38.7
4/7/2008,38.3,38.3,38.3
4/4/2008,37.6,37.6,37.6
4/3/2008,37.3,37.3,37.3
4/2/2008,37,37,37
4/1/2008,36.7,36.7,36.7
3/31/2008,36.4,36.4,36.4
3/28/2008,36.1,36.1,36.1
3/27/2008,35.8,35.8,35.8
3/26/2008,35.5,33.9,35.5
3/25/2008,33.9,33.9,33.9
3/24/2008,35.6,35.6,35.6
3/21/2008,37.4,37.4,37.4
3/20/2008,40,39.3,39.3
3/19/2008,44.5,41.3,41.3
3/18/2008,43.5,43.4,43.4
3/17/2008,48,45.6,45.6
3/14/2008,49.5,48,48
3/13/2008,49.7,48.4,49.5
3/12/2008,49.5,47.5,48.5
3/11/2008,51,47.5,47.5
3/10/2008,51,50,50
3/7/2008,48.8,48.8,48.8
3/6/2008,46.5,46.5,46.5
3/5/2008,46.5,44.3,44.3
3/4/2008,46.6,46.6,46.6
3/3/2008,50,49,49
2/29/2008,53,51.5,51.5
2/28/2008,53,52,53
2/27/2008,54,50,51
2/26/2008,55,52.5,52.5
2/25/2008,55.5,53.5,55
2/22/2008,53,53,53
2/21/2008,55.5,55.5,55.5
2/20/2008,60,58,58
2/19/2008,61.5,59,61
2/18/2008,62,61.5,61.5
2/15/2008,65,64,64.5
2/14/2008,65.5,64.5,65
2/13/2008,66,65,65
2/12/2008,68,67,67
2/1/2008,68,67.5,68
1/31/2008,67.5,66.5,67
1/30/2008,70,68,70
1/29/2008,67,65,67
1/28/2008,66,64.5,66
1/25/2008,66,64.5,66
1/24/2008,66.5,66,66
1/23/2008,67,63,67
1/22/2008,67,65.5,66
1/21/2008,69,68,68
1/18/2008,70,68,69
1/17/2008,73.5,69.5,69.5
1/16/2008,72.5,69.5,72.5
1/15/2008,70,69.5,69.5
1/14/2008,74,72,73
1/11/2008,75.5,73.5,74
1/10/2008,73,72,73
1/9/2008,77.5,75.5,75.5
1/8/2008,77,76,76.5
1/7/2008,78.5,76.5,76.5
1/4/2008,81,79.5,79.5
1/3/2008,82,81,81
1/2/2008,83,82,82
12/28/2007,83,82,83
12/27/2007,82.5,81.5,82
12/26/2007,82,81,82
12/25/2007,82,80.5,80.5
12/24/2007,82,81.5,82
12/21/2007,82,82,82
12/20/2007,86,82,82
12/19/2007,82.5,81,82.5
12/18/2007,80,79,79
12/17/2007,81,80,80
12/14/2007,83,82,82
12/13/2007,88,84,84
12/12/2007,88,86,88
12/11/2007,88,86.5,86.5
12/10/2007,89.5,88,88
12/7/2007,88.5,88,88.5
12/6/2007,88,87.5,88
12/5/2007,88.5,88,88.5
12/4/2007,88.5,88.5,88.5
12/3/2007,90,88,88.5
11/30/2007,89,88,89
11/29/2007,89,88,88.5
11/28/2007,89,88.5,88.5
11/27/2007,90,88.5,88.5
11/26/2007,89,88,89
11/23/2007,88,87,87
11/22/2007,89,86.5,87.5
11/21/2007,88,86.5,88
11/20/2007,90,88.5,90
11/19/2007,90,89,90
11/16/2007,91,90,91
11/15/2007,91.5,90,91
11/14/2007,91.5,89,91.5
11/13/2007,90,87.5,87.5
11/12/2007,92,90,90
11/9/2007,94,93,93
11/8/2007,96,94,94
11/7/2007,94,93,94
11/6/2007,93,91,93
11/5/2007,95,92,94
11/2/2007,96,95,95
11/1/2007,96.5,95.5,96
10/31/2007,96.5,95.5,95.5
10/30/2007,97,96,96.5
10/29/2007,99,97,97
10/26/2007,100,99.5,100
10/25/2007,101,99.5,99.5
10/24/2007,101,99,100
10/23/2007,101,99,100
10/22/2007,101,100,101
10/19/2007,102,101,102
10/18/2007,104,102,102
10/17/2007,105,101,103
10/16/2007,104,103,103
10/15/2007,104,102,103
10/12/2007,104,103,103
10/11/2007,108,105,105
10/10/2007,106,104,106
10/9/2007,108,105,105
10/8/2007,108,105,106
10/5/2007,109,105,108
10/4/2007,105,103,104
10/3/2007,104,102,104
10/2/2007,107,104,105
10/1/2007,108,104,105
9/28/2007,103,101,103
9/27/2007,101,99,101
9/26/2007,104,101,103
9/25/2007,105,103,103
9/24/2007,102,99,100
9/21/2007,99,97,98
9/20/2007,96.5,96,96.5
9/19/2007,96,94.5,95
9/18/2007,96,95,95
9/17/2007,96,95,96
9/14/2007,96,95.5,96
9/13/2007,96.5,95.5,96
9/12/2007,97,94.5,94.5
9/11/2007,97,95,95
9/10/2007,96.5,96,96
9/7/2007,97,96,96
9/6/2007,97,96,96
9/5/2007,98,97,97
9/4/2007,97.5,97,97.5
8/31/2007,97,96.5,97
8/30/2007,97,97,97
8/29/2007,97,97,97
8/28/2007,98,97.5,97.5
8/27/2007,99,98,98
8/24/2007,98.5,96,98
8/23/2007,98,97,97.5
8/22/2007,98,97,97.5
8/21/2007,99,98,98
8/20/2007,99,96,99
8/17/2007,97,96,97
8/16/2007,97.5,96,97.5
8/15/2007,98,97,97
8/14/2007,98,97.5,98
8/13/2007,98,95.5,98
8/10/2007,99,97.5,98
8/9/2007,98,96,98
8/8/2007,99,96,96
8/7/2007,97,96,97
8/6/2007,97,95.5,96
8/3/2007,96,92.5,95
8/2/2007,96.5,93.5,93.5
8/1/2007,95,93,95
7/31/2007,94,93,93
7/30/2007,95,94,94
7/27/2007,96,95.5,96
7/26/2007,100,98,98
7/25/2007,101,100,100
7/24/2007,101,101,101
7/23/2007,102,101,101
7/20/2007,102,102,102
7/19/2007,104,102,102
7/18/2007,104,102,102
7/17/2007,103,101,103
7/16/2007,102,101,101
7/13/2007,104,103,104
7/12/2007,107,105,105
7/11/2007,107,104,107
7/10/2007,104,102,104
7/9/2007,102,100,101
7/6/2007,100,99,100
7/5/2007,101,99,99
7/4/2007,101,99,101
7/3/2007,100,97,100
7/2/2007,102,100,102
6/29/2007,104,104,104
6/28/2007,105,104,105
6/27/2007,105,103,105
6/26/2007,103,102,103
6/25/2007,105,103,103
6/22/2007,106,105,105
6/21/2007,107,106,106
6/20/2007,108,107,107
6/19/2007,110,108,108
6/18/2007,107,107,107
6/15/2007,108,107,107
6/14/2007,110,106,110
6/13/2007,110,107,110
6/12/2007,107,103,107
6/11/2007,106,105,106
6/8/2007,111,105,109
6/7/2007,127,125,127
6/6/2007,127,125,127
6/5/2007,128,125,125
6/4/2007,133,131,131
6/1/2007,138,136,136
5/31/2007,136,136,136
5/30/2007,131,130,131
5/29/2007,135,130,132
5/28/2007,136,132,132
5/25/2007,131,130,130
5/24/2007,139,133,133
5/23/2007,143,137,137
5/22/2007,137,136,137
5/21/2007,131,126,131
5/18/2007,125,122,125
5/17/2007,122,121,122
5/16/2007,122,121,121
5/15/2007,128,122,122
5/14/2007,122,120,122
5/11/2007,118,115,118
5/10/2007,117,117,117
5/9/2007,120,117,117
5/8/2007,117,117,117
5/7/2007,112,109,112
5/4/2007,109,107,109
5/3/2007,110,110,110
5/2/2007,111,109,109
4/25/2007,110,105,110
4/24/2007,106,105,105
4/23/2007,109,109,109
4/20/2007,115,114,114
4/19/2007,117,115,115
4/18/2007,115,113,115
4/17/2007,110,109,110
4/16/2007,114,114,114
4/13/2007,119,119,119
4/12/2007,122,122,122
4/11/2007,125,125,125
4/10/2007,126,125,125
4/9/2007,127,126,127
4/6/2007,130,126,126
4/5/2007,133,130,130
4/4/2007,132,127,132
4/3/2007,129,127,127
4/2/2007,133,133,133
3/30/2007,140,139,139
3/29/2007,139,139,139
3/28/2007,133,124,133
3/27/2007,130,129,129
3/26/2007,136,133,135
3/23/2007,140,138,138
3/22/2007,140,140,140
3/21/2007,145,142,142
3/20/2007,150,145,147
3/19/2007,147,147,147
3/16/2007,140,140,140
3/15/2007,135,134,134
3/14/2007,140,140,140
3/13/2007,149,147,147
3/12/2007,153,148,148
3/9/2007,154,153,153
3/8/2007,147,147,147
3/7/2007,152,140,140
3/6/2007,150,145,145
3/5/2007,155,150,150
3/2/2007,155,155,155
3/1/2007,155,155,155
2/28/2007,162,155,155
2/27/2007,155,155,155
2/26/2007,148,148,148
2/15/2007,141,141,141
2/14/2007,138,132,135
2/13/2007,140,132,132
2/12/2007,136,133,136
2/9/2007,130,130,130
2/8/2007,140,133,133
2/7/2007,141,140,140
2/6/2007,140,138,139
2/5/2007,142,136,136
2/2/2007,142,142,142
2/1/2007,143,137,137
1/31/2007,137,137,137
1/30/2007,132,132,132
1/29/2007,126,126,126
1/26/2007,121,120,120
1/25/2007,124,123,123
1/24/2007,133,129,129
1/23/2007,136,132,132
1/22/2007,136,136,136
1/19/2007,143,142,143
1/18/2007,142,130,142
1/17/2007,140,136,136
1/16/2007,136,134,136
1/15/2007,130,126,130
1/12/2007,128,126,126
1/11/2007,131,127,128
1/10/2007,130,127,127
1/9/2007,126,122,126
1/8/2007,121,120,121
1/5/2007,121,120,120
1/4/2007,120,119,120
1/3/2007,115,113,115
1/2/2007,110,110,110
12/29/2006,117,112,112
12/28/2006,119,116,117
12/27/2006,119,112,119
12/26/2006,114,114,114
12/25/2006,109,104,109
12/22/2006,109,109,109
12/21/2006,118,114,114
12/20/2006,121,115,119
12/19/2006,123,120,121
12/18/2006,125,123,123
12/15/2006,130,129,129
12/14/2006,130,130,130
12/13/2006,126,120,126
12/12/2006,132,120,120
12/11/2006,126,125,126
12/8/2006,120,120,120
12/7/2006,115,115,115
12/6/2006,110,105,110
12/5/2006,105,104,105
12/4/2006,104,103,104
12/1/2006,106,106,106
11/30/2006,101,98,101
11/29/2006,99,97,97
11/28/2006,106,97,102
11/27/2006,108,102,102
11/24/2006,107,104,107
11/23/2006,103,102,102
11/22/2006,99,96,99
11/21/2006,96,94,96
11/20/2006,96,92.5,93
11/17/2006,92.5,91,92.5
11/16/2006,90,88,90
11/15/2006,94.5,90,90
11/14/2006,95,94.5,94.5
11/13/2006,92,91,92
11/10/2006,88.5,87.5,88.5
11/9/2006,87.5,85.5,87.5
11/8/2006,85.5,82,85.5
11/7/2006,82,80.5,82
11/6/2006,80,79.5,80
11/3/2006,79.5,79,79.5
11/2/2006,80,79.5,79.5
11/1/2006,79.5,79,79
10/31/2006,78.5,78,78.5
10/30/2006,79,78,78.5
10/27/2006,79.5,79.5,79.5
10/26/2006,80,79.5,80
10/25/2006,80,79,80
10/24/2006,80,79.5,80
10/23/2006,78,78,78
10/20/2006,78.5,78,78.5
10/19/2006,79,77,78.5
10/18/2006,77.5,76.5,77
10/17/2006,78,77,77
10/16/2006,79.5,78,78
10/13/2006,77.5,77.5,77.5
10/12/2006,79,78.5,78.5
10/11/2006,79,78.5,79
10/10/2006,79,78.5,78.5
10/9/2006,80,80,80
10/6/2006,80.5,78.5,80
10/5/2006,81,78.5,78.5
10/4/2006,80.5,80,80.5
10/3/2006,80,79.5,79.5
10/2/2006,80,80,80
9/29/2006,80,79,79
9/28/2006,80,78,80
9/27/2006,81,79,79
9/26/2006,81,78,81
9/25/2006,77.5,76.5,77.5
9/22/2006,76,75,76
9/21/2006,76,76,76
9/20/2006,77,76,76
9/19/2006,75.5,75,75
9/18/2006,75,74.5,74.5
9/15/2006,76,75,75
9/14/2006,76,76,76
9/13/2006,76,73,76
9/12/2006,75,74,74
9/11/2006,75,75,75
9/8/2006,75,74,75
9/7/2006,75,74,74
9/6/2006,76,75.5,75.5
9/5/2006,76,75,75.5
9/1/2006,75,73,75
8/31/2006,73,71.5,73
8/30/2006,73,72.5,72.5
8/29/2006,70.5,68.5,70.5
8/28/2006,68,67,68
8/25/2006,68,66.5,68
8/24/2006,68,68,68
8/23/2006,68,66.5,68
8/22/2006,67,66.5,66.5
8/21/2006,68,68,68
8/18/2006,67,67,67
8/17/2006,68,68,68
8/16/2006,68,67,68
8/15/2006,66.5,65,66.5
8/14/2006,67,67,67
8/11/2006,64,62,64
8/10/2006,62,61.5,62
8/9/2006,61.5,61.5,61.5
8/8/2006,61.5,59.5,61.5
8/7/2006,62,59.5,61
8/4/2006,62,62,62
8/3/2006,59.5,58,59.5
8/2/2006,58,54.5,58
8/1/2006,66.5,65.5,66.5
7/31/2006,69,68.5,68.5
7/28/2006,70,69.5,69.5
7/27/2006,70,69.5,69.5
7/26/2006,67,66,67
7/25/2006,67,64,64
7/24/2006,68.5,67,67
7/21/2006,72,70,70
7/20/2006,72,67,72
7/19/2006,70.5,69,69
7/18/2006,71,71,71
7/17/2006,72,71.5,71.5
7/14/2006,72.5,72,72
7/13/2006,73,72,72
7/12/2006,73,73,73
7/11/2006,73.5,73,73
7/10/2006,73.5,73,73
7/7/2006,73,72.5,73
7/6/2006,72.5,72,72.5
7/5/2006,72,71,72
7/4/2006,72.5,72,72.5
7/3/2006,72.5,72,72.5
6/30/2006,73,72,72
6/29/2006,73,72,72.5
6/28/2006,73,72.5,73
6/27/2006,72,71.5,72
6/26/2006,72.5,71.5,72
6/23/2006,73.5,71.5,72.5
6/22/2006,73.5,71,73.5
6/21/2006,70,70,70
6/20/2006,71.5,71,71
6/19/2006,72,71.5,71.5
6/16/2006,73,71,71.5
6/15/2006,74,74,74
6/14/2006,74,73,73.5
6/13/2006,73.5,73.5,73.5
6/12/2006,74.5,73.5,73.5
6/9/2006,74,74,74
6/8/2006,74,73.5,73.5
6/7/2006,74.5,73.5,74.5
6/6/2006,77.5,75,75
6/5/2006,75,74,75
6/2/2006,73,73,73
6/1/2006,72,72,72
5/31/2006,72,71.5,72
5/30/2006,71.5,71.5,71.5
5/29/2006,73,71.5,71.5
5/26/2006,73,73,73
5/25/2006,73,72.5,73
5/24/2006,73.5,72.5,73.5
5/23/2006,71.5,71,71
5/22/2006,73,70.5,70.5
5/19/2006,73,70,73
5/18/2006,73,72.5,73
5/17/2006,73.5,73.5,73.5
5/16/2006,73.5,73.5,73.5
5/15/2006,77,77,77
5/12/2006,73.5,73.5,73.5
5/11/2006,70,70,70
5/10/2006,67,67,67
5/9/2006,70.5,70.5,70.5
5/8/2006,77.5,74,74
5/5/2006,77.5,76.5,77.5
5/4/2006,80,79,79
5/3/2006,80,79,80
4/28/2006,76.5,73,76.5
4/27/2006,79,76.5,76.5
4/26/2006,80.5,80.5,80.5
4/25/2006,77,77,77
4/24/2006,73.5,72.5,73.5
4/21/2006,70.5,70,70
4/20/2006,70,69,70
4/19/2006,70,70,70
4/18/2006,69.5,69,69
4/17/2006,69,68.5,69
4/14/2006,70,69,69
4/13/2006,69,68,69
4/12/2006,67.5,67,67.5
4/11/2006,68.5,67,67
4/10/2006,68.5,68.5,68.5
4/7/2006,68,67.5,67.5
4/6/2006,68.5,68.5,68.5
4/5/2006,67,66.5,67
4/4/2006,67,66,66
4/3/2006,69.5,68.5,68.5
3/31/2006,68,68,68
3/30/2006,65.5,63.5,65.5
3/29/2006,63,62.5,62.5
3/28/2006,62,62,62
3/27/2006,62,61.5,61.5
3/24/2006,60,60,60
3/23/2006,59.5,57.5,57.5
3/22/2006,62.5,59.5,59.5
3/21/2006,62.5,62.5,62.5
3/20/2006,64.5,62,62
3/17/2006,61.5,61.5,61.5
3/16/2006,59,59,59
3/15/2006,58,56.5,56.5
3/14/2006,56.5,56.5,56.5
3/13/2006,54,54,54
3/10/2006,51.5,51,51.5
3/9/2006,51,51,51
3/8/2006,52,51.5,51.5
3/7/2006,52,52,52
3/6/2006,52,52,52
3/3/2006,55,51,51
3/2/2006,53.5,53.5,53.5
3/1/2006,51,51,51
2/28/2006,49,49,49
2/27/2006,46.7,46.5,46.7
2/24/2006,44.5,44.5,44.5
2/23/2006,44.5,44,44
2/22/2006,45,43.8,43.8
2/21/2006,43.5,43.5,43.5
2/20/2006,43.5,43,43.5
2/17/2006,42.5,42.5,42.5
2/16/2006,42.6,42.5,42.5
2/15/2006,42,42,42
2/14/2006,42,41.5,42
2/13/2006,41.5,41.5,41.5
2/10/2006,42,41.5,41.5
2/9/2006,42,42,42
2/8/2006,42,42,42
2/7/2006,41,41,41
2/6/2006,40.6,40.6,40.6
1/27/2006,40.2,40,40.2
1/26/2006,40,40,40
1/25/2006,39.6,39.6,39.6
1/24/2006,39.5,39.3,39.5
1/23/2006,39.5,39.5,39.5
1/20/2006,40.1,40,40.1
1/19/2006,40.2,40,40
1/18/2006,39.8,39.5,39.8
1/17/2006,39.5,39,39
1/13/2006,39.2,39.1,39.1
1/12/2006,39.5,39.1,39.1
1/11/2006,40,39.5,39.5
1/10/2006,40.5,40.3,40.3
1/9/2006,41,40.5,40.5
1/6/2006,42.1,42.1,42.1
1/5/2006,42,42,42
1/4/2006,42,41.8,42
1/3/2006,42,41.8,41.8
12/30/2005,42,42,42
12/29/2005,42,42,42
12/28/2005,42.2,42,42
12/27/2005,42.8,42.2,42.2
12/26/2005,43,42.8,42.8
12/23/2005,43.3,43,43
12/22/2005,42.9,40.9,42.9
12/21/2005,43.3,43,43
12/20/2005,42.6,42.5,42.6
12/19/2005,42.8,42.6,42.6
12/16/2005,43.4,43,43
12/15/2005,43,43,43
12/14/2005,43,43,43
12/13/2005,43.5,43.1,43.1
12/12/2005,44.2,43.9,43.9
12/9/2005,44.7,44.5,44.5
12/8/2005,44.7,44.5,44.7
12/7/2005,44,43.8,44
12/6/2005,43.8,43.7,43.7
12/5/2005,43.8,43.6,43.8
12/2/2005,44,43.6,43.6
12/1/2005,43.6,43.5,43.6
11/30/2005,43.2,43.1,43.2
11/29/2005,42.7,42.5,42.7
11/28/2005,43.9,43.2,43.2
11/25/2005,44.1,43.9,43.9
11/24/2005,42,42,42
11/23/2005,43.5,42.9,42.9
11/22/2005,44,43.5,43.5
11/21/2005,45.5,45,45
11/18/2005,45.5,45.5,45.5
11/17/2005,45.7,45.6,45.6
11/16/2005,46,46,46
11/15/2005,45.9,45.7,45.9
11/14/2005,44.9,44.5,44.5
11/11/2005,45,44.2,44.2
11/10/2005,45.1,45,45
11/9/2005,45.1,45,45
11/8/2005,46,45.4,45.4
11/7/2005,45.7,45,45.7
11/4/2005,45,44,44
11/3/2005,45,45,45
11/2/2005,43.2,42.5,43.2
11/1/2005,41.3,41.1,41.3
10/31/2005,40.9,40.9,40.9
10/28/2005,40.5,40.2,40.2
10/27/2005,39.5,38.5,39.5
10/26/2005,39.6,39.5,39.6
10/25/2005,41.2,40.9,40.9
10/24/2005,41.8,41.2,41.2
10/21/2005,41.4,41.1,41.1
10/20/2005,41.7,41.4,41.4
10/19/2005,41.7,41.1,41.1
10/18/2005,42.5,41.6,41.6
10/17/2005,42.5,42,42.5
10/14/2005,41.8,41.4,41.8
10/13/2005,41.4,41,41.4
10/12/2005,39.5,39.5,39.5
10/11/2005,39.2,39,39.2
10/10/2005,38.5,38,38.5
10/7/2005,38,37,38
10/6/2005,36.6,36.6,36.6
10/5/2005,36.2,36,36.2
10/4/2005,36.2,35.9,35.9
10/3/2005,37.1,36.2,36.2
9/30/2005,36.2,36.2,36.2
9/29/2005,34.5,34.5,34.5
9/28/2005,34.5,34,34.5
9/27/2005,34.5,34.1,34.1
9/26/2005,34.7,34.5,34.5
9/23/2005,35.3,34.8,34.8
9/22/2005,34.8,34.4,34.8
9/21/2005,36.1,34.4,34.4
9/20/2005,34.4,34.4,34.4
9/19/2005,32.8,32.8,32.8
9/16/2005,31.3,31.2,31.3
9/15/2005,31.2,31.2,31.2
9/14/2005,31.2,31.2,31.2
9/13/2005,31.2,31.2,31.2
9/12/2005,31.2,31.2,31.2
9/9/2005,31.2,31.2,31.2
9/8/2005,31.2,31,31.2
9/7/2005,31,31,31
9/6/2005,31,31,31
9/5/2005,31,31,31
9/1/2005,31,31,31
8/31/2005,31.2,30.7,31.2
8/30/2005,30.7,30.7,30.7
8/29/2005,30.6,30.5,30.6
8/26/2005,30.5,30,30.5
8/25/2005,30.5,30.1,30.1
8/24/2005,30.5,30.5,30.5
8/23/2005,30.7,30.5,30.5
8/22/2005,30.7,30.5,30.7
8/19/2005,31.3,30.6,31.3
8/18/2005,31,30.9,31
8/17/2005,30.9,30.8,30.9
8/16/2005,30.8,30.7,30.8
8/15/2005,31,30.7,30.7
8/12/2005,31.2,31,31
8/11/2005,31.3,31.2,31.2
8/10/2005,31.3,31.1,31.3
8/9/2005,31.1,30.8,31.1
8/8/2005,31.2,30.8,30.8
8/5/2005,31.5,31.2,31.2
8/4/2005,31,31,31
8/3/2005,31,30.9,30.9
8/2/2005,31,31,31
8/1/2005,31,30.5,31
7/29/2005,31,30.5,30.5
7/28/2005,30.8,30.7,30.7
7/27/2005,30.9,30.8,30.8
7/26/2005,30.9,30.9,30.9
7/25/2005,30.9,30.6,30.9
7/22/2005,31,30.6,30.6
7/21/2005,31.4,31,31
7/20/2005,31.5,31.4,31.4
7/19/2005,31.5,30.9,30.9
7/18/2005,31.4,31.3,31.4
7/15/2005,31.3,31.3,31.3
7/14/2005,31.5,31,31.5
7/13/2005,32.4,32.4,32.4
7/12/2005,32.4,32.4,32.4
7/11/2005,32.2,32,32.2
7/8/2005,31.7,31.7,31.7
7/7/2005,32.1,31.5,31.5
7/6/2005,31.8,31.8,31.8
7/5/2005,31.9,31.8,31.8
7/4/2005,31.9,31.9,31.9
7/1/2005,31.9,31.9,31.9
6/30/2005,31.8,31.8,31.8
6/29/2005,32,31.8,32
6/28/2005,32,31.8,31.8
6/27/2005,32,32,32
6/24/2005,32,32,32
6/23/2005,32,31.6,32
6/22/2005,32,32,32
6/21/2005,32,32,32
6/20/2005,32,32,32
6/17/2005,32,32,32
6/16/2005,32.1,32,32.1
6/15/2005,31.9,31.7,31.9
6/14/2005,31.7,31.6,31.7
6/13/2005,31.6,31.6,31.6
6/10/2005,31.6,31.1,31.6
6/9/2005,32.2,32,32
6/8/2005,32.4,32.3,32.3
6/7/2005,32.4,32.3,32.4
6/6/2005,32.5,32.4,32.4
6/3/2005,32.5,32.2,32.5
6/2/2005,32.7,32.5,32.5
6/1/2005,33,32.7,32.7
5/31/2005,33,33,33
5/30/2005,33,33,33
5/27/2005,33,33,33
5/26/2005,33.2,33,33
5/25/2005,33.2,33.2,33.2
5/24/2005,33.6,33,33.6
5/23/2005,33.5,33,33
5/20/2005,34.2,34.2,34.2
5/19/2005,34.2,34.2,34.2
5/18/2005,34.2,34.2,34.2
5/17/2005,33.1,32.9,32.9
5/16/2005,33.2,33.2,33.2
5/13/2005,33.2,33.2,33.2
5/12/2005,34,33.2,33.2
5/11/2005,34,34,34
5/10/2005,33.8,33.8,33.8
5/9/2005,34,33.8,33.8
5/6/2005,34,34,34
5/5/2005,34,34,34
5/4/2005,34,33.8,34
4/29/2005,33.9,33.8,33.8
4/28/2005,33.9,33.9,33.9
4/27/2005,34,33.9,33.9
4/26/2005,35.1,34,34
4/25/2005,35.1,35.1,35.1
4/22/2005,34.2,34.2,34.2
4/21/2005,34,34,34
4/20/2005,34,34,34
4/19/2005,34,33.8,34
4/18/2005,34.2,34.2,34.2
4/15/2005,34.9,34.7,34.7
4/14/2005,34.9,34.9,34.9
4/13/2005,34.9,34.9,34.9
4/12/2005,34.8,34.5,34.5
4/11/2005,35,34.6,34.6
4/8/2005,35,34,35
4/7/2005,34,33.5,34
4/6/2005,33.5,33.5,33.5
4/5/2005,33.5,33.5,33.5
4/4/2005,33.6,33.5,33.5
4/1/2005,34,33.6,33.6
3/31/2005,34,34,34
3/30/2005,34,33.9,33.9
3/29/2005,34,33.9,34
3/28/2005,34.1,33.1,34.1
3/25/2005,34.6,34,34
3/24/2005,34.6,34.5,34.6
3/23/2005,34.5,34,34.5
3/22/2005,34.7,34.7,34.7
3/21/2005,34.8,33.4,34.8
3/18/2005,33.3,33.3,33.3
3/17/2005,33.3,33.3,33.3
3/16/2005,33,33,33
3/15/2005,33,33,33
3/14/2005,33.3,33.1,33.3
3/11/2005,33.1,33.1,33.1
3/10/2005,33.1,33.1,33.1
3/9/2005,33.5,33.2,33.2
3/8/2005,33.5,33.5,33.5
3/7/2005,33.5,33.5,33.5
3/4/2005,33.2,33.2,33.2
3/3/2005,33.2,33.1,33.2
3/2/2005,33.1,33.1,33.1
3/1/2005,33.1,33.1,33.1
2/28/2005,33.2,33,33
2/25/2005,33.2,32.7,32.7
2/24/2005,33.2,33,33.2
2/23/2005,33,33,33
2/22/2005,33.1,33.1,33.1
2/21/2005,33.1,33.1,33.1
2/18/2005,33.5,33.2,33.5
2/17/2005,33.5,33.5,33.5
2/16/2005,33.5,33.5,33.5
2/15/2005,34,34,34
2/14/2005,34.7,33.7,34.7
2/4/2005,33.7,33.7,33.7
2/3/2005,33.7,33.7,33.7
2/2/2005,34.8,33.7,33.7
2/1/2005,33.9,33.9,33.9
1/31/2005,33.9,33,33.9
1/28/2005,34.6,34,34
1/27/2005,34.7,34.6,34.6
1/26/2005,34.8,34.7,34.7
1/25/2005,34.7,33.1,34.7
1/24/2005,34.8,33.1,33.1
1/21/2005,34.8,34.8,34.8
1/20/2005,34.8,34.8,34.8
1/19/2005,34.8,34.8,34.8
1/18/2005,35.2,34.8,34.8
1/17/2005,35.2,35.2,35.2
1/14/2005,35.2,35.2,35.2
1/13/2005,35.2,35.2,35.2
1/12/2005,35.2,35.2,35.2
1/11/2005,35.2,35.2,35.2
1/10/2005,35.3,34.7,34.7
1/7/2005,35.3,35.3,35.3
1/6/2005,35.3,35.3,35.3
1/5/2005,35.3,35.3,35.3
1/4/2005,35.5,35.5,35.5
12/31/2004,35.5,35.3,35.5
12/30/2004,35.5,35.4,35.4
12/29/2004,36,35.5,35.5
12/28/2004,36,36,36
12/27/2004,35.9,35.7,35.9
12/24/2004,35.7,35.7,35.7
12/23/2004,35.2,35.2,35.2
12/22/2004,35,34.9,35
12/21/2004,34.9,34.9,34.9
12/20/2004,34.7,34.7,34.7
12/17/2004,35.5,34.7,34.7
12/16/2004,34.7,34.5,34.7
12/15/2004,35,34.5,34.5
12/14/2004,35.5,35,35
12/13/2004,35.5,34.9,35.5
12/10/2004,34.9,34.9,34.9
12/9/2004,35.3,35,35
12/8/2004,35.3,34.8,35.3
12/7/2004,35.1,35.1,35.1
12/6/2004,35.2,35.1,35.1
12/3/2004,35.2,35.2,35.2
12/2/2004,35.3,35,35.3
12/1/2004,35.5,35.4,35.4
11/30/2004,35.5,35.1,35.5
11/29/2004,35.1,34.6,35.1
11/26/2004,34.6,34.6,34.6
11/25/2004,34.6,34.6,34.6
11/24/2004,35,35,35
11/23/2004,35,35,35
11/22/2004,35,34.5,35
11/19/2004,34.5,34.5,34.5
11/18/2004,35,35,35
11/17/2004,35,34.9,35
11/16/2004,34.9,34.9,34.9
11/15/2004,34.6,34.5,34.6
11/12/2004,34.5,34.5,34.5
11/11/2004,34.5,34.5,34.5
11/10/2004,34.5,34.5,34.5
11/9/2004,35,34.5,34.5
11/8/2004,35,35,35
11/5/2004,35.5,35,35
11/4/2004,35.5,35.1,35.5
11/3/2004,35.4,35.1,35.1
11/2/2004,35.8,35.5,35.5
11/1/2004,36,35.9,35.9
10/29/2004,36,36,36
10/28/2004,36,36,36
10/27/2004,36.2,36,36
10/26/2004,36.1,36,36
10/25/2004,36.1,36.1,36.1
10/22/2004,36.1,36.1,36.1
10/21/2004,36.1,36,36.1
10/20/2004,36.2,36.2,36.2
10/19/2004,36.2,36.2,36.2
10/18/2004,36.2,36,36.2
10/15/2004,36,36,36
10/14/2004,36,36,36
10/13/2004,36.1,36,36
10/12/2004,36.3,36.1,36.1
10/11/2004,36.3,36.1,36.3
10/8/2004,36.1,36.1,36.1
10/7/2004,36,36,36
10/6/2004,36,36,36
10/5/2004,36,36,36
10/4/2004,36,36,36
10/1/2004,36.4,36,36
9/30/2004,36.4,36,36.4
9/29/2004,36,36,36
9/28/2004,36,36,36
9/27/2004,36,36,36
9/24/2004,35.7,35.7,35.7
9/23/2004,36,35.7,35.7
9/22/2004,36,36,36
9/21/2004,35.9,35.9,35.9
9/20/2004,35.9,35.9,35.9
9/17/2004,35.9,35.6,35.9
9/16/2004,36,36,36
9/15/2004,37,35.8,35.8
9/14/2004,36,36,36
9/13/2004,36,36,36
9/10/2004,36,35.8,36
9/9/2004,35.8,35.8,35.8
9/8/2004,35.8,35.8,35.8
9/7/2004,35.8,35.8,35.8
9/6/2004,36.5,35.9,35.9
9/1/2004,36.5,36.5,36.5
8/31/2004,36.5,36,36.5
8/30/2004,36,36,36
8/27/2004,36.4,36,36
8/26/2004,36,35.5,36
8/25/2004,36,35.5,35.5
8/24/2004,36.9,36,36
8/23/2004,35.8,35.4,35.8
8/20/2004,34.1,34.1,34.1
8/19/2004,35.3,34.5,35.3
8/18/2004,34.7,34.5,34.5
8/17/2004,34.7,33.5,34.7
8/16/2004,34.7,34.7,34.7
8/13/2004,33.3,33.3,33.3
8/12/2004,35,35,35
8/11/2004,35,35,35
8/10/2004,35,32.1,35
8/9/2004,33.6,33.6,33.6
8/6/2004,36.7,35.3,35.3
8/5/2004,36.7,36.7,36.7
8/4/2004,37.5,37,37
8/3/2004,38,38,38
8/2/2004,37.8,37.4,37.8
7/30/2004,37.8,37.8,37.8
7/29/2004,37.9,37.8,37.8
7/28/2004,38,38,38
7/27/2004,38.2,38,38
7/26/2004,38.2,38.2,38.2
7/23/2004,38.3,38.2,38.2
7/22/2004,38.3,38,38.3
7/21/2004,38.1,38.1,38.1
7/20/2004,38.1,37.1,38.1
7/19/2004,39,39,39
7/16/2004,38.9,38.9,38.9
7/15/2004,38,38,38
7/14/2004,38.2,38,38
7/13/2004,38.5,38.2,38.2
7/12/2004,39,38.5,38.5
7/9/2004,39,38,39
7/8/2004,38,38,38
7/7/2004,38.1,38,38
7/6/2004,38.1,38.1,38.1
7/5/2004,38.5,38.1,38.1
7/2/2004,38.5,38.5,38.5
7/1/2004,38.6,38.5,38.5
6/30/2004,38.8,38.8,38.8
6/29/2004,38.8,38.8,38.8
6/28/2004,38.8,38.8,38.8
6/25/2004,39,39,39
6/24/2004,39,38.8,38.8
6/23/2004,39,39,39
6/22/2004,39,39,39
6/21/2004,39,38.9,39
6/18/2004,39,38.9,38.9
6/17/2004,39,39,39
6/16/2004,39,39,39
6/15/2004,39.5,39,39
6/14/2004,39.5,38.8,39.5
6/11/2004,38.8,38.8,38.8
6/10/2004,38.6,38.6,38.6
6/9/2004,38.6,38,38.6
6/8/2004,38.6,38,38
6/7/2004,38.6,38.6,38.6
6/4/2004,38.9,38.6,38.6
6/3/2004,39.2,38.9,38.9
6/2/2004,39,39,39
6/1/2004,39,39,39
5/31/2004,39,39,39
5/28/2004,39,39,39
5/27/2004,39,39,39
5/26/2004,39.7,39,39
5/25/2004,39.2,39.2,39.2
5/24/2004,39.2,39,39.2
5/21/2004,39.1,39,39
5/20/2004,39.1,39.1,39.1
5/19/2004,39,39,39
5/18/2004,38.8,38.7,38.7
5/17/2004,39.3,38.8,38.8
5/14/2004,39.3,39.3,39.3
5/13/2004,39.1,39,39.1
5/12/2004,39,39,39
5/11/2004,39,39,39
5/10/2004,39,39,39
5/7/2004,39,39,39
5/6/2004,39,39,39
5/5/2004,39.2,39,39
5/4/2004,39.1,39,39.1
4/29/2004,39,38.7,39
4/28/2004,38.9,38.7,38.7
4/27/2004,39,38.7,38.7
4/26/2004,38.5,38.5,38.5
4/23/2004,38.5,38.5,38.5
4/22/2004,38.5,38.5,38.5
4/21/2004,38.5,38.5,38.5
4/20/2004,38.1,38,38.1
4/19/2004,37.9,37.5,37.9
4/16/2004,38.1,37.5,37.5
4/15/2004,38.1,38,38.1
4/14/2004,38,38,38
4/13/2004,38.3,38,38
4/12/2004,38.3,38.3,38.3
4/9/2004,38.6,38.5,38.5
4/8/2004,38.5,38.4,38.5
4/7/2004,38.4,38.4,38.4
4/6/2004,38.4,38.4,38.4
4/5/2004,38.4,38.4,38.4
4/2/2004,38.4,37,38.4
4/1/2004,38.5,38.5,38.5
3/31/2004,38,38,38
3/30/2004,38.5,38.5,38.5
3/29/2004,39.5,38.5,38.5
3/26/2004,38.1,38.1,38.1
3/25/2004,38.1,37,38.1
3/24/2004,37,36,37
3/23/2004,37.5,37.5,37.5
3/22/2004,37.8,37.6,37.6
3/19/2004,38,37.8,37.8
3/18/2004,37.8,37,37.8
3/17/2004,38.2,38,38
3/16/2004,38,38,38
3/15/2004,39,39,39
3/12/2004,39,38.5,38.5
3/11/2004,37.8,37.8,37.8
3/10/2004,36,36,36
3/9/2004,38,37.4,37.4
3/8/2004,39.2,39.2,39.2
3/5/2004,39.2,39.2,39.2
3/4/2004,39.2,39.2,39.2
3/3/2004,41.4,39.4,39.4
3/2/2004,41.4,41.4,41.4
3/1/2004,41.4,41.4,41.4
2/27/2004,39.5,38.4,39.5
2/26/2004,39,38.5,38.5
2/25/2004,39.9,39.9,39.9
2/24/2004,42.4,42,42
2/23/2004,40.4,40.4,40.4
2/20/2004,38.5,38,38.5
2/19/2004,38,38,38
2/18/2004,38,38,38
2/17/2004,38,37.9,37.9
2/16/2004,37.9,37.5,37.9
2/13/2004,37.5,37,37.5
2/12/2004,37,36.9,37
2/11/2004,36.9,36.9,36.9
2/10/2004,36.9,36.9,36.9
2/9/2004,37.5,36.9,36.9
2/6/2004,37.5,37.5,37.5
2/5/2004,37.5,37.5,37.5
2/4/2004,35.8,34,35.8
2/3/2004,35.5,34.1,35.5
2/2/2004,36.9,35.8,35.8
1/30/2004,36.9,36.9,36.9
1/29/2004,35.2,35.2,35.2
1/28/2004,33.6,33.6,33.6
1/27/2004,33.2,33.2,33.2
1/16/2004,31.7,30.2,31.7
1/15/2004,30.2,30.1,30.2
1/14/2004,30.1,30,30
1/13/2004,30,29.7,30
1/12/2004,30.1,30,30.1
1/9/2004,30,30,30
1/8/2004,30,29.5,30
1/7/2004,29.5,29.5,29.5
1/6/2004,30,29.1,30
1/5/2004,29.3,29.3,29.3
12/31/2003,29.3,29.2,29.3
12/30/2003,29.2,29.2,29.2
12/29/2003,29.2,28.7,29.2
12/26/2003,28.9,28.7,28.7
12/25/2003,29.1,28.9,28.9
12/24/2003,29.1,29.1,29.1
12/23/2003,29.2,29.1,29.1
12/22/2003,29.2,29.2,29.2
12/19/2003,29.2,29.2,29.2
12/18/2003,29.2,29.2,29.2
12/17/2003,29.2,28.8,29.2
12/16/2003,28.8,28.6,28.8
12/15/2003,28.6,28.6,28.6
12/12/2003,28.8,28.6,28.6
12/11/2003,29,29,29
12/10/2003,28.9,28.5,28.9
12/9/2003,28.5,28.2,28.5
12/8/2003,28.5,28.5,28.5
12/5/2003,29,28.5,28.5
12/4/2003,28.5,28.5,28.5
12/3/2003,28.7,28.5,28.5
12/2/2003,28.7,28.7,28.7
12/1/2003,28.7,28.6,28.7
11/28/2003,28.6,28.5,28.6
11/27/2003,28.5,28.3,28.5
11/26/2003,28.3,28,28.3
11/25/2003,29,28.9,28.9
11/24/2003,29,28.9,28.9
11/21/2003,28.8,28.4,28.8
11/20/2003,28.4,28.1,28.4
11/19/2003,28,27.1,28
11/18/2003,27.5,26.4,27.5
11/17/2003,28.6,27.7,27.7
11/14/2003,29.1,29.1,29.1
11/13/2003,27.8,27.8,27.8
11/12/2003,26.5,26.2,26.5
11/11/2003,25.8,25.6,25.8
11/10/2003,25.5,25,25.5
11/7/2003,25,24.8,25
11/6/2003,25,24.8,24.8
11/5/2003,24.6,24.5,24.6
11/4/2003,24.9,24.5,24.5
11/3/2003,24.7,24.5,24.7
10/31/2003,24.5,23.8,24.5
10/30/2003,23.8,23.8,23.8
10/29/2003,24,23.8,23.8
10/28/2003,23.8,23.6,23.8
10/27/2003,23.6,23.6,23.6
10/24/2003,23.6,23.3,23.6
10/23/2003,23.3,23.2,23.3
10/22/2003,23.2,23.2,23.2
10/21/2003,23.4,23.4,23.4
10/20/2003,23.4,23.4,23.4
10/17/2003,23.7,23.6,23.6
10/16/2003,24.1,24.1,24.1
10/15/2003,24.1,24.1,24.1
10/14/2003,24.1,24.1,24.1
10/13/2003,24.1,24,24.1
10/10/2003,24,23.6,24
10/9/2003,24.1,24.1,24.1
10/8/2003,24.1,24.1,24.1
10/7/2003,24.3,24.1,24.1
10/6/2003,24.6,24.1,24.1
10/3/2003,24.3,24.2,24.3
10/2/2003,24,23.7,24
10/1/2003,24,24,24
9/30/2003,24,24,24
9/29/2003,23.8,23.7,23.8
9/26/2003,23.7,23.7,23.7
9/25/2003,24,23.6,23.6
9/24/2003,23.5,23.5,23.5
9/23/2003,23.4,23.4,23.4
9/22/2003,23.4,23.1,23.4
9/19/2003,23.8,23.1,23.1
9/18/2003,24,23.8,23.8
9/17/2003,24,24,24
9/16/2003,24,24,24
9/15/2003,24,23.8,24
9/12/2003,23.8,23.7,23.8
9/11/2003,23.7,23.7,23.7
9/10/2003,23.7,23.6,23.7
9/9/2003,23.6,23.6,23.6
9/8/2003,23.6,23.6,23.6
9/5/2003,23.6,23.6,23.6
9/4/2003,23.6,23.6,23.6
9/3/2003,24,23.6,23.6
8/29/2003,24,23.5,24
8/28/2003,23.5,23.4,23.5
8/27/2003,23.4,23.4,23.4
8/26/2003,23.3,23.3,23.3
8/25/2003,23.3,23.3,23.3
8/22/2003,23.3,23.3,23.3
8/21/2003,23.3,23.3,23.3
8/20/2003,23.3,23.2,23.3
8/19/2003,23.5,23.3,23.5
8/18/2003,23.3,23.3,23.3
8/15/2003,23.3,23.2,23.3
8/14/2003,23.2,23.2,23.2
8/13/2003,23.2,23.2,23.2
8/12/2003,23.2,23.2,23.2
8/11/2003,23.2,23.2,23.2
8/8/2003,23.2,23,23.2
8/7/2003,23.3,23.2,23.3
8/6/2003,23.2,23.2,23.2
8/5/2003,23.2,23.2,23.2
8/4/2003,23.2,23.2,23.2
8/1/2003,23.2,22.2,23.2
7/31/2003,23,23,23
7/30/2003,23,23,23
7/29/2003,23.2,23,23
7/28/2003,23.5,23.5,23.5
7/25/2003,24.1,24.1,24.1
7/24/2003,24.9,24.1,24.1
7/23/2003,24.9,24.9,24.9
7/22/2003,25,25,25
7/21/2003,25,25,25
7/18/2003,25.2,25,25
7/17/2003,25.4,25.2,25.2
7/16/2003,25.4,25.4,25.4
7/15/2003,25.4,25.4,25.4
7/14/2003,25.6,25.4,25.4
7/11/2003,25.6,25.4,25.6
7/10/2003,25.4,25.4,25.4
7/9/2003,25.5,25.4,25.4
7/8/2003,25.5,25.5,25.5
7/7/2003,25.6,25.5,25.5
7/4/2003,25.6,25.6,25.6
7/3/2003,25.6,25.6,25.6
7/2/2003,25.6,25.6,25.6
7/1/2003,25.6,25.6,25.6
6/30/2003,25.6,25.6,25.6
6/27/2003,25.8,25.6,25.6
6/26/2003,26.8,25.2,25.2
6/25/2003,26.8,26.8,26.8
6/24/2003,26.8,26.8,26.8
6/23/2003,26.7,26.6,26.6
6/20/2003,26.7,26.6,26.7
6/19/2003,26.9,26.5,26.5
6/18/2003,27,26.9,26.9
6/17/2003,27,27,27
6/16/2003,27.1,27,27
6/13/2003,27.1,27.1,27.1
6/12/2003,27.2,27.1,27.1
6/11/2003,27.2,27.2,27.2
6/10/2003,27.3,27.2,27.2
6/9/2003,27.2,27.1,27.2
6/6/2003,27.1,27.1,27.1
6/5/2003,27.1,27,27.1
6/4/2003,27.1,27,27
6/3/2003,27.1,27,27.1
6/2/2003,27.3,27.1,27.1
5/30/2003,27.3,27.3,27.3
5/29/2003,27.3,27.3,27.3
5/28/2003,27.3,27.1,27.3
5/27/2003,27.1,27,27.1
5/26/2003,27,27,27
5/23/2003,27,27,27
5/22/2003,27,26.6,27
5/21/2003,27,26.6,26.6
5/20/2003,27,27,27
5/19/2003,27.5,27.5,27.5
5/16/2003,27.7,27.7,27.7
5/15/2003,27.7,27.7,27.7
5/14/2003,28,28,28
5/13/2003,28,28,28
5/12/2003,28,28,28
5/9/2003,27.5,27.5,27.5
5/8/2003,27,27,27
5/7/2003,26.7,26.7,26.7
5/6/2003,26.5,26.5,26.5
5/5/2003,26.4,26.4,26.4
4/29/2003,26.2,26.2,26.2
4/28/2003,26.3,26.3,26.3
4/25/2003,26.3,26.3,26.3
4/24/2003,26.3,26.3,26.3
4/23/2003,26.1,26.1,26.1
4/22/2003,26,26,26
4/21/2003,26,26,26
4/18/2003,26,26,26
4/17/2003,25.4,25.4,25.4
4/16/2003,25.4,25.4,25.4
4/15/2003,25.4,25.4,25.4
4/14/2003,25.4,25.4,25.4
4/11/2003,25.4,25.4,25.4
4/10/2003,25.1,25.1,25.1
4/9/2003,25.1,25.1,25.1
4/8/2003,25.6,25.6,25.6
4/7/2003,25.8,25.8,25.8
4/4/2003,25.8,25.8,25.8
4/3/2003,25.8,25.8,25.8
4/2/2003,25.3,25.3,25.3
4/1/2003,24.3,24.3,24.3
3/31/2003,24.1,24.1,24.1
3/28/2003,25,25,25
3/27/2003,25.3,25.3,25.3
3/26/2003,25.4,25.4,25.4
3/25/2003,25.3,25.3,25.3
3/24/2003,25.1,25.1,25.1
3/21/2003,25.8,25.8,25.8
3/20/2003,25.8,25.8,25.8
3/19/2003,26.1,26.1,26.1
3/18/2003,26.1,26.1,26.1
3/17/2003,26.1,26.1,26.1
3/14/2003,26.1,26.1,26.1
3/13/2003,26.1,26.1,26.1
3/12/2003,26.1,26.1,26.1
3/11/2003,26.1,26.1,26.1
3/10/2003,26.1,26.1,26.1
3/7/2003,26,26,26
3/6/2003,25.6,25.6,25.6
3/5/2003,25.6,25.6,25.6
3/4/2003,26.5,26.5,26.5
3/3/2003,26.5,26.5,26.5
2/28/2003,25.3,25.3,25.3
2/27/2003,24.9,24.9,24.9
2/26/2003,24.9,24.9,24.9
2/25/2003,24.8,24.8,24.8
2/24/2003,24.9,24.9,24.9
2/21/2003,24.9,24.9,24.9
2/20/2003,24.9,24.9,24.9
2/19/2003,25.5,25.5,25.5
2/18/2003,25.5,25.5,25.5
2/17/2003,25.5,25.5,25.5
2/14/2003,25.6,25.6,25.6
2/13/2003,24.4,24.4,24.4
2/12/2003,23.3,23.3,23.3
2/11/2003,24.5,24.5,24.5
2/10/2003,25.7,25.7,25.7
1/28/2003,27,27,27
1/27/2003,28.4,28.4,28.4
1/24/2003,28,28,28
1/23/2003,27.2,27.2,27.2
1/22/2003,27.2,27.2,27.2
1/21/2003,27.3,27.3,27.3
1/20/2003,27.5,27.5,27.5
1/17/2003,27.1,27.1,27.1
1/16/2003,27.3,27.3,27.3
1/15/2003,27.3,27.3,27.3
1/14/2003,27.4,27.4,27.4
1/13/2003,27.4,27.4,27.4
1/10/2003,27.6,27.6,27.6
1/9/2003,27.4,27.4,27.4
1/8/2003,27.5,27.5,27.5
1/7/2003,27.5,27.5,27.5
1/6/2003,27.6,27.6,27.6
1/3/2003,28,28,28
1/2/2003,28,28,28
12/31/2002,28,28,28
12/30/2002,28,28,28
12/27/2002,27.3,27.3,27.3
12/26/2002,29.1,29.1,29.1
12/25/2002,29.2,29.2,29.2
12/24/2002,29.1,29.1,29.1
12/23/2002,29.2,29.2,29.2
12/20/2002,29.5,29.5,29.5
12/19/2002,29.5,29.5,29.5
12/18/2002,29.5,29.5,29.5
12/17/2002,29.5,29.5,29.5
12/16/2002,29.5,29.5,29.5
12/13/2002,29.3,29.3,29.3
12/12/2002,29,29,29
12/11/2002,29,29,29
12/10/2002,29,29,29
12/9/2002,28.8,28.8,28.8
12/6/2002,29,29,29
12/5/2002,29,29,29
12/4/2002,29,29,29
12/3/2002,28.7,28.7,28.7
12/2/2002,28,28,28
11/29/2002,27.6,27.6,27.6
11/28/2002,27.5,27.5,27.5
11/27/2002,27.5,27.5,27.5
11/26/2002,27.5,27.5,27.5
11/25/2002,27.5,27.5,27.5
11/22/2002,27.5,27.5,27.5
11/21/2002,27.6,27.6,27.6
11/20/2002,27.6,27.6,27.6
11/19/2002,27.4,27.4,27.4
11/18/2002,27.4,27.4,27.4
11/15/2002,27.6,27.6,27.6
11/14/2002,27.6,27.6,27.6
11/13/2002,27.6,27.6,27.6
11/12/2002,27.9,27.9,27.9
11/11/2002,27.9,27.9,27.9
11/8/2002,27.6,27.6,27.6
11/7/2002,27.4,27.4,27.4
11/6/2002,28,28,28
11/5/2002,27.8,27.8,27.8
11/4/2002,28,28,28
11/1/2002,28,28,28
10/31/2002,28,28,28
10/30/2002,28,28,28
10/29/2002,28,28,28
10/28/2002,28,28,28
10/25/2002,27.7,27.7,27.7
10/24/2002,27.6,27.6,27.6
10/23/2002,27.7,27.7,27.7
10/22/2002,27.7,27.7,27.7
10/21/2002,27.8,27.8,27.8
10/18/2002,28,28,28
10/17/2002,28,28,28
10/16/2002,28.1,28.1,28.1
10/15/2002,28.2,28.2,28.2
10/14/2002,28.1,28.1,28.1
10/11/2002,28,28,28
10/10/2002,28.1,28.1,28.1
10/9/2002,28.4,28.4,28.4
10/8/2002,27.8,27.8,27.8
10/7/2002,28,28,28
10/4/2002,28.4,28.4,28.4
10/3/2002,28.4,28.4,28.4
10/2/2002,28.4,28.4,28.4
10/1/2002,28.4,28.4,28.4
9/30/2002,28.4,28.4,28.4
9/27/2002,28.5,28.5,28.5
9/26/2002,28.6,28.6,28.6
9/25/2002,28.5,28.5,28.5
9/24/2002,28.2,28.2,28.2
9/23/2002,28.8,28.8,28.8
9/20/2002,28.8,28.8,28.8
9/19/2002,28.3,28.3,28.3
9/18/2002,28,28,28
9/17/2002,28.5,28.5,28.5
9/16/2002,28.5,28.5,28.5
9/13/2002,28.4,28.4,28.4
9/12/2002,28.5,28.5,28.5
9/11/2002,28.5,28.5,28.5
9/10/2002,28.8,28.8,28.8
9/9/2002,28.8,28.8,28.8
9/6/2002,28.8,28.8,28.8
9/5/2002,29,29,29
9/4/2002,29,29,29
9/3/2002,28.9,28.9,28.9
8/30/2002,29,29,29
8/29/2002,28.8,28.8,28.8
8/28/2002,28.7,28.7,28.7
8/27/2002,28.5,28.5,28.5
8/26/2002,28.7,28.7,28.7
8/23/2002,28.7,28.7,28.7
8/22/2002,28.8,28.8,28.8
8/21/2002,28.8,28.8,28.8
8/20/2002,28.8,28.8,28.8
8/19/2002,28.8,28.8,28.8
8/16/2002,28.5,28.5,28.5
8/15/2002,28.2,28.2,28.2
8/14/2002,28.1,28.1,28.1
8/13/2002,28.1,28.1,28.1
8/12/2002,28.2,28.2,28.2
8/9/2002,28,28,28
8/8/2002,28.6,28.6,28.6
8/7/2002,29,29,29
8/6/2002,29.2,29.2,29.2
8/5/2002,28.7,28.7,28.7
8/2/2002,29.1,29.1,29.1
8/1/2002,29.4,29.4,29.4
7/31/2002,29.7,29.7,29.7
7/30/2002,29.5,29.5,29.5
7/29/2002,29,29,29
7/26/2002,28.8,28.8,28.8
7/25/2002,28.6,28.6,28.6
7/24/2002,28.6,28.6,28.6
7/23/2002,28.1,28.1,28.1
7/22/2002,27.6,27.6,27.6
7/19/2002,27.5,27.5,27.5
7/18/2002,27.4,27.4,27.4
7/17/2002,27.9,27.9,27.9
7/16/2002,28.2,28.2,28.2
7/15/2002,28.2,28.2,28.2
7/12/2002,28.6,28.6,28.6
7/11/2002,28.4,28.4,28.4
7/10/2002,28.6,28.6,28.6
7/9/2002,29,29,29
7/8/2002,29.3,29.3,29.3
7/5/2002,29.3,29.3,29.3
7/4/2002,29.3,29.3,29.3
7/3/2002,29.5,29.5,29.5
7/2/2002,29.5,29.5,29.5
7/1/2002,29.5,29.5,29.5
6/28/2002,29.8,29.8,29.8
6/27/2002,29.5,29.5,29.5
6/26/2002,29.7,29.7,29.7
6/25/2002,30.4,30.4,30.4
6/24/2002,29.9,29.9,29.9
6/21/2002,29.4,29.4,29.4
6/20/2002,28.9,28.9,28.9
6/19/2002,29.3,29.3,29.3
6/18/2002,29.8,29.8,29.8
6/17/2002,30.4,30.4,30.4
6/14/2002,31,31,31
6/13/2002,31.2,31.2,31.2
6/12/2002,31.4,31.4,31.4
6/11/2002,31.5,31.5,31.5
6/10/2002,31.5,31.5,31.5
6/7/2002,31.5,31.5,31.5
6/6/2002,31.5,31.5,31.5
6/5/2002,31.5,31.5,31.5
6/4/2002,31.5,31.5,31.5
6/3/2002,32,32,32
5/31/2002,32,32,32
5/30/2002,31.4,31.4,31.4
5/29/2002,31.4,31.4,31.4
5/28/2002,31.4,31.4,31.4
5/27/2002,31.4,31.4,31.4
5/24/2002,31.4,31.4,31.4
5/23/2002,31.2,31.2,31.2
5/22/2002,31.3,31.3,31.3
5/21/2002,31,31,31
5/20/2002,30.7,30.7,30.7
5/17/2002,30.8,30.8,30.8
5/16/2002,31,31,31
5/15/2002,31.2,31.2,31.2
5/14/2002,31.8,31.8,31.8
5/13/2002,31.8,31.8,31.8
5/10/2002,31.3,31.3,31.3
5/9/2002,30.7,30.7,30.7
5/8/2002,30.1,30.1,30.1
5/7/2002,30.5,30.5,30.5
5/6/2002,31.1,31.1,31.1
5/3/2002,30.5,30.5,30.5
5/2/2002,30,30,30
